task,models,n_models,round,estimator,method,status,n_evaluation,n_matched,n_scored,coverage,reference_model,reference_mode,cell,output_temperature,accuracy,reference_accuracy,delta_accuracy,ece,reference_ece,delta_ece,auarc,reference_auarc,delta_auarc,auroc,reference_auroc,delta_auroc,brier,reference_brier,delta_brier,nll,reference_nll,delta_nll,t_brier,reference_t_brier,delta_t_brier,t_ece,reference_t_ece,delta_t_ece
boolq,g2-9i|g3-12i,2,1,cons,mean,fixed,2319,2319,2319,1.0,g2-9i,initial_fit_accuracy,g2-9i+g3-12i--s70v0--7af6a3f9,1.0384808327436623,0.8745148771021992,0.8745148771021992,0.0,0.011819031191918097,0.035748167313497316,-0.02392913612157922,0.9109578341642501,0.8978783444391497,0.013079489725100424,0.6550399221890102,0.6001841910842703,0.05485573110473985,0.10072951104403781,0.11182813473240381,-0.011098623688366005,0.34675559449343507,0.37898840092467767,-0.0322328064312426,0.10071221147634404,0.11140738844138336,-0.010695176965039313,0.0128896336792455,0.03325834931377558,-0.020368715634530084
boolq,g2-9i|g3-12i,2,1,cons,logodds_sum,fixed,2319,2319,2319,1.0,g2-9i,initial_fit_accuracy,g2-9i+g3-12i--s70v0--7af6a3f9,2.1171667241174883,0.8745148771021992,0.8745148771021992,0.0,0.09481279419092348,0.035748167313497316,0.05906462687742616,0.9109711766609297,0.8978783444391497,0.013092832221780037,0.6551492168066315,0.6001841910842703,0.05496502572236117,0.1109222280358305,0.11182813473240381,-0.0009059066965733109,0.47730179879596335,0.37898840092467767,0.09831339787128568,0.1009628668598794,0.11140738844138336,-0.010444521581503954,0.017014704129978783,0.03325834931377558,-0.016243645183796798
boolq,g2-9i|g3-12i,2,1,cons,logodds_mean,fixed,2319,2319,2319,1.0,g2-9i,initial_fit_accuracy,g2-9i+g3-12i--s70v0--7af6a3f9,1.0585833664281155,0.8745148771021992,0.8745148771021992,0.0,0.014565149657969848,0.035748167313497316,-0.021183017655527468,0.9109711766609297,0.8978783444391497,0.013092832221780037,0.6551492168066315,0.6001841910842703,0.05496502572236117,0.10107343229283834,0.11182813473240381,-0.010754702439565472,0.34771908260104656,0.37898840092467767,-0.03126931832363111,0.10096286686056297,0.11140738844138336,-0.01044452158082039,0.017014704774232677,0.03325834931377558,-0.016243644539542905
boolq,g2-9i|g3-12i,2,1,cons,shared_rho,fitted,2319,2319,2319,1.0,g2-9i,initial_fit_accuracy,g2-9i+g3-12i--s70v0--7af6a3f9,1.8260671840179676,0.8745148771021992,0.8745148771021992,0.0,0.08546213350433296,0.035748167313497316,0.049713966190835644,0.9109711766609297,0.8978783444391497,0.013092832221780037,0.6551492168066315,0.6001841910842703,0.05496502572236117,0.10866251505407656,0.11182813473240381,-0.00316561967832725,0.42777312747483315,0.37898840092467767,0.04878472655015548,0.1009628668589884,0.11140738844138336,-0.01044452158239495,0.01701470329022135,0.03325834931377558,-0.016243646023554232
boolq,g2-9i|g3-12i,2,1,cons,shared_scale,fitted,2319,2319,2319,1.0,g2-9i,initial_fit_accuracy,g2-9i+g3-12i--s70v0--7af6a3f9,1.0000000111816811,0.8745148771021992,0.8745148771021992,0.0,0.01701470080010027,0.035748167313497316,-0.018733466513397044,0.9109711766609297,0.8978783444391497,0.013092832221780037,0.6551492168066315,0.6001841910842703,0.05496502572236117,0.10096286685634716,0.11182813473240381,-0.010865267876056656,0.3475364789030796,0.37898840092467767,-0.03145192202159808,0.10096286685819819,0.11140738844138336,-0.010444521583185165,0.01701470254544296,0.03325834931377558,-0.01624364676833262
boolq,g2-9i|g3-12i,2,1,cons,kahn,fitted,2319,2319,2319,1.0,g2-9i,initial_fit_accuracy,g2-9i+g3-12i--s70v0--7af6a3f9,1.2048809348662626,0.8745148771021992,0.8745148771021992,0.0,0.034671033834147734,0.035748167313497316,-0.0010771334793495818,0.9111042983777344,0.8978783444391497,0.013225953938584722,0.6562557189044104,0.6001841910842703,0.05607152782014002,0.10460349333783114,0.11182813473240381,-0.00722464139457267,0.35833514053000964,0.37898840092467767,-0.020653260394668027,0.1035969466821509,0.11140738844138336,-0.007810441759232456,0.026994266948548534,0.03325834931377558,-0.006264082365227047
boolq,g2-9i|g3-12i,2,1,cons,blp,fitted,2319,2319,2319,1.0,g2-9i,initial_fit_accuracy,g2-9i+g3-12i--s70v0--7af6a3f9,1.002179540732381,0.8745148771021992,0.8745148771021992,0.0,0.010179730505425652,0.035748167313497316,-0.025568436808071665,0.9110871477058912,0.8978783444391497,0.013208803266741453,0.6561184651985603,0.6001841910842703,0.05593427411428997,0.10035715559939266,0.11182813473240381,-0.01147097913301115,0.34584671329558037,0.37898840092467767,-0.033141687629097305,0.10035853191430083,0.11140738844138336,-0.011048856527082526,0.010542547072213646,0.03325834931377558,-0.022715802241561937
boolq,g2-9i|g3-12i,2,1,cons,logistic_pool,fitted,2319,2319,2319,1.0,g2-9i,initial_fit_accuracy,g2-9i+g3-12i--s70v0--7af6a3f9,0.9990160426929499,0.8745148771021992,0.8745148771021992,0.0,0.015562809599469788,0.035748167313497316,-0.020185357714027526,0.9110733634384773,0.8978783444391497,0.013195018999327623,0.6559947674142758,0.6001841910842703,0.05581057633000541,0.10072791486553044,0.11182813473240381,-0.011100219866873373,0.34684558326075243,0.37898840092467767,-0.03214281766392524,0.10072769258266526,0.11140738844138336,-0.0106796958587181,0.015408821206879775,0.03325834931377558,-0.017849528106895808
boolq,g2-9i|g3-12i,2,1,cons,blp_equal,fitted,2319,2319,2319,1.0,g2-9i,initial_fit_accuracy,g2-9i+g3-12i--s70v0--7af6a3f9,1.0018936508838165,0.8745148771021992,0.8745148771021992,0.0,0.012105753387950767,0.035748167313497316,-0.02364241392554655,0.9109578341642501,0.8978783444391497,0.013079489725100424,0.6550399221890102,0.6001841910842703,0.05485573110473985,0.10076051070194872,0.11182813473240381,-0.011067624030455095,0.34680853579608045,0.37898840092467767,-0.03217986512859722,0.10076215363260613,0.11140738844138336,-0.01064523480877723,0.01240377633644686,0.03325834931377558,-0.02085457297732872
boolq,g2-9i|g3-12i,2,1,cons,kahn_diagonal,fitted,2319,2319,2319,1.0,g2-9i,initial_fit_accuracy,g2-9i+g3-12i--s70v0--7af6a3f9,1.2883037665009285,0.8745148771021992,0.8745148771021992,0.0,0.044321718043921224,0.035748167313497316,0.008573550730423908,0.91109991379534,0.8978783444391497,0.013221569356190344,0.6562167456299098,0.6001841910842703,0.05603255454563949,0.10722182440743917,0.11182813473240381,-0.004606310324964641,0.3682178647691199,0.37898840092467767,-0.010770536155557786,0.10552279477758322,0.11140738844138336,-0.005884593663800133,0.036344422182538604,0.03325834931377558,0.003086072868763022
boolq,g2-9i|g3-12i,2,1,cons,reference_stream_target,fixed,2319,2319,2319,1.0,g2-9i,initial_fit_accuracy,g2-9i+g3-12i--s70v0--7af6a3f9,1.16310579257824,0.8745148771021992,0.8745148771021992,0.0,0.035748167313497316,0.035748167313497316,0.0,0.8978783444391497,0.8978783444391497,0.0,0.6001841910842703,0.6001841910842703,0.0,0.11182813473240381,0.11182813473240381,0.0,0.37898840092467767,0.37898840092467767,0.0,0.11140738844138336,0.11140738844138336,0.0,0.03325834931377558,0.03325834931377558,0.0
boolq,g2-9i|g3-12i|phi4mii,3,1,cons,mean,fixed,2319,2319,2319,1.0,g2-9i,initial_fit_accuracy,g2-9i+g3-12i+phi4mii--s70v0--c1cbfcf3,0.9139755948215714,0.8507977576541613,0.8507977576541613,0.0,0.025717502754809583,0.03546787408365672,-0.009750371328847134,0.9289428739425738,0.9052703407627346,0.023672533179839195,0.7694233422885252,0.6975637874308951,0.07185955485763007,0.10545167670184154,0.11743268171146563,-0.011981005009624096,0.3515774681243569,0.39225336889830076,-0.04067590077394384,0.10516873839675374,0.11651837691424143,-0.011349638517487687,0.015926821407886732,0.04330842108219268,-0.02738159967430595
boolq,g2-9i|g3-12i|phi4mii,3,1,cons,logodds_sum,fixed,2319,2319,2319,1.0,g2-9i,initial_fit_accuracy,g2-9i+g3-12i+phi4mii--s70v0--c1cbfcf3,2.8787019750417926,0.8507977576541613,0.8507977576541613,0.0,0.11180593828521891,0.03546787408365672,0.0763380642015622,0.9290451582513096,0.9052703407627346,0.023774817488575017,0.77010303841748,0.6975637874308951,0.07253925098658487,0.12331040429891536,0.11743268171146563,0.00587772258744973,0.5902233609667381,0.39225336889830076,0.19796999206843735,0.10564045103194582,0.11651837691424143,-0.010877925882295608,0.026633645416593396,0.04330842108219268,-0.016674775665599287
boolq,g2-9i|g3-12i|phi4mii,3,1,cons,logodds_mean,fixed,2319,2319,2319,1.0,g2-9i,initial_fit_accuracy,g2-9i+g3-12i+phi4mii--s70v0--c1cbfcf3,0.9595672994754021,0.8507977576541613,0.8507977576541613,0.0,0.02835556894392383,0.03546787408365672,-0.007112305139732888,0.9290451582513096,0.9052703407627346,0.023774817488575017,0.77010303841748,0.6975637874308951,0.07253925098658487,0.1056416445163432,0.11743268171146563,-0.011791037195122436,0.3519362074149596,0.39225336889830076,-0.040317161483341135,0.10564045107113637,0.11651837691424143,-0.010877925843105055,0.02663364437248927,0.04330842108219268,-0.016674776709703413
boolq,g2-9i|g3-12i|phi4mii,3,1,cons,shared_rho,fitted,2319,2319,2319,1.0,g2-9i,initial_fit_accuracy,g2-9i+g3-12i+phi4mii--s70v0--c1cbfcf3,1.9270270537748686,0.8507977576541613,0.8507977576541613,0.0,0.08867913971586713,0.03546787408365672,0.05321126563221042,0.9290451582513096,0.9052703407627346,0.023774817488575017,0.77010303841748,0.6975637874308951,0.07253925098658487,0.11552824855933753,0.11743268171146563,-0.0019044331521280988,0.4340247626385303,0.39225336889830076,0.041771393740229534,0.10564045105929122,0.11651837691424143,-0.010877925854950204,0.026633644688065932,0.04330842108219268,-0.01667477639412675
boolq,g2-9i|g3-12i|phi4mii,3,1,cons,shared_scale,fitted,2319,2319,2319,1.0,g2-9i,initial_fit_accuracy,g2-9i+g3-12i+phi4mii--s70v0--c1cbfcf3,1.0000000050005995,0.8507977576541613,0.8507977576541613,0.0,0.026633644666858976,0.03546787408365672,-0.008834229416797741,0.9290451582513096,0.9052703407627346,0.023774817488575017,0.77010303841748,0.6975637874308951,0.07253925098658487,0.10564045106007258,0.11743268171146563,-0.011792230651393051,0.35112448438402666,0.39225336889830076,-0.0411288845142741,0.10564045105271967,0.11651837691424143,-0.010877925861521753,0.026633644863142607,0.04330842108219268,-0.016674776219050075
boolq,g2-9i|g3-12i|phi4mii,3,1,cons,kahn,fitted,2319,2319,2319,1.0,g2-9i,initial_fit_accuracy,g2-9i+g3-12i+phi4mii--s70v0--c1cbfcf3,1.2498766429213581,0.8507977576541613,0.8507977576541613,0.0,0.04808983055890927,0.03546787408365672,0.012621956475252556,0.929751676176426,0.9052703407627346,0.024481335413691352,0.7748001195327675,0.6975637874308951,0.07723633210187242,0.10883514153349652,0.11743268171146563,-0.008597540177969112,0.36541299619779,0.39225336889830076,-0.026840372700510762,0.10678881142607978,0.11651837691424143,-0.009729565488161646,0.040170450005771456,0.04330842108219268,-0.003137971076421227
boolq,g2-9i|g3-12i|phi4mii,3,1,cons,blp,fitted,2319,2319,2319,1.0,g2-9i,initial_fit_accuracy,g2-9i+g3-12i+phi4mii--s70v0--c1cbfcf3,1.0020508709695994,0.8507977576541613,0.8507977576541613,0.0,0.02382780959534357,0.03546787408365672,-0.011640064488313145,0.9296788749187958,0.9052703407627346,0.024408534156061146,0.7742610501891137,0.6975637874308951,0.07669726275821864,0.10356803426284775,0.11743268171146563,-0.013864647448617887,0.345877105226652,0.39225336889830076,-0.046376263671648765,0.10356547300638827,0.11651837691424143,-0.012952903907853155,0.02397383590679583,0.04330842108219268,-0.019334585175396855
boolq,g2-9i|g3-12i|phi4mii,3,1,cons,logistic_pool,fitted,2319,2319,2319,1.0,g2-9i,initial_fit_accuracy,g2-9i+g3-12i+phi4mii--s70v0--c1cbfcf3,0.9984486759081787,0.8507977576541613,0.8507977576541613,0.0,0.032943290072156156,0.03546787408365672,-0.0025245840115005608,0.9296867369405335,0.9052703407627346,0.024416396177798894,0.7743665202780895,0.6975637874308951,0.07680273284719441,0.10426052526485051,0.11743268171146563,-0.013172156446615124,0.3486073535923873,0.39225336889830076,-0.043646015305913444,0.10426382227445984,0.11651837691424143,-0.01225455463978159,0.03283062411578579,0.04330842108219268,-0.01047779696640689
boolq,g2-9i|g3-12i|phi4mii,3,1,cons,blp_equal,fitted,2319,2319,2319,1.0,g2-9i,initial_fit_accuracy,g2-9i+g3-12i+phi4mii--s70v0--c1cbfcf3,1.000974801744203,0.8507977576541613,0.8507977576541613,0.0,0.017764292992078254,0.03546787408365672,-0.017703581091578463,0.9289428739425738,0.9052703407627346,0.023672533179839195,0.7694233422885252,0.6975637874308951,0.07185955485763007,0.10516222156866498,0.11743268171146563,-0.012270460142800657,0.34926261771696626,0.39225336889830076,-0.0429907511813345,0.10516206368603294,0.11651837691424143,-0.011356313228208487,0.017867690614619354,0.04330842108219268,-0.02544073046757333
boolq,g2-9i|g3-12i|phi4mii,3,1,cons,kahn_diagonal,fitted,2319,2319,2319,1.0,g2-9i,initial_fit_accuracy,g2-9i+g3-12i+phi4mii--s70v0--c1cbfcf3,1.5720527332139917,0.8507977576541613,0.8507977576541613,0.0,0.07543231826279836,0.03546787408365672,0.03996444417914165,0.9297416073969312,0.9052703407627346,0.02447126663419663,0.7746126171523662,0.6975637874308951,0.07704882972147109,0.11744056685081587,0.11743268171146563,7.885139350238823e-06,0.41239800383214475,0.39225336889830076,0.020144634933843997,0.11176669700447055,0.11651837691424143,-0.004751679909770878,0.057109284854693985,0.04330842108219268,0.013800863772501303
boolq,g2-9i|g3-12i|phi4mii,3,1,cons,reference_stream_target,fixed,2319,2319,2319,1.0,g2-9i,initial_fit_accuracy,g2-9i+g3-12i+phi4mii--s70v0--c1cbfcf3,1.150229757956624,0.8507977576541613,0.8507977576541613,0.0,0.03546787408365672,0.03546787408365672,0.0,0.9052703407627346,0.9052703407627346,0.0,0.6975637874308951,0.6975637874308951,0.0,0.11743268171146563,0.11743268171146563,0.0,0.39225336889830076,0.39225336889830076,0.0,0.11651837691424143,0.11651837691424143,0.0,0.04330842108219268,0.04330842108219268,0.0
boolq,g2-9i|phi4mii,2,1,cons,mean,fixed,2319,2318,2318,0.9995687796463993,g2-9i,initial_fit_accuracy,g2-9i+phi4mii--s70v0--0c710de5,0.9878704466845872,0.8408796895213454,0.8408796895213454,0.0,0.022965199884840838,0.02976704055220079,-0.006801840667359952,0.9146241873714647,0.8955511497360807,0.019073037635383927,0.7356319201981143,0.688711186752709,0.04692073344540526,0.11744146055027976,0.11975985044578658,-0.0023183898955068116,0.38335351159166464,0.39884226657483085,-0.015488754983166209,0.11739597983990077,0.11919852560789623,-0.0018025457679954615,0.021192799169129427,0.029201975913322877,-0.00800917674419345
boolq,g2-9i|phi4mii,2,1,cons,logodds_sum,fixed,2319,2318,2318,0.9995687796463993,g2-9i,initial_fit_accuracy,g2-9i+phi4mii--s70v0--0c710de5,2.041428054529663,0.8408796895213454,0.8408796895213454,0.0,0.09933515505249675,0.02976704055220079,0.06956811450029596,0.9146358778561609,0.8955511497360807,0.019084728120080108,0.7357167389016117,0.688711186752709,0.047005552148902674,0.12933835644959948,0.11975985044578658,0.009578506003812909,0.4787959191786436,0.39884226657483085,0.07995365260381276,0.11822164246738387,0.11919852560789623,-0.0009768831405123635,0.02974327665731272,0.029201975913322877,0.0005413007439898435
boolq,g2-9i|phi4mii,2,1,cons,logodds_mean,fixed,2319,2318,2318,0.9995687796463993,g2-9i,initial_fit_accuracy,g2-9i+phi4mii--s70v0--0c710de5,1.020714067341473,0.8408796895213454,0.8408796895213454,0.0,0.02768930533748753,0.02976704055220079,-0.0020777352147132618,0.9146358778561609,0.8955511497360807,0.019084728120080108,0.7357167389016117,0.688711186752709,0.047005552148902674,0.11822325103408425,0.11975985044578658,-0.0015365994117023246,0.38497790112965313,0.39884226657483085,-0.013864365445177718,0.11822164249379384,0.11919852560789623,-0.000976883114102392,0.029743280642292404,0.029201975913322877,0.0005413047289695265
boolq,g2-9i|phi4mii,2,1,cons,shared_rho,fitted,2319,2318,2318,0.9995687796463993,g2-9i,initial_fit_accuracy,g2-9i+phi4mii--s70v0--0c710de5,2.041428054529663,0.8408796895213454,0.8408796895213454,0.0,0.09933515505249675,0.02976704055220079,0.06956811450029596,0.9146358778561609,0.8955511497360807,0.019084728120080108,0.7357167389016117,0.688711186752709,0.047005552148902674,0.12933835644959948,0.11975985044578658,0.009578506003812909,0.4787959191786436,0.39884226657483085,0.07995365260381276,0.11822164246738387,0.11919852560789623,-0.0009768831405123635,0.02974327665731272,0.029201975913322877,0.0005413007439898435
boolq,g2-9i|phi4mii,2,1,cons,shared_scale,fitted,2319,2318,2318,0.9995687796463993,g2-9i,initial_fit_accuracy,g2-9i+phi4mii--s70v0--0c710de5,1.000000002639021,0.8408796895213454,0.8408796895213454,0.0,0.029743277777353822,0.02976704055220079,-2.3762774846967927e-05,0.9146358778561609,0.8955511497360807,0.019084728120080108,0.7357167389016117,0.688711186752709,0.047005552148902674,0.1182216424748107,0.11975985044578658,-0.001538207970975869,0.38525151262202645,0.39884226657483085,-0.013590753952804402,0.11822164247658024,0.11919852560789623,-0.0009768831313159976,0.029743278044945802,0.029201975913322877,0.0005413021316229248
boolq,g2-9i|phi4mii,2,1,cons,kahn,fitted,2319,2318,2318,0.9995687796463993,g2-9i,initial_fit_accuracy,g2-9i+phi4mii--s70v0--0c710de5,1.2515371651699256,0.8408796895213454,0.8408796895213454,0.0,0.0448441966460878,0.02976704055220079,0.015077156093887007,0.9161363656681233,0.8955511497360807,0.020585215932042544,0.7454243090404223,0.688711186752709,0.0567131222877133,0.11902669742690236,0.11975985044578658,-0.0007331530188842139,0.3942220250730569,0.39884226657483085,-0.004620241501773925,0.11750872785321857,0.11919852560789623,-0.0016897977546776605,0.04058581699253573,0.029201975913322877,0.011383841079212854
boolq,g2-9i|phi4mii,2,1,cons,blp,fitted,2319,2318,2318,0.9995687796463993,g2-9i,initial_fit_accuracy,g2-9i+phi4mii--s70v0--0c710de5,1.0011435579306827,0.8408796895213454,0.8408796895213454,0.0,0.02154998406841232,0.02976704055220079,-0.008217056483788471,0.9163206986130026,0.8955511497360807,0.02076954887692184,0.7465255617153401,0.688711186752709,0.05781437496263109,0.11403520245526134,0.11975985044578658,-0.005724647990525231,0.3759792580077663,0.39884226657483085,-0.022863008567064524,0.11403562698995469,0.11919852560789623,-0.005162898617941544,0.021614977416762483,0.029201975913322877,-0.0075869984965603945
boolq,g2-9i|phi4mii,2,1,cons,logistic_pool,fitted,2319,2318,2318,0.9995687796463993,g2-9i,initial_fit_accuracy,g2-9i+phi4mii--s70v0--0c710de5,0.9976426802937506,0.8408796895213454,0.8408796895213454,0.0,0.02573475420673194,0.02976704055220079,-0.004032286345468851,0.9162017777716549,0.8955511497360807,0.02065062803557416,0.7457566315016665,0.688711186752709,0.05704544474895745,0.11488731055884308,0.11975985044578658,-0.0048725398869435,0.3785953864243733,0.39884226657483085,-0.020246880150457558,0.11488761200125731,0.11919852560789623,-0.004310913606638919,0.02610816106626821,0.029201975913322877,-0.0030938148470546663
boolq,g2-9i|phi4mii,2,1,cons,blp_equal,fitted,2319,2318,2318,0.9995687796463993,g2-9i,initial_fit_accuracy,g2-9i+phi4mii--s70v0--0c710de5,1.0009350429827104,0.8408796895213454,0.8408796895213454,0.0,0.02322892346155918,0.02976704055220079,-0.006538117090641612,0.9146241873714647,0.8955511497360807,0.019073037635383927,0.7356319201981143,0.688711186752709,0.04692073344540526,0.11702735806918287,0.11975985044578658,-0.0027324923766037096,0.3824122245538066,0.39884226657483085,-0.01643004202102427,0.11703002060364927,0.11919852560789623,-0.002168505004246965,0.02335442093158213,0.029201975913322877,-0.005847554981740746
boolq,g2-9i|phi4mii,2,1,cons,kahn_diagonal,fitted,2319,2318,2318,0.9995687796463993,g2-9i,initial_fit_accuracy,g2-9i+phi4mii--s70v0--0c710de5,1.2487174110007302,0.8408796895213454,0.8408796895213454,0.0,0.04447932451150506,0.02976704055220079,0.014712283959304271,0.9161363656681233,0.8955511497360807,0.020585215932042544,0.7454243090404223,0.688711186752709,0.0567131222877133,0.11900416201456325,0.11975985044578658,-0.0007556884312233253,0.3941470118021825,0.39884226657483085,-0.004695254772648372,0.11750544900672248,0.11919852560789623,-0.0016930766011737514,0.04105900656800062,0.029201975913322877,0.011857030654677744
boolq,g2-9i|phi4mii,2,1,cons,reference_stream_target,fixed,2319,2318,2318,0.9995687796463993,g2-9i,initial_fit_accuracy,g2-9i+phi4mii--s70v0--0c710de5,1.1671263943355936,0.8408796895213454,0.8408796895213454,0.0,0.02976704055220079,0.02976704055220079,0.0,0.8955511497360807,0.8955511497360807,0.0,0.688711186752709,0.688711186752709,0.0,0.11975985044578658,0.11975985044578658,0.0,0.39884226657483085,0.39884226657483085,0.0,0.11919852560789623,0.11919852560789623,0.0,0.029201975913322877,0.029201975913322877,0.0
boolq,q3-4bi|l31-8bi|g3-12i,3,1,cons,mean,fixed,2319,2278,2278,0.9823199655023717,g3-12i,initial_fit_accuracy,q3-4bi+l31-8bi+g3-12i--s70v0--564167b3,0.9522715660819939,0.8706338939197931,0.8706338939197931,0.0,0.03756828602066477,0.028460637986537866,0.009107648034126902,0.9343795875205364,0.9080907193461867,0.026288868174349722,0.7445112361875595,0.6527912855743631,0.09171995061319649,0.09808249398431247,0.10871500341430103,-0.010632509429988557,0.33577792135993617,0.3699074031362344,-0.03412948177629821,0.09777714161256149,0.10850659593591343,-0.010729454323351942,0.02630015193445591,0.05448495662919165,-0.028184804694735742
boolq,q3-4bi|l31-8bi|g3-12i,3,1,cons,logodds_sum,fixed,2319,2278,2278,0.9823199655023717,g3-12i,initial_fit_accuracy,q3-4bi+l31-8bi+g3-12i--s70v0--564167b3,3.0051475890652704,0.8706338939197931,0.8706338939197931,0.0,0.10666102807616115,0.028460637986537866,0.07820039008962329,0.9345209933529123,0.9080907193461867,0.026430274006725596,0.7455760529183738,0.6527912855743631,0.09278476734401075,0.11365709928119805,0.10871500341430103,0.00494209586689702,0.5825718505370989,0.3699074031362344,0.21266444740086454,0.09796676452161551,0.10850659593591343,-0.010539831414297915,0.035598932614312295,0.05448495662919165,-0.018886024014879356
boolq,q3-4bi|l31-8bi|g3-12i,3,1,cons,logodds_mean,fixed,2319,2278,2278,0.9823199655023717,g3-12i,initial_fit_accuracy,q3-4bi+l31-8bi+g3-12i--s70v0--564167b3,1.0017158535567505,0.8706338939197931,0.8706338939197931,0.0,0.03535713066929038,0.028460637986537866,0.006896492682752515,0.9345209933529123,0.9080907193461867,0.026430274006725596,0.7455760529183738,0.6527912855743631,0.09278476734401075,0.0979620489462325,0.10871500341430103,-0.010752954468068524,0.3349434472049876,0.3699074031362344,-0.03496395593124679,0.09796676449498057,0.10850659593591343,-0.01053983144093286,0.03559893128051652,0.05448495662919165,-0.01888602534867513
boolq,q3-4bi|l31-8bi|g3-12i,3,1,cons,shared_rho,fitted,2319,2278,2278,0.9823199655023717,g3-12i,initial_fit_accuracy,q3-4bi+l31-8bi+g3-12i--s70v0--564167b3,2.296544708537716,0.8706338939197931,0.8706338939197931,0.0,0.09567976238659093,0.028460637986537866,0.06721912440005307,0.9345209933529123,0.9080907193461867,0.026430274006725596,0.7455760529183738,0.6527912855743631,0.09278476734401075,0.10950857538466795,0.10871500341430103,0.0007935719703669186,0.46375764068492037,0.3699074031362344,0.09385023754868599,0.09796676447029923,0.10850659593591343,-0.0105398314656142,0.035598930044551,0.05448495662919165,-0.01888602658464065
boolq,q3-4bi|l31-8bi|g3-12i,3,1,cons,shared_scale,fitted,2319,2278,2278,0.9823199655023717,g3-12i,initial_fit_accuracy,q3-4bi+l31-8bi+g3-12i--s70v0--564167b3,1.0000000038859063,0.8706338939197931,0.8706338939197931,0.0,0.035598929182785295,0.028460637986537866,0.0071382911962474295,0.9345209933529123,0.9080907193461867,0.026430274006725596,0.7455760529183738,0.6527912855743631,0.09278476734401075,0.09796676445309264,0.10871500341430103,-0.010748238961208384,0.33499464467905016,0.3699074031362344,-0.03491275845718422,0.09796676446404064,0.10850659593591343,-0.01053983147187279,0.03559892973114104,0.05448495662919165,-0.018886026898050613
boolq,q3-4bi|l31-8bi|g3-12i,3,1,cons,kahn,fitted,2319,2278,2278,0.9823199655023717,g3-12i,initial_fit_accuracy,q3-4bi+l31-8bi+g3-12i--s70v0--564167b3,1.2615551967546281,0.8706338939197931,0.8706338939197931,0.0,0.03927613392595363,0.028460637986537866,0.010815495939415765,0.9349849683174176,0.9080907193461867,0.02689424897123094,0.7487092869262922,0.6527912855743631,0.09591800135192918,0.10202822704429772,0.10871500341430103,-0.006686776370003311,0.3578032251483742,0.3699074031362344,-0.012104177987860176,0.1013780580133766,0.10850659593591343,-0.007128537922536829,0.04547141940999609,0.05448495662919165,-0.00901353721919556
boolq,q3-4bi|l31-8bi|g3-12i,3,1,cons,blp,fitted,2319,2278,2278,0.9823199655023717,g3-12i,initial_fit_accuracy,q3-4bi+l31-8bi+g3-12i--s70v0--564167b3,1.0009672732298949,0.8706338939197931,0.8706338939197931,0.0,0.027960901342528703,0.028460637986537866,-0.0004997366440091626,0.9349400460374433,0.9080907193461867,0.026849326691256614,0.7483730290112983,0.6527912855743631,0.09558174343693526,0.09728032969925944,0.10871500341430103,-0.011434673715041588,0.33389483323488,0.3699074031362344,-0.036012569901354374,0.09728417762192622,0.10850659593591343,-0.011222418313987209,0.028108159063988173,0.05448495662919165,-0.026376797565203478
boolq,q3-4bi|l31-8bi|g3-12i,3,1,cons,logistic_pool,fitted,2319,2278,2278,0.9823199655023717,g3-12i,initial_fit_accuracy,q3-4bi+l31-8bi+g3-12i--s70v0--564167b3,0.9986063419388096,0.8706338939197931,0.8706338939197931,0.0,0.030544539572916383,0.028460637986537866,0.0020839015863785178,0.9341697059239951,0.9080907193461867,0.026078986577808383,0.7435740250244864,0.6527912855743631,0.09078273945012338,0.09822755962742565,0.10871500341430103,-0.010487443786875383,0.3369385006375684,0.3699074031362344,-0.032968902498665964,0.09822355392419516,0.10850659593591343,-0.010283042011718271,0.03033669023755981,0.05448495662919165,-0.02414826639163184
boolq,q3-4bi|l31-8bi|g3-12i,3,1,cons,blp_equal,fitted,2319,2278,2278,0.9823199655023717,g3-12i,initial_fit_accuracy,q3-4bi+l31-8bi+g3-12i--s70v0--564167b3,0.9997545864438749,0.8706338939197931,0.8706338939197931,0.0,0.02640085294181243,0.028460637986537866,-0.0020597850447254366,0.9343795875205364,0.9080907193461867,0.026288868174349722,0.7445112361875595,0.6527912855743631,0.09171995061319649,0.09822453006137077,0.10871500341430103,-0.010490473352930255,0.33541479295077714,0.3699074031362344,-0.03449261018545724,0.09822332210007656,0.10850659593591343,-0.010283273835836867,0.026365413823234374,0.05448495662919165,-0.028119542805957277
boolq,q3-4bi|l31-8bi|g3-12i,3,1,cons,kahn_diagonal,fitted,2319,2278,2278,0.9823199655023717,g3-12i,initial_fit_accuracy,q3-4bi+l31-8bi+g3-12i--s70v0--564167b3,1.4426708825141683,0.8706338939197931,0.8706338939197931,0.0,0.061438100823662634,0.028460637986537866,0.03297746283712477,0.934998049548165,0.9080907193461867,0.02690733020197833,0.7488093021010084,0.6527912855743631,0.09601801652664532,0.10692893886993274,0.10871500341430103,-0.0017860645443682904,0.389619139507481,0.3699074031362344,0.019711736371246624,0.1052697545401798,0.10850659593591343,-0.0032368413957336306,0.06465333730399636,0.05448495662919165,0.01016838067480471
boolq,q3-4bi|l31-8bi|g3-12i,3,1,cons,reference_stream_target,fixed,2319,2278,2278,0.9823199655023717,g3-12i,initial_fit_accuracy,q3-4bi+l31-8bi+g3-12i--s70v0--564167b3,1.2553065904295369,0.8706338939197931,0.8706338939197931,0.0,0.028460637986537866,0.028460637986537866,0.0,0.9080907193461867,0.9080907193461867,0.0,0.6527912855743631,0.6527912855743631,0.0,0.10871500341430103,0.10871500341430103,0.0,0.3699074031362344,0.3699074031362344,0.0,0.10850659593591343,0.10850659593591343,0.0,0.05448495662919165,0.05448495662919165,0.0
boolq,q3-4bi|q3-8bi,2,1,cons,mean,fixed,2319,2319,2319,1.0,q3-8bi,initial_fit_accuracy,q3-4bi+q3-8bi--s70v0--4c139c6c,1.1709174841374295,0.8650280293229841,0.8650280293229841,0.0,0.026735661923539242,0.037552105792726456,-0.010816443869187214,0.8951172174633588,0.8834888349241488,0.011628382539210058,0.6230899951901484,0.5773374763887252,0.04575251880142317,0.10876335585263072,0.1116351636241675,-0.002871807771536783,0.3712156842030111,0.38418141397479383,-0.01296572977178273,0.10809579066383497,0.11037745756643297,-0.002281666902597998,0.016633179019271634,0.01419301290569753,0.002440166113574104
boolq,q3-4bi|q3-8bi,2,1,cons,logodds_sum,fixed,2319,2319,2319,1.0,q3-8bi,initial_fit_accuracy,q3-4bi+q3-8bi--s70v0--4c139c6c,2.362200959237045,0.8650280293229841,0.8650280293229841,0.0,0.10778571885032806,0.037552105792726456,0.0702336130576016,0.8951186989279987,0.8834888349241488,0.01162986400384991,0.6231011438527867,0.5773374763887252,0.045763667464061464,0.12190972474104426,0.1116351636241675,0.01027456111687676,0.5466388605790891,0.38418141397479383,0.16245744660429523,0.1086986418710038,0.11037745756643297,-0.0016788156954291727,0.018313574370924752,0.01419301290569753,0.004120561465227221
boolq,q3-4bi|q3-8bi,2,1,cons,logodds_mean,fixed,2319,2319,2319,1.0,q3-8bi,initial_fit_accuracy,q3-4bi+q3-8bi--s70v0--4c139c6c,1.1811004719258784,0.8650280293229841,0.8650280293229841,0.0,0.029859493825431873,0.037552105792726456,-0.007692611967294583,0.8951186989279987,0.8834888349241488,0.01162986400384991,0.6231011438527867,0.5773374763887252,0.045763667464061464,0.10958555818193752,0.1116351636241675,-0.0020496054422299848,0.3734280066699253,0.38418141397479383,-0.010753407304868512,0.10869864186232181,0.11037745756643297,-0.0016788157041111584,0.018313573142312804,0.01419301290569753,0.004120560236615273
boolq,q3-4bi|q3-8bi,2,1,cons,shared_rho,fitted,2319,2319,2319,1.0,q3-8bi,initial_fit_accuracy,q3-4bi+q3-8bi--s70v0--4c139c6c,2.161149040417432,0.8650280293229841,0.8650280293229841,0.0,0.10291620569446802,0.037552105792726456,0.06536409990174157,0.8951186989279987,0.8834888349241488,0.01162986400384991,0.6231011438527867,0.5773374763887252,0.045763667464061464,0.12057001156879386,0.1116351636241675,0.008934847944626359,0.5080284505681629,0.38418141397479383,0.1238470365933691,0.10869864192055265,0.11037745756643297,-0.0016788156458803216,0.018313581382705925,0.01419301290569753,0.004120568477008394
boolq,q3-4bi|q3-8bi,2,1,cons,shared_scale,fitted,2319,2319,2319,1.0,q3-8bi,initial_fit_accuracy,q3-4bi+q3-8bi--s70v0--4c139c6c,0.9999999811899685,0.8650280293229841,0.8650280293229841,0.0,0.018313572899602774,0.037552105792726456,-0.019238532893123682,0.8951186989279987,0.8834888349241488,0.01162986400384991,0.6231011438527867,0.5773374763887252,0.045763667464061464,0.10869864186060856,0.1116351636241675,-0.0029365217635589497,0.370034641893345,0.38418141397479383,-0.014146772081448822,0.10869864183553228,0.11037745756643297,-0.0016788157309006874,0.01831356935124947,0.01419301290569753,0.004120556445551938
boolq,q3-4bi|q3-8bi,2,1,cons,kahn,fitted,2319,2319,2319,1.0,q3-8bi,initial_fit_accuracy,q3-4bi+q3-8bi--s70v0--4c139c6c,1.142811272377019,0.8650280293229841,0.8650280293229841,0.0,0.022262010153313423,0.037552105792726456,-0.015290095639413033,0.8951619845431823,0.8834888349241488,0.01167314961903354,0.6234690497198501,0.5773374763887252,0.04613157333112483,0.10994329012287293,0.1116351636241675,-0.0016918735012945718,0.37414210775274187,0.38418141397479383,-0.010039306222051958,0.10959927706859485,0.11037745756643297,-0.0007781804978381213,0.026304075894463368,0.01419301290569753,0.012111062988765837
boolq,q3-4bi|q3-8bi,2,1,cons,blp,fitted,2319,2319,2319,1.0,q3-8bi,initial_fit_accuracy,q3-4bi+q3-8bi--s70v0--4c139c6c,1.0006810065478067,0.8650280293229841,0.8650280293229841,0.0,0.015444800798290637,0.037552105792726456,-0.02210730499443582,0.8951819030571688,0.8834888349241488,0.011693068133020068,0.6236235383306948,0.5773374763887252,0.0462860619419696,0.10753746154453224,0.1116351636241675,-0.004097702079635265,0.3672658853846911,0.38418141397479383,-0.016915528590102702,0.10753905534572585,0.11037745756643297,-0.002838402220707123,0.015571160035024212,0.01419301290569753,0.001378147129326681
boolq,q3-4bi|q3-8bi,2,1,cons,logistic_pool,fitted,2319,2319,2319,1.0,q3-8bi,initial_fit_accuracy,q3-4bi+q3-8bi--s70v0--4c139c6c,0.9994407816541152,0.8650280293229841,0.8650280293229841,0.0,0.018681421940143352,0.037552105792726456,-0.018870683852583104,0.8951945748313839,0.8834888349241488,0.011705739907235113,0.6237254689605305,0.5773374763887252,0.04638799257180526,0.10793238630741835,0.1116351636241675,-0.003702777316749159,0.36830932244344716,0.38418141397479383,-0.015872091531346666,0.10793132263897001,0.11037745756643297,-0.0024461349274629562,0.018581717119036164,0.01419301290569753,0.004388704213338633
boolq,q3-4bi|q3-8bi,2,1,cons,blp_equal,fitted,2319,2319,2319,1.0,q3-8bi,initial_fit_accuracy,q3-4bi+q3-8bi--s70v0--4c139c6c,1.000808673339123,0.8650280293229841,0.8650280293229841,0.0,0.0170027981366855,0.037552105792726456,-0.020549307656040957,0.8951172174633588,0.8834888349241488,0.011628382539210058,0.6230899951901484,0.5773374763887252,0.04575251880142317,0.10804881772351618,0.1116351636241675,-0.003586345900651322,0.36826750618980875,0.38418141397479383,-0.015913907784985082,0.10805043919113812,0.11037745756643297,-0.002327018375294851,0.017141973895166574,0.01419301290569753,0.0029489609894690436
boolq,q3-4bi|q3-8bi,2,1,cons,kahn_diagonal,fitted,2319,2319,2319,1.0,q3-8bi,initial_fit_accuracy,q3-4bi+q3-8bi--s70v0--4c139c6c,1.1677919799760872,0.8650280293229841,0.8650280293229841,0.0,0.02703986974623827,0.037552105792726456,-0.010512236046488186,0.8951945748313839,0.8834888349241488,0.011705739907235113,0.6237254689605305,0.5773374763887252,0.04638799257180526,0.11104260178744117,0.1116351636241675,-0.0005925618367263324,0.3775529919885165,0.38418141397479383,-0.006628421986277333,0.11048891261666201,0.11037745756643297,0.00011145505022903957,0.03120692066997982,0.01419301290569753,0.017013907764282292
boolq,q3-4bi|q3-8bi,2,1,cons,reference_stream_target,fixed,2319,2319,2319,1.0,q3-8bi,initial_fit_accuracy,q3-4bi+q3-8bi--s70v0--4c139c6c,1.2337876287042708,0.8650280293229841,0.8650280293229841,0.0,0.037552105792726456,0.037552105792726456,0.0,0.8834888349241488,0.8834888349241488,0.0,0.5773374763887252,0.5773374763887252,0.0,0.1116351636241675,0.1116351636241675,0.0,0.38418141397479383,0.38418141397479383,0.0,0.11037745756643297,0.11037745756643297,0.0,0.01419301290569753,0.01419301290569753,0.0
boolq,q3-4bi|q3-8bi|l31-8bi,3,1,cons,mean,fixed,2319,2283,2283,0.9844760672703752,q3-8bi,initial_fit_accuracy,q3-4bi+q3-8bi+l31-8bi--s70v0--c60188a0,0.9354051362479138,0.8710651142733937,0.8710651142733937,0.0,0.020431206501991633,0.030551905387647346,-0.010120698885655713,0.915970834164193,0.8954834977178491,0.02048733644634393,0.6760423276793524,0.6036024834067951,0.07243984427255723,0.10293907464187631,0.10501228889862266,-0.00207321425674635,0.3534287340196141,0.36480669824324563,-0.01137796422363152,0.10267668479177477,0.10417277117555623,-0.0014960863837814586,0.015274816935139728,0.021157340373652744,-0.0058825234385130164
boolq,q3-4bi|q3-8bi|l31-8bi,3,1,cons,logodds_sum,fixed,2319,2283,2283,0.9844760672703752,q3-8bi,initial_fit_accuracy,q3-4bi+q3-8bi+l31-8bi--s70v0--c60188a0,2.9615821127806994,0.8710651142733937,0.8710651142733937,0.0,0.11082634377460546,0.030551905387647346,0.08027443838695811,0.9160728825924193,0.8954834977178491,0.020589384874570182,0.6767952389936028,0.6036024834067951,0.07319275558680771,0.11692012921086721,0.10501228889862266,0.011907840312244553,0.6533656140197125,0.36480669824324563,0.28855891577646686,0.10239666700448345,0.10417277117555623,-0.0017761041710727815,0.010065350847127829,0.021157340373652744,-0.011091989526524916
boolq,q3-4bi|q3-8bi|l31-8bi,3,1,cons,logodds_mean,fixed,2319,2283,2283,0.9844760672703752,q3-8bi,initial_fit_accuracy,q3-4bi+q3-8bi+l31-8bi--s70v0--c60188a0,0.9871940536365278,0.8710651142733937,0.8710651142733937,0.0,0.012414890879678085,0.030551905387647346,-0.01813701450796926,0.9160728825924193,0.8954834977178491,0.020589384874570182,0.6767952389936028,0.6036024834067951,0.07319275558680771,0.10239789478682669,0.10501228889862266,-0.0026143941117959674,0.3516253270820195,0.36480669824324563,-0.01318137116122614,0.10239666699816993,0.10417277117555623,-0.0017761041773863007,0.010065353354800678,0.021157340373652744,-0.011091987018852067
boolq,q3-4bi|q3-8bi|l31-8bi,3,1,cons,shared_rho,fitted,2319,2283,2283,0.9844760672703752,q3-8bi,initial_fit_accuracy,q3-4bi+q3-8bi+l31-8bi--s70v0--c60188a0,2.247733293810413,0.8710651142733937,0.8710651142733937,0.0,0.10051524629559908,0.030551905387647346,0.06996334090795173,0.9160728825924193,0.8954834977178491,0.020589384874570182,0.6767952389936028,0.6036024834067951,0.07319275558680771,0.11360484276622274,0.10501228889862266,0.008592553867600078,0.511695799957641,0.36480669824324563,0.1468891017143954,0.1023966669974957,0.10417277117555623,-0.001776104178060539,0.010065353622596399,0.021157340373652744,-0.011091986751056345
boolq,q3-4bi|q3-8bi|l31-8bi,3,1,cons,shared_scale,fitted,2319,2283,2283,0.9844760672703752,q3-8bi,initial_fit_accuracy,q3-4bi+q3-8bi+l31-8bi--s70v0--c60188a0,1.0000000151333719,0.8710651142733937,0.8710651142733937,0.0,0.010065351858281255,0.030551905387647346,-0.02048655352936609,0.9160728825924193,0.8954834977178491,0.020589384874570182,0.6767952389936028,0.6036024834067951,0.07319275558680771,0.10239666700193695,0.10501228889862266,-0.0026156218966857103,0.35157105556462365,0.36480669824324563,-0.013235642678621984,0.10239666699605819,0.10417277117555623,-0.001776104179498042,0.010065354193563464,0.021157340373652744,-0.01109198618008928
boolq,q3-4bi|q3-8bi|l31-8bi,3,1,cons,kahn,fitted,2319,2283,2283,0.9844760672703752,q3-8bi,initial_fit_accuracy,q3-4bi+q3-8bi+l31-8bi--s70v0--c60188a0,1.197449494313318,0.8710651142733937,0.8710651142733937,0.0,0.03649715457244864,0.030551905387647346,0.0059452491848012955,0.9166375087380262,0.8954834977178491,0.02115401102017711,0.6810880340267892,0.6036024834067951,0.07748555061999407,0.10537717930115152,0.10501228889862266,0.00036489040252886407,0.3674732988295445,0.36480669824324563,0.0026666005862988618,0.10417781428605481,0.10417277117555623,5.043110498578751e-06,0.025316020469011907,0.021157340373652744,0.004158680095359163
boolq,q3-4bi|q3-8bi|l31-8bi,3,1,cons,blp,fitted,2319,2283,2283,0.9844760672703752,q3-8bi,initial_fit_accuracy,q3-4bi+q3-8bi+l31-8bi--s70v0--c60188a0,1.0013512780769689,0.8710651142733937,0.8710651142733937,0.0,0.01092642634211165,0.030551905387647346,-0.019625479045535695,0.9166158179441012,0.8954834977178491,0.02113232022625211,0.6809182430925961,0.6036024834067951,0.07731575968580096,0.1010704510821466,0.10501228889862266,-0.003941837816476057,0.34839416139356205,0.36480669824324563,-0.01641253684968358,0.10106930395386558,0.10417277117555623,-0.0031034672216906506,0.011127714835047198,0.021157340373652744,-0.010029625538605546
boolq,q3-4bi|q3-8bi|l31-8bi,3,1,cons,logistic_pool,fitted,2319,2283,2283,0.9844760672703752,q3-8bi,initial_fit_accuracy,q3-4bi+q3-8bi+l31-8bi--s70v0--c60188a0,0.9991284286421782,0.8710651142733937,0.8710651142733937,0.0,0.014301263819290748,0.030551905387647346,-0.016250641568356598,0.9163035436068842,0.8954834977178491,0.020820045889035077,0.6789116229612225,0.6036024834067951,0.07530913955442742,0.10153264422111735,0.10501228889862266,-0.003479644677505306,0.34968891100150606,0.36480669824324563,-0.015117787241739566,0.10153373291875324,0.10417277117555623,-0.002639038256802992,0.014275980705215973,0.021157340373652744,-0.006881359668436771
boolq,q3-4bi|q3-8bi|l31-8bi,3,1,cons,blp_equal,fitted,2319,2283,2283,0.9844760672703752,q3-8bi,initial_fit_accuracy,q3-4bi+q3-8bi+l31-8bi--s70v0--c60188a0,1.000063049765888,0.8710651142733937,0.8710651142733937,0.0,0.01096707265505308,0.030551905387647346,-0.019584832732594266,0.915970834164193,0.8954834977178491,0.02048733644634393,0.6760423276793524,0.6036024834067951,0.07243984427255723,0.10249282590728445,0.10501228889862266,-0.002519462991338206,0.351824936587861,0.36480669824324563,-0.012981761655384616,0.10249287807471065,0.10417277117555623,-0.0016798931008455836,0.010965079693394128,0.021157340373652744,-0.010192260680258617
boolq,q3-4bi|q3-8bi|l31-8bi,3,1,cons,kahn_diagonal,fitted,2319,2283,2283,0.9844760672703752,q3-8bi,initial_fit_accuracy,q3-4bi+q3-8bi+l31-8bi--s70v0--c60188a0,1.3454985494223126,0.8710651142733937,0.8710651142733937,0.0,0.052917011870646014,0.030551905387647346,0.022365106482998668,0.916714638254462,0.8954834977178491,0.021231140536612902,0.6816111273088995,0.6036024834067951,0.07800864390210438,0.10851789568630996,0.10501228889862266,0.0035056067876872987,0.3897587241806663,0.36480669824324563,0.024952025937420685,0.10642822790953115,0.10417277117555623,0.0022554567339749115,0.04020865950279726,0.021157340373652744,0.01905131912914452
boolq,q3-4bi|q3-8bi|l31-8bi,3,1,cons,reference_stream_target,fixed,2319,2283,2283,0.9844760672703752,q3-8bi,initial_fit_accuracy,q3-4bi+q3-8bi+l31-8bi--s70v0--c60188a0,1.1804427551031398,0.8710651142733937,0.8710651142733937,0.0,0.030551905387647346,0.030551905387647346,0.0,0.8954834977178491,0.8954834977178491,0.0,0.6036024834067951,0.6036024834067951,0.0,0.10501228889862266,0.10501228889862266,0.0,0.36480669824324563,0.36480669824324563,0.0,0.10417277117555623,0.10417277117555623,0.0,0.021157340373652744,0.021157340373652744,0.0
boolq,q3-4bi|q3-8bi|l31-8bi|g2-9i,4,1,cons,mean,fixed,2319,2281,2281,0.9836136265631737,g2-9i,initial_fit_accuracy,q3-4bi+q3-8bi+l31-8bi+g2-9i--s70v0--4036d0de,0.8386049482203007,0.8801207416990082,0.8801207416990082,0.0,0.03729815139544738,0.04300014613473629,-0.00570199473928891,0.9273708033869665,0.9120845143699696,0.015286289016996912,0.6969639755994338,0.639945711658859,0.05701826394057474,0.09742614677711688,0.11469445662233912,-0.01726830984522225,0.3379790611415584,0.3860653164845521,-0.04808625534299371,0.09599439300395037,0.11401320036376716,-0.0180188073598168,0.019689196284045616,0.05762529637977708,-0.037936100095731465
boolq,q3-4bi|q3-8bi|l31-8bi|g2-9i,4,1,cons,logodds_sum,fixed,2319,2281,2281,0.9836136265631737,g2-9i,initial_fit_accuracy,q3-4bi+q3-8bi+l31-8bi+g2-9i--s70v0--4036d0de,3.636644788411668,0.8801207416990082,0.8801207416990082,0.0,0.10284248509875064,0.04300014613473629,0.059842338964014356,0.9274721018774766,0.9120845143699696,0.015387587507507017,0.6978204398523123,0.639945711658859,0.057874728193453295,0.10937325658800574,0.11469445662233912,-0.0053212000343333815,0.7267395119684146,0.3860653164845521,0.34067419548386246,0.09516216347697437,0.11401320036376716,-0.018851036886792794,0.009855045750733024,0.05762529637977708,-0.04777025062904405
boolq,q3-4bi|q3-8bi|l31-8bi|g2-9i,4,1,cons,logodds_mean,fixed,2319,2281,2281,0.9836136265631737,g2-9i,initial_fit_accuracy,q3-4bi+q3-8bi+l31-8bi+g2-9i--s70v0--4036d0de,0.9091612111873344,0.8801207416990082,0.8801207416990082,0.0,0.02308410790942897,0.04300014613473629,-0.01991603822530732,0.9274721018774766,0.9120845143699696,0.015387587507507017,0.6978204398523123,0.639945711658859,0.057874728193453295,0.09558469966258892,0.11469445662233912,-0.0191097569597502,0.33231680670768443,0.3860653164845521,-0.05374850977686768,0.09516216349355278,0.11401320036376716,-0.018851036870214388,0.009855048281349728,0.05762529637977708,-0.04777024809842735
boolq,q3-4bi|q3-8bi|l31-8bi|g2-9i,4,1,cons,shared_rho,fitted,2319,2281,2281,0.9836136265631737,g2-9i,initial_fit_accuracy,q3-4bi+q3-8bi+l31-8bi+g2-9i--s70v0--4036d0de,2.581301392369464,0.8801207416990082,0.8801207416990082,0.0,0.09469937438663843,0.04300014613473629,0.051699228251902145,0.9274721018774766,0.9120845143699696,0.015387587507507017,0.6978204398523123,0.639945711658859,0.057874728193453295,0.10583907119898638,0.11469445662233912,-0.008855385423352749,0.531966333951876,0.3860653164845521,0.14590101746732387,0.09516216349563995,0.11401320036376716,-0.01885103686812721,0.009855048599946853,0.05762529637977708,-0.04777024777983022
boolq,q3-4bi|q3-8bi|l31-8bi|g2-9i,4,1,cons,shared_scale,fitted,2319,2281,2281,0.9836136265631737,g2-9i,initial_fit_accuracy,q3-4bi+q3-8bi+l31-8bi+g2-9i--s70v0--4036d0de,1.0000000112448773,0.8801207416990082,0.8801207416990082,0.0,0.009855046294075832,0.04300014613473629,-0.033145099840660455,0.9274721018774766,0.9120845143699696,0.015387587507507017,0.6978204398523123,0.639945711658859,0.057874728193453295,0.09516216348052975,0.11469445662233912,-0.019532293141809376,0.32996565445314885,0.3860653164845521,-0.05609966203140326,0.09516216349256792,0.11401320036376716,-0.01885103687119924,0.009855048131015787,0.05762529637977708,-0.04777024824876129
boolq,q3-4bi|q3-8bi|l31-8bi|g2-9i,4,1,cons,kahn,fitted,2319,2281,2281,0.9836136265631737,g2-9i,initial_fit_accuracy,q3-4bi+q3-8bi+l31-8bi+g2-9i--s70v0--4036d0de,1.294998222128593,0.8801207416990082,0.8801207416990082,0.0,0.06041345471193337,0.04300014613473629,0.017413308577197084,0.9293817960344509,0.9120845143699696,0.0172972816644813,0.7116369686090802,0.639945711658859,0.07169125695022116,0.10064822945967616,0.11469445662233912,-0.014046227162662961,0.3593030153528268,0.3860653164845521,-0.026762301131725286,0.09875227287345681,0.11401320036376716,-0.015260927490310355,0.03997163667283367,0.05762529637977708,-0.01765365970694341
boolq,q3-4bi|q3-8bi|l31-8bi|g2-9i,4,1,cons,blp,fitted,2319,2281,2281,0.9836136265631737,g2-9i,initial_fit_accuracy,q3-4bi+q3-8bi+l31-8bi+g2-9i--s70v0--4036d0de,1.003734821098858,0.8801207416990082,0.8801207416990082,0.0,0.01993199129578174,0.04300014613473629,-0.02306815483895455,0.9291133405678151,0.9120845143699696,0.017028826197845515,0.7096212220714213,0.639945711658859,0.06967551041256226,0.09296074244217044,0.11469445662233912,-0.021733714180168687,0.3244904497935433,0.3860653164845521,-0.06157486669100881,0.09296567350301585,0.11401320036376716,-0.021047526860751314,0.018173770103893115,0.05762529637977708,-0.03945152627588396
boolq,q3-4bi|q3-8bi|l31-8bi|g2-9i,4,1,cons,logistic_pool,fitted,2319,2281,2281,0.9836136265631737,g2-9i,initial_fit_accuracy,q3-4bi+q3-8bi+l31-8bi+g2-9i--s70v0--4036d0de,0.9986480904014987,0.8801207416990082,0.8801207416990082,0.0,0.016031444539462057,0.04300014613473629,-0.02696870159527423,0.9292024516779873,0.9120845143699696,0.017117937308017694,0.7103016505406944,0.639945711658859,0.07035593888183533,0.09258228956554979,0.11469445662233912,-0.02211216705678934,0.323525814227742,0.3860653164845521,-0.0625395022568101,0.09258085359468105,0.11401320036376716,-0.02143234676908612,0.015809434089713602,0.05762529637977708,-0.041815862290063475
boolq,q3-4bi|q3-8bi|l31-8bi|g2-9i,4,1,cons,blp_equal,fitted,2319,2281,2281,0.9836136265631737,g2-9i,initial_fit_accuracy,q3-4bi+q3-8bi+l31-8bi+g2-9i--s70v0--4036d0de,1.0016400841877737,0.8801207416990082,0.8801207416990082,0.0,0.02576982558254156,0.04300014613473629,-0.017230320552194728,0.9273708033869665,0.9120845143699696,0.015286289016996912,0.6969639755994338,0.639945711658859,0.05701826394057474,0.09650925240061554,0.11469445662233912,-0.01818520422172358,0.3344515890220888,0.3860653164845521,-0.05161372746246329,0.09651465156110393,0.11401320036376716,-0.01749854880266323,0.025697744537210954,0.05762529637977708,-0.031927551842566126
boolq,q3-4bi|q3-8bi|l31-8bi|g2-9i,4,1,cons,kahn_diagonal,fitted,2319,2281,2281,0.9836136265631737,g2-9i,initial_fit_accuracy,q3-4bi+q3-8bi+l31-8bi+g2-9i--s70v0--4036d0de,1.5147697399077538,0.8801207416990082,0.8801207416990082,0.0,0.08379324950884798,0.04300014613473629,0.04079310337411169,0.9292941101055915,0.9120845143699696,0.017209595735621863,0.7109620127548414,0.639945711658859,0.07101630109598234,0.109284099996838,0.11469445662233912,-0.005410356625501128,0.40573839219756347,0.3860653164845521,0.019673075713011356,0.10509879520713399,0.11401320036376716,-0.008914405156633179,0.060316825321506076,0.05762529637977708,0.002691528941728999
boolq,q3-4bi|q3-8bi|l31-8bi|g2-9i,4,1,cons,reference_stream_target,fixed,2319,2281,2281,0.9836136265631737,g2-9i,initial_fit_accuracy,q3-4bi+q3-8bi+l31-8bi+g2-9i--s70v0--4036d0de,1.1170371396022192,0.8801207416990082,0.8801207416990082,0.0,0.04300014613473629,0.04300014613473629,0.0,0.9120845143699696,0.9120845143699696,0.0,0.639945711658859,0.639945711658859,0.0,0.11469445662233912,0.11469445662233912,0.0,0.3860653164845521,0.3860653164845521,0.0,0.11401320036376716,0.11401320036376716,0.0,0.05762529637977708,0.05762529637977708,0.0
boolq,q3-4bi|q3-8bi|l31-8bi|g2-9i|g3-12i|phi4mii,6,1,cons,mean,fixed,2319,2284,2284,0.9849072876239758,g2-9i,initial_fit_accuracy,q3-4bi+q3-8bi+l31-8bi+g2-9i+g3-12i+phi4mii--s70v0--201a60dc,0.8411281057958967,0.8758085381630013,0.8758085381630013,0.0,0.039986500291746885,0.035026269702276826,0.004960230589470059,0.9402062860239581,0.9185668602915174,0.02163942573244071,0.7518527571719061,0.6808439787163192,0.07100877845558695,0.09504001180378431,0.10655039891029382,-0.011510387106509506,0.3292012517190767,0.3625002238622936,-0.033298972143216865,0.09347569697580373,0.10607332694512235,-0.012597629969318624,0.019305486450989003,0.055678204063342895,-0.03637271761235389
boolq,q3-4bi|q3-8bi|l31-8bi|g2-9i|g3-12i|phi4mii,6,1,cons,logodds_sum,fixed,2319,2284,2284,0.9849072876239758,g2-9i,initial_fit_accuracy,q3-4bi+q3-8bi+l31-8bi+g2-9i+g3-12i+phi4mii--s70v0--201a60dc,5.399874190726256,0.8758085381630013,0.8758085381630013,0.0,0.10878849019578692,0.035026269702276826,0.07376222049351008,0.9404894164252071,0.9185668602915174,0.021922556133689763,0.7537214558491154,0.6808439787163192,0.07287747713279624,0.11191606540442241,0.10655039891029382,0.00536566649412859,0.9990002083895253,0.3625002238622936,0.6364999845272317,0.09360575026954093,0.10607332694512235,-0.012467576675581418,0.020762201987184554,0.055678204063342895,-0.034916002076158345
boolq,q3-4bi|q3-8bi|l31-8bi|g2-9i|g3-12i|phi4mii,6,1,cons,logodds_mean,fixed,2319,2284,2284,0.9849072876239758,g2-9i,initial_fit_accuracy,q3-4bi+q3-8bi+l31-8bi+g2-9i+g3-12i+phi4mii--s70v0--201a60dc,0.9130401314700403,0.8758085381630013,0.8758085381630013,0.0,0.03672143203509888,0.035026269702276826,0.0016951623328220547,0.9404894164252071,0.9185668602915174,0.021922556133689763,0.7537214558491154,0.6808439787163192,0.07287747713279624,0.0939126564924264,0.10655039891029382,-0.012637742417867415,0.324916947574857,0.3625002238622936,-0.03758327628743657,0.09348933047878406,0.10607332694512235,-0.012583996466338288,0.018137535228623946,0.055678204063342895,-0.037540668834718946
boolq,q3-4bi|q3-8bi|l31-8bi|g2-9i|g3-12i|phi4mii,6,1,cons,shared_rho,fitted,2319,2284,2284,0.9849072876239758,g2-9i,initial_fit_accuracy,q3-4bi+q3-8bi+l31-8bi+g2-9i+g3-12i+phi4mii--s70v0--201a60dc,2.6693579720421954,0.8758085381630013,0.8758085381630013,0.0,0.0951909849123783,0.035026269702276826,0.06016471521010148,0.9404894164252071,0.9185668602915174,0.021922556133689763,0.7537214558491154,0.6808439787163192,0.07287747713279624,0.10564087483036701,0.10655039891029382,-0.0009095240799268101,0.5160068310976057,0.3625002238622936,0.15350660723531212,0.09348933049505459,0.10607332694512235,-0.012583996450067761,0.01813753590323678,0.055678204063342895,-0.037540668160106115
boolq,q3-4bi|q3-8bi|l31-8bi|g2-9i|g3-12i|phi4mii,6,1,cons,shared_scale,fitted,2319,2284,2284,0.9849072876239758,g2-9i,initial_fit_accuracy,q3-4bi+q3-8bi+l31-8bi+g2-9i+g3-12i+phi4mii--s70v0--201a60dc,1.0000000050010083,0.8758085381630013,0.8758085381630013,0.0,0.018137535018738,0.035026269702276826,-0.016888734683538825,0.9404894164252071,0.9185668602915174,0.021922556133689763,0.7537214558491154,0.6808439787163192,0.07287747713279624,0.09348933047371899,0.10655039891029382,-0.013061068436574827,0.3214923625871321,0.3625002238622936,-0.041007861275161483,0.09348933047983038,0.10607332694512235,-0.012583996465291972,0.0181375352720065,0.055678204063342895,-0.0375406687913364
boolq,q3-4bi|q3-8bi|l31-8bi|g2-9i|g3-12i|phi4mii,6,1,cons,kahn,fitted,2319,2284,2284,0.9849072876239758,g2-9i,initial_fit_accuracy,q3-4bi+q3-8bi+l31-8bi+g2-9i+g3-12i+phi4mii--s70v0--201a60dc,1.297067660123708,0.8758085381630013,0.8758085381630013,0.0,0.0369003686944747,0.035026269702276826,0.001874098992197877,0.9391036948018807,0.9185668602915174,0.020536834510363366,0.7628816219241751,0.6808439787163192,0.08203764320785589,0.09241893238585037,0.10655039891029382,-0.014131466524443442,0.3247507185802576,0.3625002238622936,-0.03774950528203597,0.09123811020621038,0.10607332694512235,-0.014835216738911972,0.03138632467042062,0.055678204063342895,-0.024291879392922273
boolq,q3-4bi|q3-8bi|l31-8bi|g2-9i|g3-12i|phi4mii,6,1,cons,blp,fitted,2319,2284,2284,0.9849072876239758,g2-9i,initial_fit_accuracy,q3-4bi+q3-8bi+l31-8bi+g2-9i+g3-12i+phi4mii--s70v0--201a60dc,1.001180926950214,0.8758085381630013,0.8758085381630013,0.0,0.017193441626477735,0.035026269702276826,-0.01783282807579909,0.9431204739248996,0.9185668602915174,0.024553613633382265,0.7704432092729965,0.6808439787163192,0.08959923055667729,0.08936850051106082,0.10655039891029382,-0.017181898399232995,0.31018518618302615,0.3625002238622936,-0.05231503767926743,0.08937036099035309,0.10607332694512235,-0.016702965954769264,0.017360235496748307,0.055678204063342895,-0.038317968566594585
boolq,q3-4bi|q3-8bi|l31-8bi|g2-9i|g3-12i|phi4mii,6,1,cons,logistic_pool,fitted,2319,2284,2284,0.9849072876239758,g2-9i,initial_fit_accuracy,q3-4bi+q3-8bi+l31-8bi+g2-9i+g3-12i+phi4mii--s70v0--201a60dc,0.9989931297270768,0.8758085381630013,0.8758085381630013,0.0,0.02423131879278571,0.035026269702276826,-0.010794950909491115,0.9401604055272416,0.9185668602915174,0.02159354523572421,0.7665198276900405,0.6808439787163192,0.08567584897372127,0.09024490528545884,0.10655039891029382,-0.01630549362483498,0.3131929192113091,0.3625002238622936,-0.049307304650984485,0.09024432487886755,0.10607332694512235,-0.015829002066254802,0.02416354870081866,0.055678204063342895,-0.031514655362524235
boolq,q3-4bi|q3-8bi|l31-8bi|g2-9i|g3-12i|phi4mii,6,1,cons,blp_equal,fitted,2319,2284,2284,0.9849072876239758,g2-9i,initial_fit_accuracy,q3-4bi+q3-8bi+l31-8bi+g2-9i+g3-12i+phi4mii--s70v0--201a60dc,1.0011117784165693,0.8758085381630013,0.8758085381630013,0.0,0.018708224009851004,0.035026269702276826,-0.01631804569242582,0.9402062860239581,0.9185668602915174,0.02163942573244071,0.7518527571719061,0.6808439787163192,0.07100877845558695,0.09348451260888704,0.10655039891029382,-0.013065886301406773,0.321021341919254,0.3625002238622936,-0.04147888194303956,0.09348804414428519,0.10607332694512235,-0.012585282800837164,0.01885443613073623,0.055678204063342895,-0.036823767932606666
boolq,q3-4bi|q3-8bi|l31-8bi|g2-9i|g3-12i|phi4mii,6,1,cons,kahn_diagonal,fitted,2319,2284,2284,0.9849072876239758,g2-9i,initial_fit_accuracy,q3-4bi+q3-8bi+l31-8bi+g2-9i+g3-12i+phi4mii--s70v0--201a60dc,1.9411510875910132,0.8758085381630013,0.8758085381630013,0.0,0.08679949201464791,0.035026269702276826,0.05177322231237109,0.943517674001718,0.9185668602915174,0.024950813710200692,0.7722180301967536,0.6808439787163192,0.09137405148043443,0.1101604630452118,0.10655039891029382,0.0036100641349179896,0.4276417997034745,0.3625002238622936,0.06514157584118091,0.10382679535459736,0.10607332694512235,-0.002246531590524986,0.08476392854512582,0.055678204063342895,0.029085724481782926
boolq,q3-4bi|q3-8bi|l31-8bi|g2-9i|g3-12i|phi4mii,6,1,cons,reference_stream_target,fixed,2319,2284,2284,0.9849072876239758,g2-9i,initial_fit_accuracy,q3-4bi+q3-8bi+l31-8bi+g2-9i+g3-12i+phi4mii--s70v0--201a60dc,1.1535600446788898,0.8758085381630013,0.8758085381630013,0.0,0.035026269702276826,0.035026269702276826,0.0,0.9185668602915174,0.9185668602915174,0.0,0.6808439787163192,0.6808439787163192,0.0,0.10655039891029382,0.10655039891029382,0.0,0.3625002238622936,0.3625002238622936,0.0,0.10607332694512235,0.10607332694512235,0.0,0.055678204063342895,0.055678204063342895,0.0
boolq,q3-4bi|q3-8bi|l31-8bi|g2-9i|phi4mii,5,1,cons,mean,fixed,2319,2280,2280,0.9831824062095731,g2-9i,initial_fit_accuracy,q3-4bi+q3-8bi+l31-8bi+g2-9i+phi4mii--s70v0--688a360d,0.8153852514437835,0.8714963346269944,0.8714963346269944,0.0,0.03697002923968067,0.03150584795321643,0.00546418128646424,0.9298809796279377,0.9148619244459751,0.01501905518196256,0.7264572021168104,0.6790623880267909,0.047394814090019555,0.09969481359648788,0.10935672514619882,-0.009661911549710939,0.3425362940823404,0.37186914839396323,-0.029332854311622858,0.0984349098511424,0.10894862491121829,-0.010513715060075896,0.028050914710187152,0.055812100332445096,-0.027761185622257944
boolq,q3-4bi|q3-8bi|l31-8bi|g2-9i|phi4mii,5,1,cons,logodds_sum,fixed,2319,2280,2280,0.9831824062095731,g2-9i,initial_fit_accuracy,q3-4bi+q3-8bi+l31-8bi+g2-9i+phi4mii--s70v0--688a360d,4.460260345078109,0.8714963346269944,0.8714963346269944,0.0,0.11387499954293921,0.03150584795321643,0.08236915158972277,0.9300565186683695,0.9148619244459751,0.015194594222394331,0.7276613447810149,0.6790623880267909,0.04859895675422399,0.11648208090637804,0.10935672514619882,0.007125355760179225,0.9209508683684661,0.37186914839396323,0.5490817199745028,0.09848591678360939,0.10894862491121829,-0.010462708127608897,0.01688125860689857,0.055812100332445096,-0.038930841725546526
boolq,q3-4bi|q3-8bi|l31-8bi|g2-9i|phi4mii,5,1,cons,logodds_mean,fixed,2319,2280,2280,0.9831824062095731,g2-9i,initial_fit_accuracy,q3-4bi+q3-8bi+l31-8bi+g2-9i+phi4mii--s70v0--688a360d,0.892052076482174,0.8714963346269944,0.8714963346269944,0.0,0.030875987790354793,0.03150584795321643,-0.0006298601628616403,0.9300565186683695,0.9148619244459751,0.015194594222394331,0.7276613447810149,0.6790623880267909,0.04859895675422399,0.09868705626165518,0.10935672514619882,-0.01066966888454364,0.3387352517935324,0.37186914839396323,-0.03313389660043081,0.098485916763821,0.10894862491121829,-0.01046270814739729,0.016881259074773607,0.055812100332445096,-0.03893084125767149
boolq,q3-4bi|q3-8bi|l31-8bi|g2-9i|phi4mii,5,1,cons,shared_rho,fitted,2319,2280,2280,0.9831824062095731,g2-9i,initial_fit_accuracy,q3-4bi+q3-8bi+l31-8bi+g2-9i+phi4mii--s70v0--688a360d,2.3139173703193174,0.8714963346269944,0.8714963346269944,0.0,0.0973976843767868,0.03150584795321643,0.06589183642357035,0.9300565186683695,0.9148619244459751,0.015194594222394331,0.7276613447810149,0.6790623880267909,0.04859895675422399,0.11017409889378166,0.10935672514619882,0.0008173737475828391,0.5035719924188422,0.37186914839396323,0.13170284402487897,0.09848591670925552,0.10894862491121829,-0.010462708201962767,0.01688126036535565,0.055812100332445096,-0.038930839967089445
boolq,q3-4bi|q3-8bi|l31-8bi|g2-9i|phi4mii,5,1,cons,shared_scale,fitted,2319,2280,2280,0.9831824062095731,g2-9i,initial_fit_accuracy,q3-4bi+q3-8bi+l31-8bi+g2-9i+phi4mii--s70v0--688a360d,1.000000005144059,0.8714963346269944,0.8714963346269944,0.0,0.016881259282487886,0.03150584795321643,-0.014624588670728546,0.9300565186683695,0.9148619244459751,0.015194594222394331,0.7276613447810149,0.6790623880267909,0.04859895675422399,0.09848591675503256,0.10935672514619882,-0.010870808391166262,0.33653100259149576,0.37186914839396323,-0.03533814580246747,0.0984859167428733,0.10894862491121829,-0.010462708168344992,0.016881259570228575,0.055812100332445096,-0.03893084076221652
boolq,q3-4bi|q3-8bi|l31-8bi|g2-9i|phi4mii,5,1,cons,kahn,fitted,2319,2280,2280,0.9831824062095731,g2-9i,initial_fit_accuracy,q3-4bi+q3-8bi+l31-8bi+g2-9i+phi4mii--s70v0--688a360d,1.215597655942996,0.8714963346269944,0.8714963346269944,0.0,0.0338535639611689,0.03150584795321643,0.0023477160079524648,0.9341473895105505,0.9148619244459751,0.019285465064575402,0.7531946817893663,0.6790623880267909,0.07413229376257546,0.09484364393267389,0.10935672514619882,-0.014513081213524931,0.3324683019879716,0.37186914839396323,-0.03940084640599162,0.09372096677884015,0.10894862491121829,-0.015227658132378141,0.029777819382121082,0.055812100332445096,-0.026034280950324014
boolq,q3-4bi|q3-8bi|l31-8bi|g2-9i|phi4mii,5,1,cons,blp,fitted,2319,2280,2280,0.9831824062095731,g2-9i,initial_fit_accuracy,q3-4bi+q3-8bi+l31-8bi+g2-9i+phi4mii--s70v0--688a360d,1.0047270113130764,0.8714963346269944,0.8714963346269944,0.0,0.01875994298156769,0.03150584795321643,-0.012745904971648743,0.9333383677775215,0.9148619244459751,0.01847644333154641,0.7488242813042639,0.6790623880267909,0.06976189327747306,0.09315345280993118,0.10935672514619882,-0.016203272336267643,0.3216463788209639,0.37186914839396323,-0.050222769572999315,0.0931453238845635,0.10894862491121829,-0.015803301026654795,0.020250730755364172,0.055812100332445096,-0.03556136957708092
boolq,q3-4bi|q3-8bi|l31-8bi|g2-9i|phi4mii,5,1,cons,logistic_pool,fitted,2319,2280,2280,0.9831824062095731,g2-9i,initial_fit_accuracy,q3-4bi+q3-8bi+l31-8bi+g2-9i+phi4mii--s70v0--688a360d,0.9990072876600901,0.8714963346269944,0.8714963346269944,0.0,0.024540840500165983,0.03150584795321643,-0.00696500745305045,0.9343038097617253,0.9148619244459751,0.019441885315750196,0.7522937281221576,0.6790623880267909,0.07323134009536669,0.09329161508229031,0.10935672514619882,-0.01606511006390851,0.32258003886248127,0.37186914839396323,-0.04928910953148197,0.09329346845149242,0.10894862491121829,-0.015655156459725872,0.02445797827069802,0.055812100332445096,-0.03135412206174708
boolq,q3-4bi|q3-8bi|l31-8bi|g2-9i|phi4mii,5,1,cons,blp_equal,fitted,2319,2280,2280,0.9831824062095731,g2-9i,initial_fit_accuracy,q3-4bi+q3-8bi+l31-8bi+g2-9i+phi4mii--s70v0--688a360d,1.0049013991102829,0.8714963346269944,0.8714963346269944,0.0,0.012142195905621525,0.03150584795321643,-0.01936365204759491,0.9298809796279377,0.9148619244459751,0.01501905518196256,0.7264572021168104,0.6790623880267909,0.047394814090019555,0.09866325785334058,0.10935672514619882,-0.010693467292858236,0.337232309366528,0.37186914839396323,-0.03463683902743525,0.09865042711595072,0.10894862491121829,-0.010298197795267569,0.011847724742183673,0.055812100332445096,-0.04396437559026142
boolq,q3-4bi|q3-8bi|l31-8bi|g2-9i|phi4mii,5,1,cons,kahn_diagonal,fitted,2319,2280,2280,0.9831824062095731,g2-9i,initial_fit_accuracy,q3-4bi+q3-8bi+l31-8bi+g2-9i+phi4mii--s70v0--688a360d,1.6031345886301347,0.8714963346269944,0.8714963346269944,0.0,0.07146805948964675,0.03150584795321643,0.03996221153643032,0.9333370182696579,0.9148619244459751,0.01847509382368273,0.7484676896998429,0.6790623880267909,0.06940530167305203,0.10571156884929526,0.10935672514619882,-0.003645156296903554,0.3945181126753405,0.37186914839396323,0.02264896428137725,0.10169134834770813,0.10894862491121829,-0.007257276563510162,0.056833009843660486,0.055812100332445096,0.0010209095112153899
boolq,q3-4bi|q3-8bi|l31-8bi|g2-9i|phi4mii,5,1,cons,reference_stream_target,fixed,2319,2280,2280,0.9831824062095731,g2-9i,initial_fit_accuracy,q3-4bi+q3-8bi+l31-8bi+g2-9i+phi4mii--s70v0--688a360d,1.160557455700061,0.8714963346269944,0.8714963346269944,0.0,0.03150584795321643,0.03150584795321643,0.0,0.9148619244459751,0.9148619244459751,0.0,0.6790623880267909,0.6790623880267909,0.0,0.10935672514619882,0.10935672514619882,0.0,0.37186914839396323,0.37186914839396323,0.0,0.10894862491121829,0.10894862491121829,0.0,0.055812100332445096,0.055812100332445096,0.0
boolq,q3-4bi|q3-8bi|l32-3bi|l31-8bi|g2-9i,5,1,cons,mean,fixed,2319,2279,2279,0.9827511858559724,g2-9i,initial_fit_accuracy,q3-4bi+q3-8bi+l32-3bi+l31-8bi+g2-9i--s70v0--a9c1e31b,0.6408788776593605,0.8671841310909875,0.8671841310909875,0.0,0.12317536931406621,0.036675442445517015,0.0864999268685492,0.9115587160671783,0.9220451517959187,-0.010486435728740418,0.6774822220490634,0.7161566763447381,-0.03867445429567473,0.11793165862220348,0.10230790795183071,0.015623750670372763,0.4012320231976561,0.3509961999713365,0.05023582322631959,0.10492238748281499,0.10233854900792823,0.00258383847488676,0.0594230853381606,0.057389552393955295,0.002033532944205302
boolq,q3-4bi|q3-8bi|l32-3bi|l31-8bi|g2-9i,5,1,cons,logodds_sum,fixed,2319,2279,2279,0.9827511858559724,g2-9i,initial_fit_accuracy,q3-4bi+q3-8bi+l32-3bi+l31-8bi+g2-9i--s70v0--a9c1e31b,3.753929152545278,0.8671841310909875,0.8671841310909875,0.0,0.10227425329721192,0.036675442445517015,0.0655988108516949,0.9130159189717425,0.9220451517959187,-0.009029232824176225,0.684729764982095,0.7161566763447381,-0.031426911362643084,0.11058571742212109,0.10230790795183071,0.008277809470290373,0.7345609442232253,0.3509961999713365,0.38356474425188875,0.1011976522169997,0.10233854900792823,-0.0011408967909285334,0.034438233814715245,0.057389552393955295,-0.02295131857924005
boolq,q3-4bi|q3-8bi|l32-3bi|l31-8bi|g2-9i,5,1,cons,logodds_mean,fixed,2319,2279,2279,0.9827511858559724,g2-9i,initial_fit_accuracy,q3-4bi+q3-8bi+l32-3bi+l31-8bi+g2-9i--s70v0--a9c1e31b,0.7507858331492743,0.8671841310909875,0.8671841310909875,0.0,0.08431047354820832,0.036675442445517015,0.04763503110269131,0.9130159189717425,0.9220451517959187,-0.009029232824176225,0.684729764982095,0.7161566763447381,-0.031426911362643084,0.10710679599616352,0.10230790795183071,0.0047988880443328025,0.37101167030129484,0.3509961999713365,0.020015470329958318,0.10119765225377156,0.10233854900792823,-0.00114089675415667,0.03443823391421398,0.057389552393955295,-0.022951318479741314
boolq,q3-4bi|q3-8bi|l32-3bi|l31-8bi|g2-9i,5,1,cons,shared_rho,fitted,2319,2279,2279,0.9827511858559724,g2-9i,initial_fit_accuracy,q3-4bi+q3-8bi+l32-3bi+l31-8bi+g2-9i--s70v0--a9c1e31b,2.4354973201088383,0.8671841310909875,0.8671841310909875,0.0,0.08588391453230272,0.036675442445517015,0.04920847208678571,0.9130159189717425,0.9220451517959187,-0.009029232824176225,0.684729764982095,0.7161566763447381,-0.031426911362643084,0.10638796851211756,0.10230790795183071,0.004080060560286841,0.5038543362394362,0.3509961999713365,0.1528581362680997,0.10119765215960175,0.10233854900792823,-0.0011408968483264809,0.03443823365945197,0.057389552393955295,-0.022951318734503325
boolq,q3-4bi|q3-8bi|l32-3bi|l31-8bi|g2-9i,5,1,cons,shared_scale,fitted,2319,2279,2279,0.9827511858559724,g2-9i,initial_fit_accuracy,q3-4bi+q3-8bi+l32-3bi+l31-8bi+g2-9i--s70v0--a9c1e31b,0.999999995080872,0.8671841310909875,0.8671841310909875,0.0,0.034438233652455526,0.036675442445517015,-0.002237208793061489,0.9130159189717425,0.9220451517959187,-0.009029232824176225,0.684729764982095,0.7161566763447381,-0.031426911362643084,0.10119765215704783,0.10230790795183071,-0.0011102557947828828,0.35257459253223233,0.3509961999713365,0.0015783925608958138,0.10119765210562205,0.10233854900792823,-0.0011408969023061766,0.03443823351341853,0.057389552393955295,-0.022951318880536767
boolq,q3-4bi|q3-8bi|l32-3bi|l31-8bi|g2-9i,5,1,cons,kahn,fitted,2319,2279,2279,0.9827511858559724,g2-9i,initial_fit_accuracy,q3-4bi+q3-8bi+l32-3bi+l31-8bi+g2-9i--s70v0--a9c1e31b,1.3873062447878808,0.8671841310909875,0.8671841310909875,0.0,0.05288187672859561,0.036675442445517015,0.016206434283078594,0.9495391322051769,0.9220451517959187,0.027493980409258212,0.8005142816488181,0.7161566763447381,0.08435760530407999,0.09447221023743937,0.10230790795183071,-0.00783569771439134,0.3424385053533005,0.3509961999713365,-0.008557694618036016,0.09167598987031658,0.10233854900792823,-0.010662559137611646,0.04020459501568123,0.057389552393955295,-0.017184957378274066
boolq,q3-4bi|q3-8bi|l32-3bi|l31-8bi|g2-9i,5,1,cons,blp,fitted,2319,2279,2279,0.9827511858559724,g2-9i,initial_fit_accuracy,q3-4bi+q3-8bi+l32-3bi+l31-8bi+g2-9i--s70v0--a9c1e31b,1.0012854719078248,0.8671841310909875,0.8671841310909875,0.0,0.025002305048139502,0.036675442445517015,-0.011673137397377513,0.9344176610420456,0.9220451517959187,0.012372509246126873,0.763712483356992,0.7161566763447381,0.047555807012253926,0.08938664336542827,0.10230790795183071,-0.012921264586402442,0.3123723531555514,0.3509961999713365,-0.03862384681578512,0.08938722371767317,0.10233854900792823,-0.012951325290255056,0.02515422965069898,0.057389552393955295,-0.032235322743256314
boolq,q3-4bi|q3-8bi|l32-3bi|l31-8bi|g2-9i,5,1,cons,logistic_pool,fitted,2319,2279,2279,0.9827511858559724,g2-9i,initial_fit_accuracy,q3-4bi+q3-8bi+l32-3bi+l31-8bi+g2-9i--s70v0--a9c1e31b,0.9982602215260258,0.8671841310909875,0.8671841310909875,0.0,0.022574068944970185,0.036675442445517015,-0.01410137350054683,0.9486944392073907,0.9220451517959187,0.02664928741147199,0.7966571692826822,0.7161566763447381,0.08050049293794403,0.08763396556188122,0.10230790795183071,-0.014673942389949499,0.30656487163483404,0.3509961999713365,-0.044431328336502485,0.08763228426290598,0.10233854900792823,-0.014706264745022249,0.02233368912641615,0.057389552393955295,-0.03505586326753915
boolq,q3-4bi|q3-8bi|l32-3bi|l31-8bi|g2-9i,5,1,cons,blp_equal,fitted,2319,2279,2279,0.9827511858559724,g2-9i,initial_fit_accuracy,q3-4bi+q3-8bi+l32-3bi+l31-8bi+g2-9i--s70v0--a9c1e31b,0.9937190374970352,0.8671841310909875,0.8671841310909875,0.0,0.03838036415635722,0.036675442445517015,0.0017049217108402043,0.9115587160671783,0.9220451517959187,-0.010486435728740418,0.6774822220490634,0.7161566763447381,-0.03867445429567473,0.10353927559404934,0.10230790795183071,0.0012313676422186226,0.35869938523408706,0.3509961999713365,0.007703185262750545,0.10348442396863351,0.10233854900792823,0.0011458749607052843,0.03767535051308527,0.057389552393955295,-0.019714201880870023
boolq,q3-4bi|q3-8bi|l32-3bi|l31-8bi|g2-9i,5,1,cons,kahn_diagonal,fitted,2319,2279,2279,0.9827511858559724,g2-9i,initial_fit_accuracy,q3-4bi+q3-8bi+l32-3bi+l31-8bi+g2-9i--s70v0--a9c1e31b,1.8594491335955086,0.8671841310909875,0.8671841310909875,0.0,0.08245161745676867,0.036675442445517015,0.045776175011251655,0.9495058519573171,0.9220451517959187,0.027460700161398344,0.8004295844075767,0.7161566763447381,0.0842729080628386,0.1032306432603258,0.10230790795183071,0.0009227353084950846,0.42580201244355914,0.3509961999713365,0.07480581247222262,0.09686479954843717,0.10233854900792823,-0.005473749459491056,0.06055189051653465,0.057389552393955295,0.003162338122579357
boolq,q3-4bi|q3-8bi|l32-3bi|l31-8bi|g2-9i,5,1,cons,reference_stream_target,fixed,2319,2279,2279,0.9827511858559724,g2-9i,initial_fit_accuracy,q3-4bi+q3-8bi+l32-3bi+l31-8bi+g2-9i--s70v0--a9c1e31b,1.16229453532963,0.8671841310909875,0.8671841310909875,0.0,0.036675442445517015,0.036675442445517015,0.0,0.9220451517959187,0.9220451517959187,0.0,0.7161566763447381,0.7161566763447381,0.0,0.10230790795183071,0.10230790795183071,0.0,0.3509961999713365,0.3509961999713365,0.0,0.10233854900792823,0.10233854900792823,0.0,0.057389552393955295,0.057389552393955295,0.0
boolq,q3-4bi|q3-8bi|l32-3bi|l31-8bi|g2-9i|phi4mii,6,1,cons,mean,fixed,2319,2276,2276,0.9814575247951703,g2-9i,initial_fit_accuracy,q3-4bi+q3-8bi+l32-3bi+l31-8bi+g2-9i+phi4mii--s70v0--9bae157f,0.6526822644569702,0.8706338939197931,0.8706338939197931,0.0,0.10215839191558354,0.027533684827182197,0.07462470708840134,0.9108560523226533,0.9134900537623131,-0.00263400143965975,0.6655135202119036,0.6764253836793633,-0.01091186346745976,0.11606002533819561,0.1073886936145284,0.008671331723667214,0.39559075564889296,0.36503876951374264,0.03055198613515031,0.10526965582805531,0.10685902847670832,-0.0015893726486530119,0.06441106259192508,0.04540067669945868,0.019010385892466404
boolq,q3-4bi|q3-8bi|l32-3bi|l31-8bi|g2-9i|phi4mii,6,1,cons,logodds_sum,fixed,2319,2276,2276,0.9814575247951703,g2-9i,initial_fit_accuracy,q3-4bi+q3-8bi+l32-3bi+l31-8bi+g2-9i+phi4mii--s70v0--9bae157f,4.578595798724482,0.8706338939197931,0.8706338939197931,0.0,0.10885665389409509,0.027533684827182197,0.08132296906691289,0.9123202109892338,0.9134900537623131,-0.0011698427730792993,0.6720864550040532,0.6764253836793633,-0.004338928675310161,0.11513094689544331,0.1073886936145284,0.007742253280914921,0.9133088770751555,0.36503876951374264,0.5482701075614129,0.1024387415340541,0.10685902847670832,-0.004420286942654214,0.033581326591900246,0.04540067669945868,-0.011819350107558434
boolq,q3-4bi|q3-8bi|l32-3bi|l31-8bi|g2-9i|phi4mii,6,1,cons,logodds_mean,fixed,2319,2276,2276,0.9814575247951703,g2-9i,initial_fit_accuracy,q3-4bi+q3-8bi+l32-3bi+l31-8bi+g2-9i+phi4mii--s70v0--9bae157f,0.7657448056607867,0.8706338939197931,0.8706338939197931,0.0,0.06990929818236147,0.027533684827182197,0.04237561335517927,0.9123202109892338,0.9134900537623131,-0.0011698427730792993,0.6720864550040532,0.6764253836793633,-0.004338928675310161,0.10697585474364033,0.1073886936145284,-0.0004128388708880687,0.3691797609220969,0.36503876951374264,0.004140991408354278,0.10249431322107348,0.10685902847670832,-0.004364715255634838,0.03418731803086316,0.04540067669945868,-0.011213358668595519
boolq,q3-4bi|q3-8bi|l32-3bi|l31-8bi|g2-9i|phi4mii,6,1,cons,shared_rho,fitted,2319,2276,2276,0.9814575247951703,g2-9i,initial_fit_accuracy,q3-4bi+q3-8bi+l32-3bi+l31-8bi+g2-9i+phi4mii--s70v0--9bae157f,2.8319543056392456,0.8706338939197931,0.8706338939197931,0.0,0.09619624211346603,0.027533684827182197,0.06866255728628383,0.9123202109892338,0.9134900537623131,-0.0011698427730792993,0.6720864550040532,0.6764253836793633,-0.004338928675310161,0.110785126077401,0.1073886936145284,0.003396432462872606,0.5886768117105382,0.36503876951374264,0.22363804219679556,0.10249431316206134,0.10685902847670832,-0.00436471531464698,0.0341873178873123,0.04540067669945868,-0.011213358812146378
boolq,q3-4bi|q3-8bi|l32-3bi|l31-8bi|g2-9i|phi4mii,6,1,cons,shared_scale,fitted,2319,2276,2276,0.9814575247951703,g2-9i,initial_fit_accuracy,q3-4bi+q3-8bi+l32-3bi+l31-8bi+g2-9i+phi4mii--s70v0--9bae157f,0.9999999875737818,0.8706338939197931,0.8706338939197931,0.0,0.03418731782083656,0.027533684827182197,0.006653632993654363,0.9123202109892338,0.9134900537623131,-0.0011698427730792993,0.6720864550040532,0.6764253836793633,-0.004338928675310161,0.10249431313471066,0.1073886936145284,-0.004894380479817731,0.35484075209059335,0.36503876951374264,-0.010198017423149297,0.10249431304341404,0.10685902847670832,-0.004364715433294281,0.03418731759869686,0.04540067669945868,-0.011213359100761822
boolq,q3-4bi|q3-8bi|l32-3bi|l31-8bi|g2-9i|phi4mii,6,1,cons,kahn,fitted,2319,2276,2276,0.9814575247951703,g2-9i,initial_fit_accuracy,q3-4bi+q3-8bi+l32-3bi+l31-8bi+g2-9i+phi4mii--s70v0--9bae157f,1.3377635100883458,0.8706338939197931,0.8706338939197931,0.0,0.050940296590199836,0.027533684827182197,0.02340661176301764,0.9542392457522015,0.9134900537623131,0.04074919198988847,0.8010486748281898,0.6764253836793633,0.12462329114882642,0.09389507109774546,0.1073886936145284,-0.013493622516782933,0.3351740461741073,0.36503876951374264,-0.029864723339635357,0.09186207757420604,0.10685902847670832,-0.014996950902502276,0.036074385251978876,0.04540067669945868,-0.009326291447479804
boolq,q3-4bi|q3-8bi|l32-3bi|l31-8bi|g2-9i|phi4mii,6,1,cons,blp,fitted,2319,2276,2276,0.9814575247951703,g2-9i,initial_fit_accuracy,q3-4bi+q3-8bi+l32-3bi+l31-8bi+g2-9i+phi4mii--s70v0--9bae157f,1.0023471300546887,0.8706338939197931,0.8706338939197931,0.0,0.00998495629535106,0.027533684827182197,-0.017548728531831138,0.9346097365191098,0.9134900537623131,0.021119682756796765,0.7584640089222555,0.6764253836793633,0.08203862524289218,0.08959119272096158,0.1073886936145284,-0.01779750089356681,0.31254085987258684,0.36503876951374264,-0.052497909641155804,0.08959474452734283,0.10685902847670832,-0.017264283949365494,0.009875553074545924,0.04540067669945868,-0.03552512362491275
boolq,q3-4bi|q3-8bi|l32-3bi|l31-8bi|g2-9i|phi4mii,6,1,cons,logistic_pool,fitted,2319,2276,2276,0.9814575247951703,g2-9i,initial_fit_accuracy,q3-4bi+q3-8bi+l32-3bi+l31-8bi+g2-9i+phi4mii--s70v0--9bae157f,0.9984830485115913,0.8706338939197931,0.8706338939197931,0.0,0.021809169646557557,0.027533684827182197,-0.00572451518062464,0.9544270899793921,0.9134900537623131,0.040937036217079004,0.8020417576705753,0.6764253836793633,0.12561637399121195,0.0881694573440149,0.1073886936145284,-0.019219236270513487,0.3064129207136781,0.36503876951374264,-0.05862584880006455,0.08816829128152305,0.10685902847670832,-0.01869073719518527,0.021238282440632958,0.04540067669945868,-0.02416239425882572
boolq,q3-4bi|q3-8bi|l32-3bi|l31-8bi|g2-9i|phi4mii,6,1,cons,blp_equal,fitted,2319,2276,2276,0.9814575247951703,g2-9i,initial_fit_accuracy,q3-4bi+q3-8bi+l32-3bi+l31-8bi+g2-9i+phi4mii--s70v0--9bae157f,0.9955667673633505,0.8706338939197931,0.8706338939197931,0.0,0.05509324635456519,0.027533684827182197,0.02755956152738299,0.9108560523226533,0.9134900537623131,-0.00263400143965975,0.6655135202119036,0.6764253836793633,-0.01091186346745976,0.10439433608548253,0.1073886936145284,-0.0029943575290458657,0.3614974312617572,0.36503876951374264,-0.0035413382519854375,0.10436067439440946,0.10685902847670832,-0.0024983540822988565,0.0548434417374788,0.04540067669945868,0.00944276503802012
boolq,q3-4bi|q3-8bi|l32-3bi|l31-8bi|g2-9i|phi4mii,6,1,cons,kahn_diagonal,fitted,2319,2276,2276,0.9814575247951703,g2-9i,initial_fit_accuracy,q3-4bi+q3-8bi+l32-3bi+l31-8bi+g2-9i+phi4mii--s70v0--9bae157f,1.790966264377792,0.8706338939197931,0.8706338939197931,0.0,0.08299060807969609,0.027533684827182197,0.05545692325251389,0.9533622692915075,0.9134900537623131,0.0398722155291944,0.7973069727496003,0.6764253836793633,0.12088158907023694,0.10523917734499351,0.1073886936145284,-0.0021495162695348846,0.4205502017052371,0.36503876951374264,0.05551143219149446,0.09927780365105535,0.10685902847670832,-0.007581224825652974,0.06483919575640956,0.04540067669945868,0.019438519056950883
boolq,q3-4bi|q3-8bi|l32-3bi|l31-8bi|g2-9i|phi4mii,6,1,cons,reference_stream_target,fixed,2319,2276,2276,0.9814575247951703,g2-9i,initial_fit_accuracy,q3-4bi+q3-8bi+l32-3bi+l31-8bi+g2-9i+phi4mii--s70v0--9bae157f,1.1271151406419748,0.8706338939197931,0.8706338939197931,0.0,0.027533684827182197,0.027533684827182197,0.0,0.9134900537623131,0.9134900537623131,0.0,0.6764253836793633,0.6764253836793633,0.0,0.1073886936145284,0.1073886936145284,0.0,0.36503876951374264,0.36503876951374264,0.0,0.10685902847670832,0.10685902847670832,0.0,0.04540067669945868,0.04540067669945868,0.0
boolq,q3-8bi|g2-9i|phi4mii,3,1,cons,mean,fixed,2319,2318,2318,0.9995687796463993,g2-9i,initial_fit_accuracy,q3-8bi+g2-9i+phi4mii--s70v0--96497af8,0.8681605186676862,0.8671841310909875,0.8671841310909875,0.0,0.03284680279914468,0.04479436295657178,-0.011947560157427095,0.929455831409214,0.9128789069557289,0.01657692445348502,0.7389941526135556,0.6815451960974349,0.0574489565161207,0.10019180274608087,0.11843902789761288,-0.018247225151532,0.3411210971553955,0.39423676164277455,-0.05311566448737903,0.09946657012145953,0.11772684209329604,-0.01826027197183651,0.01073343676960879,0.07075796051716844,-0.06002452374755965
boolq,q3-8bi|g2-9i|phi4mii,3,1,cons,logodds_sum,fixed,2319,2318,2318,0.9995687796463993,g2-9i,initial_fit_accuracy,q3-8bi+g2-9i+phi4mii--s70v0--96497af8,2.721692325079662,0.8671841310909875,0.8671841310909875,0.0,0.1000981241844994,0.04479436295657178,0.05530376122792762,0.9296048902594538,0.9128789069557289,0.01672598330372488,0.7400134069910189,0.6815451960974349,0.058468210893584005,0.11248612639141597,0.11843902789761288,-0.0059529015061969,0.5669391108089185,0.39423676164277455,0.1727023491661439,0.09922276403682098,0.11772684209329604,-0.018504078056475054,0.016617688199691085,0.07075796051716844,-0.05414027231747735
boolq,q3-8bi|g2-9i|phi4mii,3,1,cons,logodds_mean,fixed,2319,2318,2318,0.9995687796463993,g2-9i,initial_fit_accuracy,q3-8bi+g2-9i+phi4mii--s70v0--96497af8,0.9072307741859297,0.8671841310909875,0.8671841310909875,0.0,0.021751501609677933,0.04479436295657178,-0.023042861346893845,0.9296048902594538,0.9128789069557289,0.01672598330372488,0.7400134069910189,0.6815451960974349,0.058468210893584005,0.09938365026468775,0.11843902789761288,-0.019055377632925127,0.3387133991045282,0.39423676164277455,-0.05552336253824636,0.09922276403831924,0.11772684209329604,-0.018504078054976794,0.016617688162160974,0.07075796051716844,-0.05414027235500747
boolq,q3-8bi|g2-9i|phi4mii,3,1,cons,shared_rho,fitted,2319,2318,2318,0.9995687796463993,g2-9i,initial_fit_accuracy,q3-8bi+g2-9i+phi4mii--s70v0--96497af8,1.9033859086732778,0.8671841310909875,0.8671841310909875,0.0,0.08256232779305327,0.04479436295657178,0.03776796483648149,0.9296048902594538,0.9128789069557289,0.01672598330372488,0.7400134069910189,0.6815451960974349,0.058468210893584005,0.10723465293867582,0.11843902789761288,-0.011204374958937058,0.4274687245761047,0.39423676164277455,0.03323196293333014,0.09922276404077011,0.11772684209329604,-0.01850407805252592,0.01661768810076711,0.07075796051716844,-0.05414027241640133
boolq,q3-8bi|g2-9i|phi4mii,3,1,cons,shared_scale,fitted,2319,2318,2318,0.9995687796463993,g2-9i,initial_fit_accuracy,q3-8bi+g2-9i+phi4mii--s70v0--96497af8,0.9999999952314839,0.8671841310909875,0.8671841310909875,0.0,0.016617688092491353,0.04479436295657178,-0.028176674864080424,0.9296048902594538,0.9128789069557289,0.01672598330372488,0.7400134069910189,0.6815451960974349,0.058468210893584005,0.09922276404109054,0.11843902789761288,-0.019216263856522336,0.3370035585990102,0.39423676164277455,-0.057233203043764336,0.09922276404880352,0.11772684209329604,-0.018504078044492514,0.01661768789953053,0.07075796051716844,-0.054140272617637916
boolq,q3-8bi|g2-9i|phi4mii,3,1,cons,kahn,fitted,2319,2318,2318,0.9995687796463993,g2-9i,initial_fit_accuracy,q3-8bi+g2-9i+phi4mii--s70v0--96497af8,1.413612536732452,0.8671841310909875,0.8671841310909875,0.0,0.06206120294453974,0.04479436295657178,0.017266839987967963,0.9306361330399682,0.9128789069557289,0.01775722608423924,0.7475326290624799,0.6815451960974349,0.06598743296504495,0.10243833980048081,0.11843902789761288,-0.016000688097132065,0.3706001582651846,0.39423676164277455,-0.023636603377589938,0.09931670059848909,0.11772684209329604,-0.01841014149480695,0.03351363688626742,0.07075796051716844,-0.03724432363090102
boolq,q3-8bi|g2-9i|phi4mii,3,1,cons,blp,fitted,2319,2318,2318,0.9995687796463993,g2-9i,initial_fit_accuracy,q3-8bi+g2-9i+phi4mii--s70v0--96497af8,1.0001667374981174,0.8671841310909875,0.8671841310909875,0.0,0.013534359496497814,0.04479436295657178,-0.03126000346007396,0.9305997549653994,0.9128789069557289,0.017720848009670442,0.7472693351424695,0.6815451960974349,0.0657241390450346,0.09585407553559103,0.11843902789761288,-0.02258495236202185,0.3300655819721378,0.39423676164277455,-0.06417117967063674,0.09585378952548011,0.11772684209329604,-0.021873052567815923,0.013553636460311224,0.07075796051716844,-0.057204324056857214
boolq,q3-8bi|g2-9i|phi4mii,3,1,cons,logistic_pool,fitted,2319,2318,2318,0.9995687796463993,g2-9i,initial_fit_accuracy,q3-8bi+g2-9i+phi4mii--s70v0--96497af8,0.9979695030785997,0.8671841310909875,0.8671841310909875,0.0,0.020981998926130365,0.04479436295657178,-0.023812364030441412,0.9305813654197563,0.9128789069557289,0.017702458464027404,0.7471239581314209,0.6815451960974349,0.06557876203398594,0.09603804709319487,0.11843902789761288,-0.022400980804418005,0.3312733585412252,0.39423676164277455,-0.06296340310154935,0.09604251544387615,0.11772684209329604,-0.021684326649419883,0.02006235942227969,0.07075796051716844,-0.050695601094888756
boolq,q3-8bi|g2-9i|phi4mii,3,1,cons,blp_equal,fitted,2319,2318,2318,0.9995687796463993,g2-9i,initial_fit_accuracy,q3-8bi+g2-9i+phi4mii--s70v0--96497af8,0.9961628154859585,0.8671841310909875,0.8671841310909875,0.0,0.005971827986493108,0.04479436295657178,-0.03882253497007867,0.929455831409214,0.9128789069557289,0.01657692445348502,0.7389941526135556,0.6815451960974349,0.0574489565161207,0.09905424284616506,0.11843902789761288,-0.01938478505144782,0.33689797969026797,0.39423676164277455,-0.05733878195250658,0.09905132395692699,0.11772684209329604,-0.018675518136369043,0.00636580225969961,0.07075796051716844,-0.06439215825746883
boolq,q3-8bi|g2-9i|phi4mii,3,1,cons,kahn_diagonal,fitted,2319,2318,2318,0.9995687796463993,g2-9i,initial_fit_accuracy,q3-8bi+g2-9i+phi4mii--s70v0--96497af8,1.669946956856246,0.8671841310909875,0.8671841310909875,0.0,0.07878238542943446,0.04479436295657178,0.03398802247286268,0.9305037199176591,0.9128789069557289,0.017624812961930192,0.7465246817858758,0.6815451960974349,0.06497948568844092,0.10868922879771295,0.11843902789761288,-0.009749799099899925,0.41134936474508704,0.39423676164277455,0.017112603102312496,0.10337817767081608,0.11772684209329604,-0.014348664422479951,0.0457341211295341,0.07075796051716844,-0.02502383938763434
boolq,q3-8bi|g2-9i|phi4mii,3,1,cons,reference_stream_target,fixed,2319,2318,2318,0.9995687796463993,g2-9i,initial_fit_accuracy,q3-8bi+g2-9i+phi4mii--s70v0--96497af8,1.1805173871378891,0.8671841310909875,0.8671841310909875,0.0,0.04479436295657178,0.04479436295657178,0.0,0.9128789069557289,0.9128789069557289,0.0,0.6815451960974349,0.6815451960974349,0.0,0.11843902789761288,0.11843902789761288,0.0,0.39423676164277455,0.39423676164277455,0.0,0.11772684209329604,0.11772684209329604,0.0,0.07075796051716844,0.07075796051716844,0.0
boolq,q3-8bi|l31-8bi,2,1,cons,mean,fixed,2319,2266,2266,0.9771453212591634,q3-8bi,initial_fit_accuracy,q3-8bi+l31-8bi--s70v0--e3fceb14,0.920048383667384,0.8706338939197931,0.8706338939197931,0.0,0.04729699911762856,0.03339217416887289,0.013904824948755667,0.901277504167654,0.8933730472993694,0.00790445686828456,0.6247134956728116,0.5978785273547844,0.02683496831802723,0.11055825242719979,0.10751323918799646,0.003045013239203323,0.37695348846939664,0.37127482696015407,0.005678661509242566,0.10990563558369802,0.10641702473641258,0.0034886108472854394,0.049672170624863704,0.017764872518747987,0.031907298106115714
boolq,q3-8bi|l31-8bi,2,1,cons,logodds_sum,fixed,2319,2266,2266,0.9771453212591634,q3-8bi,initial_fit_accuracy,q3-8bi+l31-8bi--s70v0--e3fceb14,1.9105680102055569,0.8706338939197931,0.8706338939197931,0.0,0.08397935907164371,0.03339217416887289,0.05058718490277082,0.9014672807512862,0.8933730472993694,0.008094233451916844,0.6262002909586586,0.5978785273547844,0.028321763603874173,0.1126620386737808,0.10751323918799646,0.005148799485784339,0.4685831037827008,0.37127482696015407,0.09730827682254672,0.10721211520776933,0.10641702473641258,0.0007950904713567436,0.035152679226252724,0.017764872518747987,0.017387806707504738
boolq,q3-8bi|l31-8bi,2,1,cons,logodds_mean,fixed,2319,2266,2266,0.9771453212591634,q3-8bi,initial_fit_accuracy,q3-8bi+l31-8bi--s70v0--e3fceb14,0.9552839950282366,0.8706338939197931,0.8706338939197931,0.0,0.034024599690606984,0.03339217416887289,0.0006324255217340924,0.9014672807512862,0.8933730472993694,0.008094233451916844,0.6262002909586586,0.5978785273547844,0.028321763603874173,0.10743947126863516,0.10751323918799646,-7.376791936129778e-05,0.36884248455235463,0.37127482696015407,-0.002432342407799437,0.10721211517134921,0.10641702473641258,0.0007950904349366267,0.03515267942053044,0.017764872518747987,0.017387806901782456
boolq,q3-8bi|l31-8bi,2,1,cons,shared_rho,fitted,2319,2266,2266,0.9771453212591634,q3-8bi,initial_fit_accuracy,q3-8bi+l31-8bi--s70v0--e3fceb14,1.9105680102055569,0.8706338939197931,0.8706338939197931,0.0,0.08397935907164371,0.03339217416887289,0.05058718490277082,0.9014672807512862,0.8933730472993694,0.008094233451916844,0.6262002909586586,0.5978785273547844,0.028321763603874173,0.1126620386737808,0.10751323918799646,0.005148799485784339,0.4685831037827008,0.37127482696015407,0.09730827682254672,0.10721211520776933,0.10641702473641258,0.0007950904713567436,0.035152679226252724,0.017764872518747987,0.017387806707504738
boolq,q3-8bi|l31-8bi,2,1,cons,shared_scale,fitted,2319,2266,2266,0.9771453212591634,q3-8bi,initial_fit_accuracy,q3-8bi+l31-8bi--s70v0--e3fceb14,1.0000000211874127,0.8706338939197931,0.8706338939197931,0.0,0.0351526795751427,0.03339217416887289,0.001760505406269805,0.9014672807512862,0.8933730472993694,0.008094233451916844,0.6262002909586586,0.5978785273547844,0.028321763603874173,0.10721211514239973,0.10751323918799646,-0.00030112404559673456,0.3686566430777032,0.37127482696015407,-0.0026181838824508863,0.10721211521555898,0.10641702473641258,0.0007950904791464014,0.03515267918470013,0.017764872518747987,0.017387806665952143
boolq,q3-8bi|l31-8bi,2,1,cons,kahn,fitted,2319,2266,2266,0.9771453212591634,q3-8bi,initial_fit_accuracy,q3-8bi+l31-8bi--s70v0--e3fceb14,1.1437217051057014,0.8706338939197931,0.8706338939197931,0.0,0.027494365214832787,0.03339217416887289,-0.005897808954040105,0.9026250601531064,0.8933730472993694,0.009252012853737002,0.6346756295310929,0.5978785273547844,0.036797102176308494,0.10598216909827396,0.10751323918799646,-0.0015310700897225027,0.3680932923680577,0.37127482696015407,-0.003181534592096358,0.10534625446434383,0.10641702473641258,-0.001070770272068755,0.023340895191334483,0.017764872518747987,0.005576022672586497
boolq,q3-8bi|l31-8bi,2,1,cons,blp,fitted,2319,2266,2266,0.9771453212591634,q3-8bi,initial_fit_accuracy,q3-8bi+l31-8bi--s70v0--e3fceb14,1.0017596334978744,0.8706338939197931,0.8706338939197931,0.0,0.019867360515991996,0.03339217416887289,-0.013524813652880895,0.9025253603780733,0.8933730472993694,0.0091523130787039,0.6338608760934735,0.5978785273547844,0.03598234873868911,0.10464991749144581,0.10751323918799646,-0.0028633216965506525,0.36001708327867205,0.37127482696015407,-0.011257743681482024,0.10464709018954331,0.10641702473641258,-0.0017699345468692729,0.019784070202087545,0.017764872518747987,0.002019197683339559
boolq,q3-8bi|l31-8bi,2,1,cons,logistic_pool,fitted,2319,2266,2266,0.9771453212591634,q3-8bi,initial_fit_accuracy,q3-8bi+l31-8bi--s70v0--e3fceb14,0.9991498644108335,0.8706338939197931,0.8706338939197931,0.0,0.01886015191258442,0.03339217416887289,-0.014532022256288472,0.9025686890272405,0.8933730472993694,0.009195641727871129,0.6342172226075916,0.5978785273547844,0.036338695252807196,0.10438703403233103,0.10751323918799646,-0.003126205155665432,0.35932731161702935,0.37127482696015407,-0.011947515343124715,0.10438835237592013,0.10641702473641258,-0.0020286723604924506,0.018894349853448265,0.017764872518747987,0.0011294773347002782
boolq,q3-8bi|l31-8bi,2,1,cons,blp_equal,fitted,2319,2266,2266,0.9771453212591634,q3-8bi,initial_fit_accuracy,q3-8bi+l31-8bi--s70v0--e3fceb14,1.000553497127926,0.8706338939197931,0.8706338939197931,0.0,0.025980602434115485,0.03339217416887289,-0.0074115717347574064,0.901277504167654,0.8933730472993694,0.00790445686828456,0.6247134956728116,0.5978785273547844,0.02683496831802723,0.10744797954731627,0.10751323918799646,-6.525964068018753e-05,0.36829987065423636,0.37127482696015407,-0.0029749563059177087,0.1074482665595247,0.10641702473641258,0.0010312418231121223,0.025967591726324936,0.017764872518747987,0.00820271920757695
boolq,q3-8bi|l31-8bi,2,1,cons,kahn_diagonal,fitted,2319,2266,2266,0.9771453212591634,q3-8bi,initial_fit_accuracy,q3-8bi+l31-8bi--s70v0--e3fceb14,1.1368333251434382,0.8706338939197931,0.8706338939197931,0.0,0.027632000705595346,0.03339217416887289,-0.005760173463277545,0.9026238585009793,0.8933730472993694,0.009250811201609865,0.6346652505064099,0.5978785273547844,0.036786723151625456,0.10595151530203668,0.10751323918799646,-0.0015617238859597787,0.36735795933265647,0.37127482696015407,-0.0039168676274976,0.10531272094406474,0.10641702473641258,-0.001104303792347841,0.021382193780788147,0.017764872518747987,0.00361732126204016
boolq,q3-8bi|l31-8bi,2,1,cons,reference_stream_target,fixed,2319,2266,2266,0.9771453212591634,q3-8bi,initial_fit_accuracy,q3-8bi+l31-8bi--s70v0--e3fceb14,1.1668612783240202,0.8706338939197931,0.8706338939197931,0.0,0.03339217416887289,0.03339217416887289,0.0,0.8933730472993694,0.8933730472993694,0.0,0.5978785273547844,0.5978785273547844,0.0,0.10751323918799646,0.10751323918799646,0.0,0.37127482696015407,0.37127482696015407,0.0,0.10641702473641258,0.10641702473641258,0.0,0.017764872518747987,0.017764872518747987,0.0
boolq,q3-8bi|l31-8bi|g2-9i|phi4mii,4,1,cons,mean,fixed,2319,2273,2273,0.9801638637343683,g2-9i,initial_fit_accuracy,q3-8bi+l31-8bi+g2-9i+phi4mii--s70v0--2767cbfc,0.796760277246524,0.8723587753341958,0.8723587753341958,0.0,0.05145824167754995,0.04020384220560176,0.011254399471948187,0.9268446966009185,0.9096256856475826,0.01721901095333589,0.7103662922688787,0.6516881234846013,0.05867816878427745,0.10273523236239143,0.11409871926479934,-0.011363486902407904,0.35197378718312455,0.3844989484145044,-0.03252516123137983,0.10015694821020822,0.11345306003010232,-0.013296111819894096,0.028155995168214064,0.050555307497149246,-0.022399312328935182
boolq,q3-8bi|l31-8bi|g2-9i|phi4mii,4,1,cons,logodds_sum,fixed,2319,2273,2273,0.9801638637343683,g2-9i,initial_fit_accuracy,q3-8bi+l31-8bi+g2-9i+phi4mii--s70v0--2767cbfc,3.4447870496119246,0.8723587753341958,0.8723587753341958,0.0,0.10596963562206412,0.04020384220560176,0.06576579341646235,0.9271840486811678,0.9096256856475826,0.017558363033585156,0.7125014474141289,0.6516881234846013,0.06081332392952765,0.11346055311859989,0.11409871926479934,-0.0006381661461994509,0.6926649981725813,0.3844989484145044,0.30816604975807693,0.0990064603253498,0.11345306003010232,-0.014446599704752525,0.01348465910052792,0.050555307497149246,-0.037070648396621324
boolq,q3-8bi|l31-8bi|g2-9i|phi4mii,4,1,cons,logodds_mean,fixed,2319,2273,2273,0.9801638637343683,g2-9i,initial_fit_accuracy,q3-8bi+l31-8bi+g2-9i+phi4mii--s70v0--2767cbfc,0.861196778165517,0.8723587753341958,0.8723587753341958,0.0,0.03271960057610392,0.04020384220560176,-0.007484241629497838,0.9271840486811678,0.9096256856475826,0.017558363033585156,0.7125014474141289,0.6516881234846013,0.06081332392952765,0.09995591067152043,0.11409871926479934,-0.014142808593278905,0.3433797690842118,0.3844989484145044,-0.04111917933029258,0.09900646034751773,0.11345306003010232,-0.01444659968258459,0.013484658213432517,0.050555307497149246,-0.03707064928371673
boolq,q3-8bi|l31-8bi|g2-9i|phi4mii,4,1,cons,shared_rho,fitted,2319,2273,2273,0.9801638637343683,g2-9i,initial_fit_accuracy,q3-8bi+l31-8bi+g2-9i+phi4mii--s70v0--2767cbfc,2.288341780580374,0.8723587753341958,0.8723587753341958,0.0,0.09133756020360591,0.04020384220560176,0.05113371799800415,0.9271840486811678,0.9096256856475826,0.017558363033585156,0.7125014474141289,0.6516881234846013,0.06081332392952765,0.10835280241042974,0.11409871926479934,-0.005745916854369593,0.48631556623991234,0.3844989484145044,0.10181661782540796,0.09900646033248067,0.11345306003010232,-0.014446599697621645,0.013484658815171911,0.050555307497149246,-0.03707064868197733
boolq,q3-8bi|l31-8bi|g2-9i|phi4mii,4,1,cons,shared_scale,fitted,2319,2273,2273,0.9801638637343683,g2-9i,initial_fit_accuracy,q3-8bi+l31-8bi+g2-9i+phi4mii--s70v0--2767cbfc,1.0000000211828866,0.8723587753341958,0.8723587753341958,0.0,0.013484659546013286,0.04020384220560176,-0.026719182659588475,0.9271840486811678,0.9096256856475826,0.017558363033585156,0.7125014474141289,0.6516881234846013,0.06081332392952765,0.09900646031421013,0.11409871926479934,-0.015092258950589202,0.33880210537631694,0.3844989484145044,-0.04569684303818744,0.09900646033987322,0.11345306003010232,-0.0144465996902291,0.01348465851934387,0.050555307497149246,-0.037070648977805376
boolq,q3-8bi|l31-8bi|g2-9i|phi4mii,4,1,cons,kahn,fitted,2319,2273,2273,0.9801638637343683,g2-9i,initial_fit_accuracy,q3-8bi+l31-8bi+g2-9i+phi4mii--s70v0--2767cbfc,1.2702456340180108,0.8723587753341958,0.8723587753341958,0.0,0.047049208863850736,0.04020384220560176,0.006845366658248975,0.9295741524105153,0.9096256856475826,0.019948466762932715,0.730040597773263,0.6516881234846013,0.07835247428866177,0.09852268359538932,0.11409871926479934,-0.015576035669410015,0.342843086325684,0.3844989484145044,-0.04165586208882038,0.09673590410217149,0.11345306003010232,-0.016717155927930827,0.03286178193613741,0.050555307497149246,-0.017693525561011836
boolq,q3-8bi|l31-8bi|g2-9i|phi4mii,4,1,cons,blp,fitted,2319,2273,2273,0.9801638637343683,g2-9i,initial_fit_accuracy,q3-8bi+l31-8bi+g2-9i+phi4mii--s70v0--2767cbfc,1.0022630208015098,0.8723587753341958,0.8723587753341958,0.0,0.008135981042889128,0.04020384220560176,-0.03206786116271263,0.9295792506696926,0.9096256856475826,0.019953565022109987,0.7300598966283146,0.6516881234846013,0.07837177314371335,0.09267029554460664,0.11409871926479934,-0.0214284237201927,0.322023198615935,0.3844989484145044,-0.0624757497985694,0.09267363875526363,0.11345306003010232,-0.020779421274838686,0.008095057822494364,0.050555307497149246,-0.04246024967465488
boolq,q3-8bi|l31-8bi|g2-9i|phi4mii,4,1,cons,logistic_pool,optimization_failed,2319,2273,0,0.0,g2-9i,initial_fit_accuracy,q3-8bi+l31-8bi+g2-9i+phi4mii--s70v0--2767cbfc,,0.8723587753341958,0.8723587753341958,0.0,,0.04020384220560176,,,0.9096256856475826,,,0.6516881234846013,,,0.11409871926479934,,,0.3844989484145044,,,0.11345306003010232,,,0.050555307497149246,
boolq,q3-8bi|l31-8bi|g2-9i|phi4mii,4,1,cons,blp_equal,fitted,2319,2273,2273,0.9801638637343683,g2-9i,initial_fit_accuracy,q3-8bi+l31-8bi+g2-9i+phi4mii--s70v0--2767cbfc,0.9989962282226683,0.8723587753341958,0.8723587753341958,0.0,0.021383400998584618,0.04020384220560176,-0.018820441207017143,0.9268446966009185,0.9096256856475826,0.01721901095333589,0.7103662922688787,0.6516881234846013,0.05867816878427745,0.09962060531052835,0.11409871926479934,-0.014478113954270982,0.34143526254339396,0.3844989484145044,-0.043063685871110424,0.09961788936975767,0.11345306003010232,-0.013835170660344648,0.021409961688439488,0.050555307497149246,-0.02914534580870976
boolq,q3-8bi|l31-8bi|g2-9i|phi4mii,4,1,cons,kahn_diagonal,fitted,2319,2273,2273,0.9801638637343683,g2-9i,initial_fit_accuracy,q3-8bi+l31-8bi+g2-9i+phi4mii--s70v0--2767cbfc,1.4758162624333493,0.8723587753341958,0.8723587753341958,0.0,0.07004274195031067,0.04020384220560176,0.029838899744708908,0.9294027450044811,0.9096256856475826,0.01977705935689844,0.7287265211883884,0.6516881234846013,0.07703839770378718,0.10621820182269263,0.11409871926479934,-0.007880517442106702,0.3796553875619014,0.3844989484145044,-0.004843560852602957,0.10270217713841343,0.11345306003010232,-0.010750882891688893,0.0548439089525121,0.050555307497149246,0.004288601455362855
boolq,q3-8bi|l31-8bi|g2-9i|phi4mii,4,1,cons,reference_stream_target,fixed,2319,2273,2273,0.9801638637343683,g2-9i,initial_fit_accuracy,q3-8bi+l31-8bi+g2-9i+phi4mii--s70v0--2767cbfc,1.11332422451797,0.8723587753341958,0.8723587753341958,0.0,0.04020384220560176,0.04020384220560176,0.0,0.9096256856475826,0.9096256856475826,0.0,0.6516881234846013,0.6516881234846013,0.0,0.11409871926479934,0.11409871926479934,0.0,0.3844989484145044,0.3844989484145044,0.0,0.11345306003010232,0.11345306003010232,0.0,0.050555307497149246,0.050555307497149246,0.0
boolq,q3-8bi|l31-8bi|g3-12i|phi4mii,4,1,cons,mean,fixed,2319,2286,2286,0.9857697283311773,q3-8bi,initial_fit_accuracy,q3-8bi+l31-8bi+g3-12i+phi4mii--s70v0--94ba31df,0.8402583087760293,0.8658904700301854,0.8658904700301854,0.0,0.0368456547096994,0.020705745115194053,0.01613990959450535,0.933734739308811,0.9052892347881799,0.028445504520631104,0.752880818628169,0.6644514964126587,0.08842932221551036,0.101196291435785,0.0973984154758433,0.0037978759599417017,0.3443797613174886,0.34153102136600944,0.0028487399514791623,0.09983111607821085,0.09706721817939966,0.0027638978988111934,0.010343531469588479,0.027988578515168182,-0.017645047045579704
boolq,q3-8bi|l31-8bi|g3-12i|phi4mii,4,1,cons,logodds_sum,fixed,2319,2286,2286,0.9857697283311773,q3-8bi,initial_fit_accuracy,q3-8bi+l31-8bi+g3-12i+phi4mii--s70v0--94ba31df,3.6278490694244643,0.8658904700301854,0.8658904700301854,0.0,0.10925365325915773,0.020705745115194053,0.08854790814396368,0.9341336084991092,0.9052892347881799,0.028844373710929294,0.7554452039575148,0.6644514964126587,0.09099370754485614,0.11702732779399534,0.0973984154758433,0.019628912318152045,0.7067834421604247,0.34153102136600944,0.3652524207944152,0.09957359351383217,0.09706721817939966,0.0025063753344325146,0.018422104137283637,0.027988578515168182,-0.009566474377884545
boolq,q3-8bi|l31-8bi|g3-12i|phi4mii,4,1,cons,logodds_mean,fixed,2319,2286,2286,0.9857697283311773,q3-8bi,initial_fit_accuracy,q3-8bi+l31-8bi+g3-12i+phi4mii--s70v0--94ba31df,0.9069622903808159,0.8658904700301854,0.8658904700301854,0.0,0.028943383908559415,0.020705745115194053,0.008237638793365362,0.9341336084991092,0.9052892347881799,0.028844373710929294,0.7554452039575148,0.6644514964126587,0.09099370754485614,0.09995696141596748,0.0973984154758433,0.0025585459401241822,0.3402309814968865,0.34153102136600944,-0.0013000398691229154,0.0995735935234851,0.09706721817939966,0.002506375344085446,0.018422105186682563,0.027988578515168182,-0.00956647332848562
boolq,q3-8bi|l31-8bi|g3-12i|phi4mii,4,1,cons,shared_rho,fitted,2319,2286,2286,0.9857697283311773,q3-8bi,initial_fit_accuracy,q3-8bi+l31-8bi+g3-12i+phi4mii--s70v0--94ba31df,2.310330356103812,0.8658904700301854,0.8658904700301854,0.0,0.09410811006414412,0.020705745115194053,0.07340236494895006,0.9341336084991092,0.9052892347881799,0.028844373710929294,0.7554452039575148,0.6644514964126587,0.09099370754485614,0.11069583199371913,0.0973984154758433,0.013297416517875832,0.47851077496368044,0.34153102136600944,0.136979753597671,0.09957359352658955,0.09706721817939966,0.002506375347189893,0.01842210552417081,0.027988578515168182,-0.009566472990997374
boolq,q3-8bi|l31-8bi|g3-12i|phi4mii,4,1,cons,shared_scale,fitted,2319,2286,2286,0.9857697283311773,q3-8bi,initial_fit_accuracy,q3-8bi+l31-8bi+g3-12i+phi4mii--s70v0--94ba31df,1.0000000097233437,0.8658904700301854,0.8658904700301854,0.0,0.01842210493989673,0.020705745115194053,-0.0022836401752973218,0.9341336084991092,0.9052892347881799,0.028844373710929294,0.7554452039575148,0.6644514964126587,0.09099370754485614,0.09957359352121835,0.0973984154758433,0.0021751780453750508,0.3371913922750069,0.34153102136600944,-0.00433962909100255,0.0995735935249141,0.09706721817939966,0.0025063753455144416,0.018422105342029076,0.027988578515168182,-0.009566473173139106
boolq,q3-8bi|l31-8bi|g3-12i|phi4mii,4,1,cons,kahn,fitted,2319,2286,2286,0.9857697283311773,q3-8bi,initial_fit_accuracy,q3-8bi+l31-8bi+g3-12i+phi4mii--s70v0--94ba31df,1.2526585956737935,0.8658904700301854,0.8658904700301854,0.0,0.0321957639178867,0.020705745115194053,0.011490018802692646,0.9361950392651346,0.9052892347881799,0.03090580447695468,0.770008542464608,0.6644514964126587,0.10555704605194938,0.09560675472666771,0.0973984154758433,-0.0017916607491755832,0.3334859939709999,0.34153102136600944,-0.008045027395009507,0.09447551533924911,0.09706721817939966,-0.0025917028401505476,0.031724316140217305,0.027988578515168182,0.003735737625049123
boolq,q3-8bi|l31-8bi|g3-12i|phi4mii,4,1,cons,blp,fitted,2319,2286,2286,0.9857697283311773,q3-8bi,initial_fit_accuracy,q3-8bi+l31-8bi+g3-12i+phi4mii--s70v0--94ba31df,1.00273976287503,0.8658904700301854,0.8658904700301854,0.0,0.016704196120392836,0.020705745115194053,-0.004001548994801218,0.935738257487966,0.9052892347881799,0.03044902269978611,0.7669059324865485,0.6644514964126587,0.10245443607388982,0.09394234156736098,0.0973984154758433,-0.003456073908482321,0.3238148635288176,0.34153102136600944,-0.017716157837191826,0.09394498841642591,0.09706721817939966,-0.003122229762973744,0.01681975288219116,0.027988578515168182,-0.011168825632977022
boolq,q3-8bi|l31-8bi|g3-12i|phi4mii,4,1,cons,logistic_pool,fitted,2319,2286,2286,0.9857697283311773,q3-8bi,initial_fit_accuracy,q3-8bi+l31-8bi+g3-12i+phi4mii--s70v0--94ba31df,0.9988941823757629,0.8658904700301854,0.8658904700301854,0.0,0.02536756728135217,0.020705745115194053,0.004661822166158118,0.9352492835899474,0.9052892347881799,0.029960048801767503,0.7643547147327064,0.6644514964126587,0.09990321832004778,0.09456712287063178,0.0973984154758433,-0.002831292605211519,0.32645081078454263,0.34153102136600944,-0.015080210581466802,0.09456626381987548,0.09706721817939966,-0.002500954359524174,0.02531502643563309,0.027988578515168182,-0.002673552079535093
boolq,q3-8bi|l31-8bi|g3-12i|phi4mii,4,1,cons,blp_equal,fitted,2319,2286,2286,0.9857697283311773,q3-8bi,initial_fit_accuracy,q3-8bi+l31-8bi+g3-12i+phi4mii--s70v0--94ba31df,1.0025084178361126,0.8658904700301854,0.8658904700301854,0.0,0.015638780748733202,0.020705745115194053,-0.0050669643664608514,0.933734739308811,0.9052892347881799,0.028445504520631104,0.752880818628169,0.6644514964126587,0.08842932221551036,0.10013183020345745,0.0973984154758433,0.002733414727614153,0.33831174402029346,0.34153102136600944,-0.0032192773457159762,0.10013354102394696,0.09706721817939966,0.0030663228445473034,0.015923902366088885,0.027988578515168182,-0.012064676149079297
boolq,q3-8bi|l31-8bi|g3-12i|phi4mii,4,1,cons,kahn_diagonal,fitted,2319,2286,2286,0.9857697283311773,q3-8bi,initial_fit_accuracy,q3-8bi+l31-8bi+g3-12i+phi4mii--s70v0--94ba31df,1.496402199382847,0.8658904700301854,0.8658904700301854,0.0,0.0602014686180673,0.020705745115194053,0.039495723502873246,0.9361317321499516,0.9052892347881799,0.030842497361771692,0.7685897362040842,0.6644514964126587,0.10413823979142556,0.10337943053183651,0.0973984154758433,0.005981015055993216,0.3679666305096147,0.34153102136600944,0.026435609143605265,0.1007905566917298,0.09706721817939966,0.0037233385123301432,0.0531628412745307,0.027988578515168182,0.025174262759362517
boolq,q3-8bi|l31-8bi|g3-12i|phi4mii,4,1,cons,reference_stream_target,fixed,2319,2286,2286,0.9857697283311773,q3-8bi,initial_fit_accuracy,q3-8bi+l31-8bi+g3-12i+phi4mii--s70v0--94ba31df,1.1628821457028926,0.8658904700301854,0.8658904700301854,0.0,0.020705745115194053,0.020705745115194053,0.0,0.9052892347881799,0.9052892347881799,0.0,0.6644514964126587,0.6644514964126587,0.0,0.0973984154758433,0.0973984154758433,0.0,0.34153102136600944,0.34153102136600944,0.0,0.09706721817939966,0.09706721817939966,0.0,0.027988578515168182,0.027988578515168182,0.0
csqa,g2-9i|g3-12i,2,1,cons,mean,fixed,861,853,853,0.9907084785133565,g2-9i,initial_fit_accuracy,g2-9i+g3-12i--s70v0--76566aad,1.0785726492250218,0.7735191637630662,0.7735191637630662,0.0,0.05243259085595898,0.06881594372801854,-0.01638335287205956,0.874818823316248,0.8428123130818335,0.03200651023441459,0.7413471461459078,0.6700563626260221,0.07129078351988571,0.14641514426207702,0.15909258173765792,-0.012677437475580894,0.4608116676339801,0.5057584458028407,-0.04494677816886056,0.14543668639689342,0.15544319842558846,-0.010006512028695042,0.03944824066164687,0.03402518070268674,0.005423059958960134
csqa,g2-9i|g3-12i,2,1,cons,logodds_sum,fixed,861,853,853,0.9907084785133565,g2-9i,initial_fit_accuracy,g2-9i+g3-12i--s70v0--76566aad,2.22328842667205,0.7735191637630662,0.7735191637630662,0.0,0.14953134659437767,0.06881594372801854,0.08071540286635913,0.8748071835305204,0.8428123130818335,0.031994870448686985,0.7413550845439391,0.6700563626260221,0.07129872191791697,0.17027222470721393,0.15909258173765792,0.011179642969556008,0.6600999090612886,0.5057584458028407,0.1543414632584479,0.14715225763122383,0.15544319842558846,-0.008290940794364626,0.04360943687694196,0.03402518070268674,0.00958425617425522
csqa,g2-9i|g3-12i,2,1,cons,logodds_mean,fixed,861,853,853,0.9907084785133565,g2-9i,initial_fit_accuracy,g2-9i+g3-12i--s70v0--76566aad,1.111644198988605,0.7735191637630662,0.7735191637630662,0.0,0.0626992995289684,0.06881594372801854,-0.006116644199050142,0.8748071835305204,0.8428123130818335,0.031994870448686985,0.7413550845439391,0.6700563626260221,0.07129872191791697,0.14895292625802925,0.15909258173765792,-0.010139655479628668,0.467938643193656,0.5057584458028407,-0.03781980260918466,0.14715225779969734,0.15544319842558846,-0.008290940625891113,0.04360943926104327,0.03402518070268674,0.009584258558356533
csqa,g2-9i|g3-12i,2,1,cons,shared_rho,fitted,861,853,853,0.9907084785133565,g2-9i,initial_fit_accuracy,g2-9i+g3-12i--s70v0--76566aad,1.994576030624584,0.7735191637630662,0.7735191637630662,0.0,0.1407124654838773,0.06881594372801854,0.07189652175585877,0.8748071835305204,0.8428123130818335,0.031994870448686985,0.7413550845439391,0.6700563626260221,0.07129872191791697,0.16689380586531052,0.15909258173765792,0.007801224127652606,0.609791128233731,0.5057584458028407,0.10403268243089037,0.14715225771183538,0.15544319842558846,-0.008290940713753081,0.04360943801769109,0.03402518070268674,0.009584257315004355
csqa,g2-9i|g3-12i,2,1,cons,shared_scale,fitted,861,853,853,0.9907084785133565,g2-9i,initial_fit_accuracy,g2-9i+g3-12i--s70v0--76566aad,1.0000000126365594,0.7735191637630662,0.7735191637630662,0.0,0.043609441227337606,0.06881594372801854,-0.025206502500680933,0.8748071835305204,0.8428123130818335,0.031994870448686985,0.7413550845439391,0.6700563626260221,0.07129872191791697,0.14715225793862327,0.15909258173765792,-0.011940323799034647,0.46136874209268025,0.5057584458028407,-0.04438970371016043,0.147152257773678,0.15544319842558846,-0.008290940651910467,0.043609438892837984,0.03402518070268674,0.009584258190151247
csqa,g2-9i|g3-12i,2,1,cons,kahn,fitted,861,853,853,0.9907084785133565,g2-9i,initial_fit_accuracy,g2-9i+g3-12i--s70v0--76566aad,1.1986817253156623,0.7735191637630662,0.7735191637630662,0.0,0.061803516047177876,0.06881594372801854,-0.007012427680840663,0.8747014552384714,0.8428123130818335,0.03188914215663796,0.7409145034532031,0.6700563626260221,0.070858140827181,0.14669223565640152,0.15909258173765792,-0.012400346081256397,0.46822821901887357,0.5057584458028407,-0.03753022678396711,0.14409338252882684,0.15544319842558846,-0.011349815896761623,0.03094434506787021,0.03402518070268674,-0.0030808356348165263
csqa,g2-9i|g3-12i,2,1,cons,blp,fitted,861,853,853,0.9907084785133565,g2-9i,initial_fit_accuracy,g2-9i+g3-12i--s70v0--76566aad,0.998422774820294,0.7735191637630662,0.7735191637630662,0.0,0.031499100869801934,0.06881594372801854,-0.037316842858216605,0.8749366591411878,0.8428123130818335,0.032124346059354325,0.7420179407795506,0.6700563626260221,0.07196157815352855,0.14396862637338337,0.15909258173765792,-0.01512395536427455,0.45392123017416486,0.5057584458028407,-0.051837215628675826,0.14398213162518353,0.15544319842558846,-0.011461066800404929,0.03177495637197045,0.03402518070268674,-0.0022502243307162897
csqa,g2-9i|g3-12i,2,1,cons,logistic_pool,fitted,861,853,853,0.9907084785133565,g2-9i,initial_fit_accuracy,g2-9i+g3-12i--s70v0--76566aad,0.9954756040570859,0.7735191637630662,0.7735191637630662,0.0,0.03436750789796377,0.06881594372801854,-0.03444843583005477,0.8746741910748443,0.8428123130818335,0.03186187799301088,0.7407716122886402,0.6700563626260221,0.07071524966261811,0.14463639014495494,0.15909258173765792,-0.014456191592702977,0.455950993963241,0.5057584458028407,-0.04980745183959967,0.1446837139278121,0.15544319842558846,-0.010759484497776362,0.03508425829273234,0.03402518070268674,0.0010590775900456012
csqa,g2-9i|g3-12i,2,1,cons,blp_equal,fitted,861,853,853,0.9907084785133565,g2-9i,initial_fit_accuracy,g2-9i+g3-12i--s70v0--76566aad,0.9990344866504948,0.7735191637630662,0.7735191637630662,0.0,0.033135572732528804,0.06881594372801854,-0.035680370995489735,0.874818823316248,0.8428123130818335,0.03200651023441459,0.7413471461459078,0.6700563626260221,0.07129078351988571,0.14404929615021853,0.15909258173765792,-0.015043285587439392,0.45394023291039526,0.5057584458028407,-0.051818212892445425,0.14405768953107131,0.15544319842558846,-0.011385508894517143,0.03330468499299952,0.03402518070268674,-0.0007204957096872203
csqa,g2-9i|g3-12i,2,1,cons,kahn_diagonal,fitted,861,853,853,0.9907084785133565,g2-9i,initial_fit_accuracy,g2-9i+g3-12i--s70v0--76566aad,1.2388408396313129,0.7735191637630662,0.7735191637630662,0.0,0.07126404998919325,0.06881594372801854,0.0024481062611747123,0.8747014552384714,0.8428123130818335,0.03188914215663796,0.7409145034532031,0.6700563626260221,0.070858140827181,0.14768133789342244,0.15909258173765792,-0.011411243844235475,0.47288166278845445,0.5057584458028407,-0.032876783014386235,0.14443527681391533,0.15544319842558846,-0.011007921611673133,0.03519093006665476,0.03402518070268674,0.001165749363968023
csqa,g2-9i|g3-12i,2,1,cons,reference_stream_target,fixed,861,853,853,0.9907084785133565,g2-9i,initial_fit_accuracy,g2-9i+g3-12i--s70v0--76566aad,1.2174013945862074,0.7735191637630662,0.7735191637630662,0.0,0.06881594372801854,0.06881594372801854,0.0,0.8428123130818335,0.8428123130818335,0.0,0.6700563626260221,0.6700563626260221,0.0,0.15909258173765792,0.15909258173765792,0.0,0.5057584458028407,0.5057584458028407,0.0,0.15544319842558846,0.15544319842558846,0.0,0.03402518070268674,0.03402518070268674,0.0
csqa,g2-9i|g3-12i|phi4mii,3,1,cons,mean,fixed,861,856,856,0.9941927990708479,g2-9i,initial_fit_accuracy,g2-9i+g3-12i+phi4mii--s70v0--8038a5fc,1.070835631145076,0.7909407665505227,0.7909407665505227,0.0,0.04369158878525468,0.06647196261682266,-0.02278037383156798,0.8831376648263302,0.8574626890829106,0.025674975743419592,0.7356981870007623,0.6802973053594511,0.055400881641311184,0.14239536460137192,0.15193016614745586,-0.009534801546083937,0.44950002225976926,0.48903222967462673,-0.03953220741485747,0.14163636553052947,0.14807398761337257,-0.0064376220828430974,0.03198806411301874,0.028962853198363787,0.0030252109146549494
csqa,g2-9i|g3-12i|phi4mii,3,1,cons,logodds_sum,fixed,861,856,856,0.9941927990708479,g2-9i,initial_fit_accuracy,g2-9i+g3-12i+phi4mii--s70v0--8038a5fc,3.342068728203147,0.7909407665505227,0.7909407665505227,0.0,0.1607371724407113,0.06647196261682266,0.09426520982388865,0.8830661087836762,0.8574626890829106,0.02560341970076563,0.7354081734115542,0.6802973053594511,0.05511086805210308,0.17312468031931244,0.15193016614745586,0.021194514171856582,0.8927511752126183,0.48903222967462673,0.40371894553799154,0.14323810737668916,0.14807398761337257,-0.00483588023668341,0.03629812120464779,0.028962853198363787,0.007335268006284
csqa,g2-9i|g3-12i|phi4mii,3,1,cons,logodds_mean,fixed,861,856,856,0.9941927990708479,g2-9i,initial_fit_accuracy,g2-9i+g3-12i+phi4mii--s70v0--8038a5fc,1.1140229574351563,0.7909407665505227,0.7909407665505227,0.0,0.05600496599613667,0.06647196261682266,-0.010466996620685988,0.8830661087836762,0.8574626890829106,0.02560341970076563,0.7354081734115542,0.6802973053594511,0.05511086805210308,0.14481529320195746,0.15193016614745586,-0.007114872945498396,0.4568049490988783,0.48903222967462673,-0.03222728057574842,0.14323810691854572,0.14807398761337257,-0.00483588069482685,0.03629811329370696,0.028962853198363787,0.007335260095343174
csqa,g2-9i|g3-12i|phi4mii,3,1,cons,shared_rho,fitted,861,856,856,0.9941927990708479,g2-9i,initial_fit_accuracy,g2-9i+g3-12i+phi4mii--s70v0--8038a5fc,2.077304762001035,0.7909407665505227,0.7909407665505227,0.0,0.1349293809644139,0.06647196261682266,0.06845741834759124,0.8830661087836762,0.8574626890829106,0.02560341970076563,0.7354081734115542,0.6802973053594511,0.05511086805210308,0.162170566802893,0.15193016614745586,0.010240400655437132,0.6056565372055669,0.48903222967462673,0.11662430753094016,0.14323810716443927,0.14807398761337257,-0.004835880448933294,0.03629811753964561,0.028962853198363787,0.007335264341281823
csqa,g2-9i|g3-12i|phi4mii,3,1,cons,shared_scale,fitted,861,856,856,0.9941927990708479,g2-9i,initial_fit_accuracy,g2-9i+g3-12i+phi4mii--s70v0--8038a5fc,1.0000000130191713,0.7909407665505227,0.7909407665505227,0.0,0.036298116782137735,0.06647196261682266,-0.030173845834684923,0.8830661087836762,0.8574626890829106,0.02560341970076563,0.7354081734115542,0.6802973053594511,0.05511086805210308,0.14323810712055887,0.15193016614745586,-0.008692059026896987,0.4511948527281524,0.48903222967462673,-0.03783737694647432,0.14323810698223208,0.14807398761337257,-0.004835880631140488,0.036298114393404815,0.028962853198363787,0.007335261195041028
csqa,g2-9i|g3-12i|phi4mii,3,1,cons,kahn,fitted,861,856,856,0.9941927990708479,g2-9i,initial_fit_accuracy,g2-9i+g3-12i+phi4mii--s70v0--8038a5fc,1.2327134845523011,0.7909407665505227,0.7909407665505227,0.0,0.07254262516570606,0.06647196261682266,0.0060706625488834015,0.883327658830829,0.8574626890829106,0.02586496974791841,0.7367008054091677,0.6802973053594511,0.056403500049716615,0.15161177068417792,0.15193016614745586,-0.0003183954632779429,0.4926834074043681,0.48903222967462673,0.003651177729741384,0.14761087599709075,0.14807398761337257,-0.0004631116162818194,0.03730151814174338,0.028962853198363787,0.008338664943379592
csqa,g2-9i|g3-12i|phi4mii,3,1,cons,blp,fitted,861,856,856,0.9941927990708479,g2-9i,initial_fit_accuracy,g2-9i+g3-12i+phi4mii--s70v0--8038a5fc,1.0020306460167947,0.7909407665505227,0.7909407665505227,0.0,0.03293409270221156,0.06647196261682266,-0.0335378699146111,0.8834414609110853,0.8574626890829106,0.025978771828174763,0.7371068244340592,0.6802973053594511,0.05680951907460807,0.14223888285016567,0.15193016614745586,-0.009691283297290187,0.4495530421794189,0.48903222967462673,-0.039479187495207846,0.1422180555734715,0.14807398761337257,-0.005855932039901063,0.032569028579236325,0.028962853198363787,0.003606175380872538
csqa,g2-9i|g3-12i|phi4mii,3,1,cons,logistic_pool,fitted,861,856,856,0.9941927990708479,g2-9i,initial_fit_accuracy,g2-9i+g3-12i+phi4mii--s70v0--8038a5fc,0.9968462293761206,0.7909407665505227,0.7909407665505227,0.0,0.034740109372454454,0.06647196261682266,-0.031731853244368204,0.8834433540965552,0.8574626890829106,0.0259806650136446,0.7371979715620961,0.6802973053594511,0.056900666202645,0.14354014673534202,0.15193016614745586,-0.008390019412113842,0.4534820097723129,0.48903222967462673,-0.03555021990231383,0.14357705643210422,0.14807398761337257,-0.004496931181268343,0.03533556891093268,0.028962853198363787,0.006372715712568894
csqa,g2-9i|g3-12i|phi4mii,3,1,cons,blp_equal,fitted,861,856,856,0.9941927990708479,g2-9i,initial_fit_accuracy,g2-9i+g3-12i+phi4mii--s70v0--8038a5fc,1.0017816827698869,0.7909407665505227,0.7909407665505227,0.0,0.028192958663460332,0.06647196261682266,-0.038279003953362326,0.8831376648263302,0.8574626890829106,0.025674975743419592,0.7356981870007623,0.6802973053594511,0.055400881641311184,0.14203250111347798,0.15193016614745586,-0.009897665033977876,0.4484125230229884,0.48903222967462673,-0.04061970665163833,0.14201678886635372,0.14807398761337257,-0.006057198747018849,0.027901652926920806,0.028962853198363787,-0.001061200271442981
csqa,g2-9i|g3-12i|phi4mii,3,1,cons,kahn_diagonal,fitted,861,856,856,0.9941927990708479,g2-9i,initial_fit_accuracy,g2-9i+g3-12i+phi4mii--s70v0--8038a5fc,1.6413002487207777,0.7909407665505227,0.7909407665505227,0.0,0.12205037061556638,0.06647196261682266,0.05557840799874372,0.8833017108512836,0.8574626890829106,0.02583902176837305,0.7364687945378012,0.6802973053594511,0.05617148917835013,0.16642101442319754,0.15193016614745586,0.01449084827574168,0.6069270002489533,0.48903222967462673,0.11789477057432657,0.1552239213719432,0.14807398761337257,0.007149933758570648,0.06750451797341567,0.028962853198363787,0.03854166477505188
csqa,g2-9i|g3-12i|phi4mii,3,1,cons,reference_stream_target,fixed,861,856,856,0.9941927990708479,g2-9i,initial_fit_accuracy,g2-9i+g3-12i+phi4mii--s70v0--8038a5fc,1.2438414547629473,0.7909407665505227,0.7909407665505227,0.0,0.06647196261682266,0.06647196261682266,0.0,0.8574626890829106,0.8574626890829106,0.0,0.6802973053594511,0.6802973053594511,0.0,0.15193016614745586,0.15193016614745586,0.0,0.48903222967462673,0.48903222967462673,0.0,0.14807398761337257,0.14807398761337257,0.0,0.028962853198363787,0.028962853198363787,0.0
csqa,g2-9i|phi4mii,2,1,cons,mean,fixed,861,851,851,0.9883855981416957,g2-9i,initial_fit_accuracy,g2-9i+phi4mii--s70v0--7842c2c7,1.0144476397383164,0.7839721254355401,0.7839721254355401,0.0,0.04130434782619037,0.07730121425773526,-0.035996866431544886,0.8668019357510811,0.8302360227178018,0.036565913033279274,0.6995679955321211,0.6175898092938452,0.08197818623827591,0.1517698132915563,0.16693726335030684,-0.015167450058750531,0.47543619240828017,0.5285082709392257,-0.05307207853094553,0.15156362878507315,0.16403939821343902,-0.012475769428365868,0.03880523314073965,0.056718012248036506,-0.017912779107296856
csqa,g2-9i|phi4mii,2,1,cons,logodds_sum,fixed,861,851,851,0.9883855981416957,g2-9i,initial_fit_accuracy,g2-9i+phi4mii--s70v0--7842c2c7,2.1004970958003457,0.7839721254355401,0.7839721254355401,0.0,0.1469764361452927,0.07730121425773526,0.06967522188755745,0.866782161813481,0.8302360227178018,0.036546139095679164,0.699411948290872,0.6175898092938452,0.08182213899702684,0.17572723544864688,0.16693726335030684,0.008789972098340038,0.6743207734168228,0.5285082709392257,0.14581250247759714,0.1529504217162543,0.16403939821343902,-0.01108897649718471,0.04885864724508336,0.056718012248036506,-0.007859365002953145
csqa,g2-9i|phi4mii,2,1,cons,logodds_mean,fixed,861,851,851,0.9883855981416957,g2-9i,initial_fit_accuracy,g2-9i+phi4mii--s70v0--7842c2c7,1.0502485396530186,0.7839721254355401,0.7839721254355401,0.0,0.0575471883565382,0.07730121425773526,-0.019754025901197056,0.866782161813481,0.8302360227178018,0.036546139095679164,0.699411948290872,0.6175898092938452,0.08182213899702684,0.15387149010962964,0.16693726335030684,-0.013065773240677203,0.48129386179389594,0.5285082709392257,-0.04721440914532976,0.15295042185007823,0.16403939821343902,-0.011088976363360786,0.0488586486531055,0.056718012248036506,-0.007859363594931008
csqa,g2-9i|phi4mii,2,1,cons,shared_rho,fitted,861,851,851,0.9883855981416957,g2-9i,initial_fit_accuracy,g2-9i+phi4mii--s70v0--7842c2c7,1.852127580349197,0.7839721254355401,0.7839721254355401,0.0,0.13732701436261685,0.07730121425773526,0.060025800104881594,0.866782161813481,0.8302360227178018,0.036546139095679164,0.699411948290872,0.6175898092938452,0.08182213899702684,0.1715963031700947,0.16693726335030684,0.004659039819787852,0.616323559684811,0.5285082709392257,0.08781528874558531,0.15295042149039886,0.16403939821343902,-0.011088976723040156,0.0488586448687572,0.056718012248036506,-0.007859367379279308
csqa,g2-9i|phi4mii,2,1,cons,shared_scale,fitted,861,851,851,0.9883855981416957,g2-9i,initial_fit_accuracy,g2-9i+phi4mii--s70v0--7842c2c7,1.0000000250095253,0.7839721254355401,0.7839721254355401,0.0,0.048858651066644894,0.07730121425773526,-0.028442563191090363,0.866782161813481,0.8302360227178018,0.036546139095679164,0.699411948290872,0.6175898092938452,0.08182213899702684,0.15295042207947754,0.16693726335030684,-0.013986841270829303,0.47761599761791185,0.5285082709392257,-0.05089227332131385,0.1529504216532848,0.16403939821343902,-0.011088976560154229,0.04885864658255286,0.056718012248036506,-0.007859365665483647
csqa,g2-9i|phi4mii,2,1,cons,kahn,fitted,861,851,851,0.9883855981416957,g2-9i,initial_fit_accuracy,g2-9i+phi4mii--s70v0--7842c2c7,1.1059008310942606,0.7839721254355401,0.7839721254355401,0.0,0.06079550154577934,0.07730121425773526,-0.016505712711955917,0.8667654688127236,0.8302360227178018,0.036529446094921814,0.6994324808226153,0.6175898092938452,0.08184267152877012,0.15509906158039513,0.16693726335030684,-0.01183820176991171,0.4866934122514066,0.5285082709392257,-0.04181485868781909,0.1532234680545626,0.16403939821343902,-0.010815930158876413,0.04389393997897343,0.056718012248036506,-0.012824072269063076
csqa,g2-9i|phi4mii,2,1,cons,blp,fitted,861,851,851,0.9883855981416957,g2-9i,initial_fit_accuracy,g2-9i+phi4mii--s70v0--7842c2c7,1.0022975622276036,0.7839721254355401,0.7839721254355401,0.0,0.04813130901496583,0.07730121425773526,-0.029169905242769426,0.8665760204016448,0.8302360227178018,0.036339997683842995,0.6985454754513051,0.6175898092938452,0.08095566615745986,0.15234871873952172,0.16693726335030684,-0.014588544610785126,0.4765594608729294,0.5285082709392257,-0.051948810066296314,0.15231344349034437,0.16403939821343902,-0.01172595472309465,0.047719092904324883,0.056718012248036506,-0.008998919343711623
csqa,g2-9i|phi4mii,2,1,cons,logistic_pool,fitted,861,851,851,0.9883855981416957,g2-9i,initial_fit_accuracy,g2-9i+phi4mii--s70v0--7842c2c7,0.9964739272507277,0.7839721254355401,0.7839721254355401,0.0,0.04648898122293665,0.07730121425773526,-0.03081223303479861,0.8666784571559236,0.8302360227178018,0.036442434438121785,0.6989232740353817,0.6175898092938452,0.08133346474153647,0.1536110300937536,0.16693726335030684,-0.013326233256553244,0.47938537272492215,0.5285082709392257,-0.049122898214303545,0.15367343458429678,0.16403939821343902,-0.010365963629142244,0.04714476719061792,0.056718012248036506,-0.009573245057418585
csqa,g2-9i|phi4mii,2,1,cons,blp_equal,fitted,861,851,851,0.9883855981416957,g2-9i,initial_fit_accuracy,g2-9i+phi4mii--s70v0--7842c2c7,1.002782922157586,0.7839721254355401,0.7839721254355401,0.0,0.04401015920146078,0.07730121425773526,-0.03329105505627448,0.8668019357510811,0.8302360227178018,0.036565913033279274,0.6995679955321211,0.6175898092938452,0.08197818623827591,0.15204767982175038,0.16693726335030684,-0.01488958352855646,0.4756983194440735,0.5285082709392257,-0.05280995149515222,0.15200572883352162,0.16403939821343902,-0.0120336693799174,0.04351072365611457,0.056718012248036506,-0.01320728859192194
csqa,g2-9i|phi4mii,2,1,cons,kahn_diagonal,fitted,861,851,851,0.9883855981416957,g2-9i,initial_fit_accuracy,g2-9i+phi4mii--s70v0--7842c2c7,1.1503422425351835,0.7839721254355401,0.7839721254355401,0.0,0.06657762510704954,0.07730121425773526,-0.01072358915068572,0.8667154297469828,0.8302360227178018,0.036479407029180955,0.6991614514036039,0.6175898092938452,0.08157164210975865,0.15631198374248695,0.16693726335030684,-0.010625279607819893,0.4915646993425979,0.5285082709392257,-0.03694357159662781,0.15362318073253875,0.16403939821343902,-0.01041621748090027,0.04294422293746801,0.056718012248036506,-0.013773789310568496
csqa,g2-9i|phi4mii,2,1,cons,reference_stream_target,fixed,861,851,851,0.9883855981416957,g2-9i,initial_fit_accuracy,g2-9i+phi4mii--s70v0--7842c2c7,1.1488786556675838,0.7839721254355401,0.7839721254355401,0.0,0.07730121425773526,0.07730121425773526,0.0,0.8302360227178018,0.8302360227178018,0.0,0.6175898092938452,0.6175898092938452,0.0,0.16693726335030684,0.16693726335030684,0.0,0.5285082709392257,0.5285082709392257,0.0,0.16403939821343902,0.16403939821343902,0.0,0.056718012248036506,0.056718012248036506,0.0
csqa,q3-4bi|l31-8bi|g3-12i,3,1,cons,mean,fixed,861,856,856,0.9941927990708479,g3-12i,initial_fit_accuracy,q3-4bi+l31-8bi+g3-12i--s70v0--d44df423,1.0488957099582388,0.7793263646922184,0.7793263646922184,0.0,0.04516809449648131,0.08615654205607406,-0.04098844755959275,0.8843013885885566,0.8437144895268729,0.04058689906168367,0.7627376787796578,0.6693716633746619,0.0933660154049959,0.1391954846688595,0.1630565290758048,-0.02386104440694531,0.44188182197293324,0.5206487263327255,-0.07876690435979228,0.13905996247091867,0.1560610017603613,-0.017001039289442632,0.04403326115984866,0.03228845418775896,0.011744806972089697
csqa,q3-4bi|l31-8bi|g3-12i,3,1,cons,logodds_sum,fixed,861,856,856,0.9941927990708479,g3-12i,initial_fit_accuracy,q3-4bi+l31-8bi+g3-12i--s70v0--d44df423,3.343657833042815,0.7793263646922184,0.7793263646922184,0.0,0.16269424013180322,0.08615654205607406,0.07653769807572916,0.8843864955431977,0.8437144895268729,0.04067200601632481,0.7632096650087654,0.6693716633746619,0.0938380016341035,0.17014509449442008,0.1630565290758048,0.0070885654186152725,0.8234540964800499,0.5206487263327255,0.30280537014732434,0.1396616510421331,0.1560610017603613,-0.016399350718228206,0.04206721507218205,0.03228845418775896,0.009778760884423088
csqa,q3-4bi|l31-8bi|g3-12i,3,1,cons,logodds_mean,fixed,861,856,856,0.9941927990708479,g3-12i,initial_fit_accuracy,q3-4bi+l31-8bi+g3-12i--s70v0--d44df423,1.1145526031027493,0.7793263646922184,0.7793263646922184,0.0,0.044982487222767556,0.08615654205607406,-0.04117405483330651,0.8843864955431977,0.8437144895268729,0.04067200601632481,0.7632096650087654,0.6693716633746619,0.0938380016341035,0.1405047266840856,0.1630565290758048,-0.022551802391719222,0.4450984883651224,0.5206487263327255,-0.07555023796760313,0.13966165106668224,0.1560610017603613,-0.016399350693679066,0.04206721426041623,0.03228845418775896,0.009778760072657267
csqa,q3-4bi|l31-8bi|g3-12i,3,1,cons,shared_rho,fitted,861,856,856,0.9941927990708479,g3-12i,initial_fit_accuracy,q3-4bi+l31-8bi+g3-12i--s70v0--d44df423,2.421801970054095,0.7793263646922184,0.7793263646922184,0.0,0.14463219302160601,0.08615654205607406,0.05847565096553195,0.8843864955431977,0.8437144895268729,0.04067200601632481,0.7632096650087654,0.6693716633746619,0.0938380016341035,0.16134634829857902,0.1630565290758048,-0.0017101807772257893,0.631029563070537,0.5206487263327255,0.11038083673781152,0.13966165106042053,0.1560610017603613,-0.01639935069994078,0.04206721446747232,0.03228845418775896,0.009778760279713361
csqa,q3-4bi|l31-8bi|g3-12i,3,1,cons,shared_scale,fitted,861,856,856,0.9941927990708479,g3-12i,initial_fit_accuracy,q3-4bi+l31-8bi+g3-12i--s70v0--d44df423,1.0000000117581653,0.7793263646922184,0.7793263646922184,0.0,0.04206721365306773,0.08615654205607406,-0.044089328403006334,0.8843864955431977,0.8437144895268729,0.04067200601632481,0.7632096650087654,0.6693716633746619,0.0938380016341035,0.13966165108503853,0.1630565290758048,-0.023394877990766283,0.4427345641100051,0.5206487263327255,-0.0779141622227204,0.13966165104438158,0.1560610017603613,-0.016399350715979727,0.042067214997832364,0.03228845418775896,0.009778760810073402
csqa,q3-4bi|l31-8bi|g3-12i,3,1,cons,kahn,fitted,861,856,856,0.9941927990708479,g3-12i,initial_fit_accuracy,q3-4bi+l31-8bi+g3-12i--s70v0--d44df423,1.1807118306809439,0.7793263646922184,0.7793263646922184,0.0,0.04927301335038197,0.08615654205607406,-0.036883528705692094,0.8833336139723433,0.8437144895268729,0.039619124445470444,0.7598700649675162,0.6693716633746619,0.09049840159285427,0.1386922703848716,0.1630565290758048,-0.0243642586909332,0.4505428832654573,0.5206487263327255,-0.07010584306726825,0.1372281678179638,0.1560610017603613,-0.018832833942397514,0.03171817116749105,0.03228845418775896,-0.0005702830202679102
csqa,q3-4bi|l31-8bi|g3-12i,3,1,cons,blp,fitted,861,856,856,0.9941927990708479,g3-12i,initial_fit_accuracy,q3-4bi+l31-8bi+g3-12i--s70v0--d44df423,1.0023863143163385,0.7793263646922184,0.7793263646922184,0.0,0.03331248186687964,0.08615654205607406,-0.05284406018919442,0.8845729897146584,0.8437144895268729,0.040858500187785474,0.7644471415086108,0.6693716633746619,0.0950754781339489,0.13722920076544673,0.1630565290758048,-0.025827328310358083,0.4384558164715416,0.5206487263327255,-0.08219290986118394,0.13722095453580418,0.1560610017603613,-0.01884004722455712,0.03357521224475008,0.03228845418775896,0.0012867580569911191
csqa,q3-4bi|l31-8bi|g3-12i,3,1,cons,logistic_pool,fitted,861,856,856,0.9941927990708479,g3-12i,initial_fit_accuracy,q3-4bi+l31-8bi+g3-12i--s70v0--d44df423,0.9970475838417512,0.7793263646922184,0.7793263646922184,0.0,0.03330597671649421,0.08615654205607406,-0.05285056533957985,0.8832107671881922,0.8437144895268729,0.03949627766131936,0.7593465172175817,0.6693716633746619,0.08997485384291981,0.13773524416806726,0.1630565290758048,-0.02532128490773755,0.4403343099898687,0.5206487263327255,-0.0803144163428568,0.13774533002460926,0.1560610017603613,-0.018315671735752048,0.03294453787948598,0.03228845418775896,0.0006560836917270177
csqa,q3-4bi|l31-8bi|g3-12i,3,1,cons,blp_equal,fitted,861,856,856,0.9941927990708479,g3-12i,initial_fit_accuracy,q3-4bi+l31-8bi+g3-12i--s70v0--d44df423,1.001599900673152,0.7793263646922184,0.7793263646922184,0.0,0.043954470214136655,0.08615654205607406,-0.04220207184193741,0.8843013885885566,0.8437144895268729,0.04058689906168367,0.7627376787796578,0.6693716633746619,0.0933660154049959,0.1386224633089724,0.1630565290758048,-0.024434065766832408,0.4406519648576688,0.5206487263327255,-0.07999676147505674,0.13862140669204812,0.1560610017603613,-0.01743959506831319,0.043904626246150776,0.03228845418775896,0.011616172058391813
csqa,q3-4bi|l31-8bi|g3-12i,3,1,cons,kahn_diagonal,fitted,861,856,856,0.9941927990708479,g3-12i,initial_fit_accuracy,q3-4bi+l31-8bi+g3-12i--s70v0--d44df423,1.335383400480422,0.7793263646922184,0.7793263646922184,0.0,0.05801129963831322,0.08615654205607406,-0.028145242417760848,0.8846865434261767,0.8437144895268729,0.040972053899303806,0.7650182845085394,0.6693716633746619,0.09564662113387745,0.13900399407114103,0.1630565290758048,-0.024052535004663783,0.468404244239564,0.5206487263327255,-0.052244482093161515,0.13686714198808464,0.1560610017603613,-0.019193859772276667,0.04319714822979101,0.03228845418775896,0.010908694042032048
csqa,q3-4bi|l31-8bi|g3-12i,3,1,cons,reference_stream_target,fixed,861,856,856,0.9941927990708479,g3-12i,initial_fit_accuracy,q3-4bi+l31-8bi+g3-12i--s70v0--d44df423,1.4282158542292245,0.7793263646922184,0.7793263646922184,0.0,0.08615654205607406,0.08615654205607406,0.0,0.8437144895268729,0.8437144895268729,0.0,0.6693716633746619,0.6693716633746619,0.0,0.1630565290758048,0.1630565290758048,0.0,0.5206487263327255,0.5206487263327255,0.0,0.1560610017603613,0.1560610017603613,0.0,0.03228845418775896,0.03228845418775896,0.0
csqa,q3-4bi|q3-8bi,2,1,cons,mean,fixed,861,860,860,0.9988385598141696,q3-4bi,initial_fit_accuracy,q3-4bi+q3-8bi--s70v0--714635cf,1.2810560844973178,0.7711962833914053,0.7711962833914053,0.0,0.09428294573667811,0.0959302325581391,-0.0016472868214609804,0.8516208487692034,0.8238071386628079,0.02781371010639555,0.7073523669522476,0.641282127845281,0.06607023910696652,0.15798611111113905,0.1643733850129199,-0.006387273901780843,0.49817405825123934,0.5287673020498455,-0.030593243798606118,0.15256789157869347,0.15565816540613,-0.0030902738274365404,0.048506281033977736,0.024743206150512412,0.023763074883465324
csqa,q3-4bi|q3-8bi,2,1,cons,logodds_sum,fixed,861,860,860,0.9988385598141696,q3-4bi,initial_fit_accuracy,q3-4bi+q3-8bi--s70v0--714635cf,2.589804754638677,0.7711962833914053,0.7711962833914053,0.0,0.18135841810943817,0.0959302325581391,0.08542818555129908,0.8516354386213577,0.8238071386628079,0.02782829995854985,0.707432758343478,0.641282127845281,0.06615063049819692,0.1876465889951486,0.1643733850129199,0.023273203982228707,0.780234059652275,0.5287673020498455,0.25146675760242954,0.15478713278324,0.15565816540613,-0.0008710326228900112,0.05150959206857632,0.024743206150512412,0.026766385918063906
csqa,q3-4bi|q3-8bi,2,1,cons,logodds_mean,fixed,861,860,860,0.9988385598141696,q3-4bi,initial_fit_accuracy,q3-4bi+q3-8bi--s70v0--714635cf,1.294902409295435,0.7711962833914053,0.7711962833914053,0.0,0.10260838748999561,0.0959302325581391,0.006678154931856514,0.8516354386213577,0.8238071386628079,0.02782829995854985,0.707432758343478,0.641282127845281,0.06615063049819692,0.16130217517015027,0.1643733850129199,-0.0030712098427696233,0.5070439079259772,0.5287673020498455,-0.021723394123868256,0.15478713242456354,0.15565816540613,-0.0008710329815664608,0.05150958711578974,0.024743206150512412,0.02676638096527733
csqa,q3-4bi|q3-8bi,2,1,cons,shared_rho,fitted,861,860,860,0.9988385598141696,q3-4bi,initial_fit_accuracy,q3-4bi+q3-8bi--s70v0--714635cf,2.2214274371671956,0.7711962833914053,0.7711962833914053,0.0,0.17209781883512432,0.0959302325581391,0.07616758627698522,0.8516354386213577,0.8238071386628079,0.02782829995854985,0.707432758343478,0.641282127845281,0.06615063049819692,0.18251513352872775,0.1643733850129199,0.018141748515807854,0.6885841130817193,0.5287673020498455,0.15981681103187384,0.15478713282553574,0.15565816540613,-0.0008710325805942609,0.05150959265261798,0.024743206150512412,0.02676638650210557
csqa,q3-4bi|q3-8bi,2,1,cons,shared_scale,fitted,861,860,860,0.9988385598141696,q3-4bi,initial_fit_accuracy,q3-4bi+q3-8bi--s70v0--714635cf,0.9999999953749235,0.7711962833914053,0.7711962833914053,0.0,0.05150959370042796,0.0959302325581391,-0.04442063885771114,0.8516354386213577,0.8238071386628079,0.02782829995854985,0.707432758343478,0.641282127845281,0.06615063049819692,0.15478713290139465,0.1643733850129199,-0.00958625211152525,0.48188437893847136,0.5287673020498455,-0.0468829231113741,0.154787132968575,0.15565816540613,-0.0008710324375550138,0.0515095946277759,0.024743206150512412,0.026766388477263488
csqa,q3-4bi|q3-8bi,2,1,cons,kahn,fitted,861,860,860,0.9988385598141696,q3-4bi,initial_fit_accuracy,q3-4bi+q3-8bi--s70v0--714635cf,1.1366527558582926,0.7711962833914053,0.7711962833914053,0.0,0.05556776426332861,0.0959302325581391,-0.04036246829481049,0.8518556261258413,0.8238071386628079,0.028048487463033456,0.7084931590754224,0.641282127845281,0.06721103123014138,0.15068831177895214,0.1643733850129199,-0.013685073233967754,0.4747383454297316,0.5287673020498455,-0.054028956620113866,0.1488893501823184,0.15565816540613,-0.0067688152238116195,0.03589462365661587,0.024743206150512412,0.011151417506103461
csqa,q3-4bi|q3-8bi,2,1,cons,blp,fitted,861,860,860,0.9988385598141696,q3-4bi,initial_fit_accuracy,q3-4bi+q3-8bi--s70v0--714635cf,1.0009202683079608,0.7711962833914053,0.7711962833914053,0.0,0.04600668591265224,0.0959302325581391,-0.04992354664548686,0.8518195989815018,0.8238071386628079,0.028012460318693977,0.7083017510010642,0.641282127845281,0.06701962315578314,0.15246708979069046,0.1643733850129199,-0.01190629522222944,0.4764570823559956,0.5287673020498455,-0.05231021969384986,0.15245602737607108,0.15565816540613,-0.003202138030058921,0.04582787233718924,0.024743206150512412,0.02108466618667683
csqa,q3-4bi|q3-8bi,2,1,cons,logistic_pool,fitted,861,860,860,0.9988385598141696,q3-4bi,initial_fit_accuracy,q3-4bi+q3-8bi--s70v0--714635cf,0.9972914290804274,0.7711962833914053,0.7711962833914053,0.0,0.049074884835719625,0.0959302325581391,-0.04685534772241947,0.8518556261258413,0.8238071386628079,0.028048487463033456,0.7084931590754224,0.641282127845281,0.06721103123014138,0.15308263936964248,0.1643733850129199,-0.011290745643277422,0.4780483209357229,0.5287673020498455,-0.05071898111412254,0.15311799472696982,0.15565816540613,-0.002540170679160181,0.049607810268021364,0.024743206150512412,0.024864604117508952
csqa,q3-4bi|q3-8bi,2,1,cons,blp_equal,fitted,861,860,860,0.9988385598141696,q3-4bi,initial_fit_accuracy,q3-4bi+q3-8bi--s70v0--714635cf,1.0009362139187132,0.7711962833914053,0.7711962833914053,0.0,0.04892514631426975,0.0959302325581391,-0.04700508624386934,0.8516208487692034,0.8238071386628079,0.02781371010639555,0.7073523669522476,0.641282127845281,0.06607023910696652,0.1527641271798779,0.1643733850129199,-0.011609257833042008,0.4771098103296395,0.5287673020498455,-0.05165749172020595,0.15275263963410327,0.15565816540613,-0.0029055257720267402,0.04874268735164097,0.024743206150512412,0.02399948120112856
csqa,q3-4bi|q3-8bi,2,1,cons,kahn_diagonal,fitted,861,860,860,0.9988385598141696,q3-4bi,initial_fit_accuracy,q3-4bi+q3-8bi--s70v0--714635cf,1.208217477759006,0.7711962833914053,0.7711962833914053,0.0,0.06266179752963681,0.0959302325581391,-0.03326843502850228,0.8518556261258413,0.8238071386628079,0.028048487463033456,0.7084931590754224,0.641282127845281,0.06721103123014138,0.15027629608300627,0.1643733850129199,-0.014097088929913626,0.4757503525964243,0.5287673020498455,-0.05301694945342117,0.14757313043673362,0.15565816540613,-0.008085034969396387,0.027409634838065293,0.024743206150512412,0.002666428687552881
csqa,q3-4bi|q3-8bi,2,1,cons,reference_stream_target,fixed,861,860,860,0.9988385598141696,q3-4bi,initial_fit_accuracy,q3-4bi+q3-8bi--s70v0--714635cf,1.4487850614645403,0.7711962833914053,0.7711962833914053,0.0,0.0959302325581391,0.0959302325581391,0.0,0.8238071386628079,0.8238071386628079,0.0,0.641282127845281,0.641282127845281,0.0,0.1643733850129199,0.1643733850129199,0.0,0.5287673020498455,0.5287673020498455,0.0,0.15565816540613,0.15565816540613,0.0,0.024743206150512412,0.024743206150512412,0.0
csqa,q3-4bi|q3-8bi|l31-8bi,3,1,cons,mean,fixed,861,852,852,0.9895470383275261,q3-4bi,initial_fit_accuracy,q3-4bi+q3-8bi+l31-8bi--s70v0--ce6c68c4,1.0276406370120936,0.8060394889663183,0.8060394889663183,0.0,0.03313119457469598,0.0766236306729255,-0.043492436098229524,0.8978547790915774,0.8492549283333302,0.04859985075824724,0.7406477220836699,0.6329560223400892,0.10769169974358073,0.13534753013967527,0.1478217918622848,-0.012474261722609542,0.42908469229219126,0.4837903546777803,-0.05470566238558905,0.13532666006907332,0.1424700731141461,-0.007143413045072794,0.03564905658389168,0.01527785830529524,0.020371198278596445
csqa,q3-4bi|q3-8bi|l31-8bi,3,1,cons,logodds_sum,fixed,861,852,852,0.9895470383275261,q3-4bi,initial_fit_accuracy,q3-4bi+q3-8bi+l31-8bi--s70v0--ce6c68c4,3.257533843815073,0.8060394889663183,0.8060394889663183,0.0,0.16341216465298997,0.0766236306729255,0.08678853398006446,0.8979885878688875,0.8492549283333302,0.048733659535557305,0.7412887702413151,0.6329560223400892,0.10833274790122593,0.16780812683653698,0.1478217918622848,0.019986334974252173,0.788078915678438,0.4837903546777803,0.3042885610006577,0.13694342092132186,0.1424700731141461,-0.00552665219282425,0.04918434098097706,0.01527785830529524,0.03390648267568182
csqa,q3-4bi|q3-8bi|l31-8bi,3,1,cons,logodds_mean,fixed,861,852,852,0.9895470383275261,q3-4bi,initial_fit_accuracy,q3-4bi+q3-8bi+l31-8bi--s70v0--ce6c68c4,1.0858445891075723,0.8060394889663183,0.8060394889663183,0.0,0.0497942463036173,0.0766236306729255,-0.026829384369308207,0.8979885878688875,0.8492549283333302,0.048733659535557305,0.7412887702413151,0.6329560223400892,0.10833274790122593,0.13756625879290876,0.1478217918622848,-0.010255533069376044,0.4347796647547977,0.4837903546777803,-0.04901068992298263,0.1369434210177457,0.1424700731141461,-0.0055266520964004084,0.04918433826624621,0.01527785830529524,0.03390647996095097
csqa,q3-4bi|q3-8bi|l31-8bi,3,1,cons,shared_rho,fitted,861,852,852,0.9895470383275261,q3-4bi,initial_fit_accuracy,q3-4bi+q3-8bi+l31-8bi--s70v0--ce6c68c4,2.3793764406205904,0.8060394889663183,0.8060394889663183,0.0,0.1449035419578079,0.0766236306729255,0.06827991128488241,0.8979885878688875,0.8492549283333302,0.048733659535557305,0.7412887702413151,0.6329560223400892,0.10833274790122593,0.15924195601552485,0.1478217918622848,0.011420164153240042,0.6087432594916409,0.4837903546777803,0.12495290481386057,0.13694342097941126,0.1424700731141461,-0.005526652134734855,0.04918433934551952,0.01527785830529524,0.033906481040224284
csqa,q3-4bi|q3-8bi|l31-8bi,3,1,cons,shared_scale,fitted,861,852,852,0.9895470383275261,q3-4bi,initial_fit_accuracy,q3-4bi+q3-8bi+l31-8bi--s70v0--ce6c68c4,1.0000000050247728,0.8060394889663183,0.8060394889663183,0.0,0.04918433767941078,0.0766236306729255,-0.027439292993514726,0.8979885878688875,0.8492549283333302,0.048733659535557305,0.7412887702413151,0.6329560223400892,0.10833274790122593,0.1369434210385977,0.1478217918622848,-0.010878370823687117,0.433806587700944,0.4837903546777803,-0.04998376697683632,0.1369434210179628,0.1424700731141461,-0.005526652096183304,0.04918433826013261,0.01527785830529524,0.03390647995483737
csqa,q3-4bi|q3-8bi|l31-8bi,3,1,cons,kahn,fitted,861,852,852,0.9895470383275261,q3-4bi,initial_fit_accuracy,q3-4bi+q3-8bi+l31-8bi--s70v0--ce6c68c4,1.1146361602681405,0.8060394889663183,0.8060394889663183,0.0,0.06199219612933931,0.0766236306729255,-0.014631434543586196,0.9005457474922969,0.8492549283333302,0.051290819158966716,0.7523183111454564,0.6329560223400892,0.11936228880536726,0.13852445143638478,0.1478217918622848,-0.009297340425900025,0.43859517893437244,0.4837903546777803,-0.04519517574340787,0.1372620312703706,0.1424700731141461,-0.005208041843775518,0.042017856144009776,0.01527785830529524,0.026739997838714537
csqa,q3-4bi|q3-8bi|l31-8bi,3,1,cons,blp,fitted,861,852,852,0.9895470383275261,q3-4bi,initial_fit_accuracy,q3-4bi+q3-8bi+l31-8bi--s70v0--ce6c68c4,0.9997113885613883,0.8060394889663183,0.8060394889663183,0.0,0.022621864819266455,0.0766236306729255,-0.05400176585365905,0.9006817370143765,0.8492549283333302,0.05142680868104632,0.7530647370824406,0.6329560223400892,0.12010871474235141,0.13461117083818427,0.1478217918622848,-0.013210621024100533,0.4298528308659392,0.4837903546777803,-0.05393752381184114,0.134612335251352,0.1424700731141461,-0.007857737862794117,0.022574186971470882,0.01527785830529524,0.007296328666175642
csqa,q3-4bi|q3-8bi|l31-8bi,3,1,cons,logistic_pool,fitted,861,852,852,0.9895470383275261,q3-4bi,initial_fit_accuracy,q3-4bi+q3-8bi+l31-8bi--s70v0--ce6c68c4,0.9979275488507606,0.8060394889663183,0.8060394889663183,0.0,0.023898435918877955,0.0766236306729255,-0.05272519475404755,0.9000492402758047,0.8492549283333302,0.050794311942474524,0.7502195370402894,0.6329560223400892,0.11726351470020024,0.1358984553608653,0.1478217918622848,-0.011923336501419496,0.43375538647295014,0.4837903546777803,-0.050034968204830166,0.13590899468137763,0.1424700731141461,-0.006561078432768486,0.02355502121066388,0.01527785830529524,0.00827716290536864
csqa,q3-4bi|q3-8bi|l31-8bi,3,1,cons,blp_equal,fitted,861,852,852,0.9895470383275261,q3-4bi,initial_fit_accuracy,q3-4bi+q3-8bi+l31-8bi--s70v0--ce6c68c4,0.9969251219608324,0.8060394889663183,0.8060394889663183,0.0,0.04330935775972189,0.0766236306729255,-0.033314272913203616,0.8978547790915774,0.8492549283333302,0.04859985075824724,0.7406477220836699,0.6329560223400892,0.10769169974358073,0.13639216820619937,0.1478217918622848,-0.011429623656085436,0.4331520135467914,0.4837903546777803,-0.05063834113098892,0.13639898419009028,0.1424700731141461,-0.006071088924055834,0.04298011476870925,0.01527785830529524,0.02770225646341401
csqa,q3-4bi|q3-8bi|l31-8bi,3,1,cons,kahn_diagonal,fitted,861,852,852,0.9895470383275261,q3-4bi,initial_fit_accuracy,q3-4bi+q3-8bi+l31-8bi--s70v0--ce6c68c4,1.2493368337122681,0.8060394889663183,0.8060394889663183,0.0,0.07204157457472185,0.0766236306729255,-0.0045820560982036546,0.9004750854438021,0.8492549283333302,0.0512201571104719,0.7518616741016544,0.6329560223400892,0.1189056517615652,0.14422356885645932,0.1478217918622848,-0.0035982230058254905,0.4529217886396263,0.4837903546777803,-0.03086856603815402,0.14051148858540782,0.1424700731141461,-0.0019585845287382886,0.06841983415045336,0.01527785830529524,0.05314197584515812
csqa,q3-4bi|q3-8bi|l31-8bi,3,1,cons,reference_stream_target,fixed,861,852,852,0.9895470383275261,q3-4bi,initial_fit_accuracy,q3-4bi+q3-8bi+l31-8bi--s70v0--ce6c68c4,1.3678818551699754,0.8060394889663183,0.8060394889663183,0.0,0.0766236306729255,0.0766236306729255,0.0,0.8492549283333302,0.8492549283333302,0.0,0.6329560223400892,0.6329560223400892,0.0,0.1478217918622848,0.1478217918622848,0.0,0.4837903546777803,0.4837903546777803,0.0,0.1424700731141461,0.1424700731141461,0.0,0.01527785830529524,0.01527785830529524,0.0
csqa,q3-4bi|q3-8bi|l31-8bi|g2-9i,4,1,cons,mean,fixed,861,847,847,0.983739837398374,g2-9i,initial_fit_accuracy,q3-4bi+q3-8bi+l31-8bi+g2-9i--s70v0--e4feff37,0.8955507988890186,0.8048780487804879,0.8048780487804879,0.0,0.03644726485652776,0.07794175521448261,-0.041494490357954855,0.8958252552707976,0.8592406743410274,0.03658458092977024,0.7455258177885915,0.6492160043254934,0.09630981346309808,0.1304443891020715,0.15454578250032794,-0.024101393398256427,0.41953668771517966,0.49898617145376545,-0.07944948373858579,0.13066345920973924,0.1494320160616648,-0.018768556851925577,0.027496125300580012,0.03255558008646113,-0.0050594547858811185
csqa,q3-4bi|q3-8bi|l31-8bi|g2-9i,4,1,cons,logodds_sum,fixed,861,847,847,0.983739837398374,g2-9i,initial_fit_accuracy,q3-4bi+q3-8bi+l31-8bi+g2-9i--s70v0--e4feff37,3.9350863068512743,0.8048780487804879,0.8048780487804879,0.0,0.15496297016527444,0.07794175521448261,0.07702121495079182,0.896080423886968,0.8592406743410274,0.0368397495459406,0.7464765251869875,0.6492160043254934,0.09726052086149406,0.16183996980409734,0.15454578250032794,0.007294187303769406,0.9837084945476359,0.49898617145376545,0.4847223230938704,0.13194777750498388,0.1494320160616648,-0.017484238556680937,0.029095611591743637,0.03255558008646113,-0.0034599684947174934
csqa,q3-4bi|q3-8bi|l31-8bi|g2-9i,4,1,cons,logodds_mean,fixed,861,847,847,0.983739837398374,g2-9i,initial_fit_accuracy,q3-4bi+q3-8bi+l31-8bi+g2-9i--s70v0--e4feff37,0.9837715750211455,0.8048780487804879,0.8048780487804879,0.0,0.024583734754048434,0.07794175521448261,-0.05335802046043418,0.896080423886968,0.8592406743410274,0.0368397495459406,0.7464765251869875,0.6492160043254934,0.09726052086149406,0.1318220048760688,0.15454578250032794,-0.022723777624259145,0.4225463624365644,0.49898617145376545,-0.07643980901720104,0.13194777751925205,0.1494320160616648,-0.017484238542412767,0.02909561190098291,0.03255558008646113,-0.0034599681854782204
csqa,q3-4bi|q3-8bi|l31-8bi|g2-9i,4,1,cons,shared_rho,fitted,861,847,847,0.983739837398374,g2-9i,initial_fit_accuracy,q3-4bi+q3-8bi+l31-8bi+g2-9i--s70v0--e4feff37,2.793692191301922,0.8048780487804879,0.8048780487804879,0.0,0.14305986612749177,0.07794175521448261,0.06511811091300916,0.896080423886968,0.8592406743410274,0.0368397495459406,0.7464765251869875,0.6492160043254934,0.09726052086149406,0.15553990540667187,0.15454578250032794,0.0009941229063439305,0.7230009566529708,0.49898617145376545,0.22401478519920537,0.13194777766755517,0.1494320160616648,-0.017484238394109647,0.02909561511515697,0.03255558008646113,-0.0034599649713041615
csqa,q3-4bi|q3-8bi|l31-8bi|g2-9i,4,1,cons,shared_scale,fitted,861,847,847,0.983739837398374,g2-9i,initial_fit_accuracy,q3-4bi+q3-8bi+l31-8bi+g2-9i--s70v0--e4feff37,0.9999999820798947,0.8048780487804879,0.8048780487804879,0.0,0.029095614003959745,0.07794175521448261,-0.04884614121052287,0.896080423886968,0.8592406743410274,0.0368397495459406,0.7464765251869875,0.6492160043254934,0.09726052086149406,0.1319477776162835,0.15454578250032794,-0.022598004884044426,0.4229039707608453,0.49898617145376545,-0.07608220069292015,0.13194777776497477,0.1494320160616648,-0.017484238296690047,0.02909561722653151,0.03255558008646113,-0.003459962859929621
csqa,q3-4bi|q3-8bi|l31-8bi|g2-9i,4,1,cons,kahn,fitted,861,847,847,0.983739837398374,g2-9i,initial_fit_accuracy,q3-4bi+q3-8bi+l31-8bi+g2-9i--s70v0--e4feff37,1.1661169342160085,0.8048780487804879,0.8048780487804879,0.0,0.054852711480388366,0.07794175521448261,-0.023089043734094247,0.8975090207049251,0.8592406743410274,0.038268346363897754,0.7518833919077228,0.6492160043254934,0.10266738758222937,0.13417427276192495,0.15454578250032794,-0.020371509738402988,0.43221636600621866,0.49898617145376545,-0.06676980544754679,0.13196852504700132,0.1494320160616648,-0.01746349101466349,0.03674700473472253,0.03255558008646113,0.004191424648261402
csqa,q3-4bi|q3-8bi|l31-8bi|g2-9i,4,1,cons,blp,fitted,861,847,847,0.983739837398374,g2-9i,initial_fit_accuracy,q3-4bi+q3-8bi+l31-8bi+g2-9i--s70v0--e4feff37,1.0027101068676172,0.8048780487804879,0.8048780487804879,0.0,0.02799319038679808,0.07794175521448261,-0.04994856482768453,0.8977010745528577,0.8592406743410274,0.03846040021183039,0.7526673875822294,0.6492160043254934,0.10345138325673597,0.1305954694089094,0.15454578250032794,-0.02395031309141854,0.4181413492623769,0.49898617145376545,-0.08084482219138855,0.13057010432163635,0.1494320160616648,-0.018861911740028464,0.028003990227094634,0.03255558008646113,-0.004551589859366496
csqa,q3-4bi|q3-8bi|l31-8bi|g2-9i,4,1,cons,logistic_pool,fitted,861,847,847,0.983739837398374,g2-9i,initial_fit_accuracy,q3-4bi+q3-8bi+l31-8bi+g2-9i--s70v0--e4feff37,0.9970624069245987,0.8048780487804879,0.8048780487804879,0.0,0.028697417367817016,0.07794175521448261,-0.0492443378466656,0.8975928813087668,0.8592406743410274,0.038352206967739444,0.7521807695773632,0.6492160043254934,0.10296476525186982,0.13182171531080636,0.15454578250032794,-0.02272406718952158,0.42171833953651605,0.49898617145376545,-0.0772678319172494,0.13185084614971346,0.1494320160616648,-0.017581169911951355,0.029231796480316156,0.03255558008646113,-0.003323783606144975
csqa,q3-4bi|q3-8bi|l31-8bi|g2-9i,4,1,cons,blp_equal,fitted,861,847,847,0.983739837398374,g2-9i,initial_fit_accuracy,q3-4bi+q3-8bi+l31-8bi+g2-9i--s70v0--e4feff37,1.001785326154848,0.8048780487804879,0.8048780487804879,0.0,0.029940357653040154,0.07794175521448261,-0.04800139756144246,0.8958252552707976,0.8592406743410274,0.03658458092977024,0.7455258177885915,0.6492160043254934,0.09630981346309808,0.13111293297407037,0.15454578250032794,-0.02343284952625757,0.42129095920912224,0.49898617145376545,-0.07769521224464321,0.13110139410474872,0.1494320160616648,-0.018330621956916093,0.02990193819050267,0.03255558008646113,-0.002653641895958462
csqa,q3-4bi|q3-8bi|l31-8bi|g2-9i,4,1,cons,kahn_diagonal,fitted,861,847,847,0.983739837398374,g2-9i,initial_fit_accuracy,q3-4bi+q3-8bi+l31-8bi+g2-9i--s70v0--e4feff37,1.3690875929708,0.8048780487804879,0.8048780487804879,0.0,0.08111263065500686,0.07794175521448261,0.0031708754405242456,0.8976124124920996,0.8592406743410274,0.0383717381510722,0.7524781472470037,0.6492160043254934,0.10326214292151026,0.13938321636359313,0.15454578250032794,-0.015162566136734806,0.46008997905234184,0.49898617145376545,-0.03889619240142361,0.13401528153590359,0.1494320160616648,-0.015416734525761228,0.046959809610415126,0.03255558008646113,0.014404229523953996
csqa,q3-4bi|q3-8bi|l31-8bi|g2-9i,4,1,cons,reference_stream_target,fixed,861,847,847,0.983739837398374,g2-9i,initial_fit_accuracy,q3-4bi+q3-8bi+l31-8bi+g2-9i--s70v0--e4feff37,1.281242979959,0.8048780487804879,0.8048780487804879,0.0,0.07794175521448261,0.07794175521448261,0.0,0.8592406743410274,0.8592406743410274,0.0,0.6492160043254934,0.6492160043254934,0.0,0.15454578250032794,0.15454578250032794,0.0,0.49898617145376545,0.49898617145376545,0.0,0.1494320160616648,0.1494320160616648,0.0,0.03255558008646113,0.03255558008646113,0.0
csqa,q3-4bi|q3-8bi|l31-8bi|g2-9i|g3-12i|phi4mii,6,1,cons,mean,fixed,861,846,846,0.9825783972125436,g2-9i,initial_fit_accuracy,q3-4bi+q3-8bi+l31-8bi+g2-9i+g3-12i+phi4mii--s70v0--f4ac8254,0.8802955557540211,0.8199767711962834,0.8199767711962834,0.0,0.024924481218674924,0.07566981875492522,-0.050745337536250296,0.9153636538354356,0.8634720871402459,0.051891566695189684,0.7534767841328234,0.6185026227944683,0.13497416133835505,0.12446366160289189,0.15130384817441553,-0.026840186571523636,0.4013750948175125,0.48835580870741485,-0.08698071388990236,0.12463883228696762,0.14727222189612915,-0.02263338960916153,0.026271016216788592,0.03885814829110707,-0.01258713207431848
csqa,q3-4bi|q3-8bi|l31-8bi|g2-9i|g3-12i|phi4mii,6,1,cons,logodds_sum,fixed,861,846,846,0.9825783972125436,g2-9i,initial_fit_accuracy,q3-4bi+q3-8bi+l31-8bi+g2-9i+g3-12i+phi4mii--s70v0--f4ac8254,5.714258260039034,0.8199767711962834,0.8199767711962834,0.0,0.1520242109594016,0.07566981875492522,0.07635439220447639,0.9159046369542722,0.8634720871402459,0.05243254981402623,0.7555594483859353,0.6185026227944683,0.13705682559146692,0.15801806216303585,0.15130384817441553,0.006714213988620321,1.3512469864454237,0.48835580870741485,0.8628911777380088,0.12639041364462125,0.14727222189612915,-0.0208818082515079,0.04471534389054809,0.03885814829110707,0.00585719559944102
csqa,q3-4bi|q3-8bi|l31-8bi|g2-9i|g3-12i|phi4mii,6,1,cons,logodds_mean,fixed,861,846,846,0.9825783972125436,g2-9i,initial_fit_accuracy,q3-4bi+q3-8bi+l31-8bi+g2-9i+g3-12i+phi4mii--s70v0--f4ac8254,0.9649884374065004,0.8199767711962834,0.8199767711962834,0.0,0.034985484661076885,0.07566981875492522,-0.040684334093848334,0.9159046369542722,0.8634720871402459,0.05243254981402623,0.7555594483859353,0.6185026227944683,0.13705682559146692,0.12593283138304845,0.15130384817441553,-0.02537101679136708,0.4048472853699488,0.48835580870741485,-0.08350852333746606,0.12618475832924514,0.14727222189612915,-0.021087463566884013,0.042196290644125826,0.03885814829110707,0.0033381423530187554
csqa,q3-4bi|q3-8bi|l31-8bi|g2-9i|g3-12i|phi4mii,6,1,cons,shared_rho,fitted,861,846,846,0.9825783972125436,g2-9i,initial_fit_accuracy,q3-4bi+q3-8bi+l31-8bi+g2-9i+g3-12i+phi4mii--s70v0--f4ac8254,2.639086676108988,0.8199767711962834,0.8199767711962834,0.0,0.12863913725550674,0.07566981875492522,0.05296931850058152,0.9159046369542722,0.8634720871402459,0.05243254981402623,0.7555594483859353,0.6185026227944683,0.13705682559146692,0.1480860486295764,0.15130384817441553,-0.0032177995448391394,0.658841580683378,0.48835580870741485,0.1704857719759631,0.12618475815989308,0.14727222189612915,-0.021087463736236073,0.042196290686114434,0.03885814829110707,0.0033381423950073624
csqa,q3-4bi|q3-8bi|l31-8bi|g2-9i|g3-12i|phi4mii,6,1,cons,shared_scale,fitted,861,846,846,0.9825783972125436,g2-9i,initial_fit_accuracy,q3-4bi+q3-8bi+l31-8bi+g2-9i+g3-12i+phi4mii--s70v0--f4ac8254,0.9999999950011309,0.8199767711962834,0.8199767711962834,0.0,0.04219629065013713,0.07566981875492522,-0.03347352810478809,0.9159046369542722,0.8634720871402459,0.05243254981402623,0.7555594483859353,0.6185026227944683,0.13705682559146692,0.1261847583044292,0.15130384817441553,-0.025119089869986316,0.40521489193913734,0.48835580870741485,-0.0831409167682775,0.1261847583465887,0.14727222189612915,-0.02108746354954044,0.04219629063982582,0.03885814829110707,0.0033381423487187506
csqa,q3-4bi|q3-8bi|l31-8bi|g2-9i|g3-12i|phi4mii,6,1,cons,kahn,fitted,861,846,846,0.9825783972125436,g2-9i,initial_fit_accuracy,q3-4bi+q3-8bi+l31-8bi+g2-9i+g3-12i+phi4mii--s70v0--f4ac8254,1.1786325191230478,0.8199767711962834,0.8199767711962834,0.0,0.05962274823135123,0.07566981875492522,-0.016047070523573986,0.9163860613960213,0.8634720871402459,0.052913974255775376,0.7569073409048884,0.6185026227944683,0.1384047181104201,0.1324998354925403,0.15130384817441553,-0.018804012681875232,0.42597780293469756,0.48835580870741485,-0.06237800577271729,0.1299913338806052,0.14727222189612915,-0.017280888015523965,0.047812985250087175,0.03885814829110707,0.008954836958980104
csqa,q3-4bi|q3-8bi|l31-8bi|g2-9i|g3-12i|phi4mii,6,1,cons,blp,fitted,861,846,846,0.9825783972125436,g2-9i,initial_fit_accuracy,q3-4bi+q3-8bi+l31-8bi+g2-9i+g3-12i+phi4mii--s70v0--f4ac8254,1.000027662899085,0.8199767711962834,0.8199767711962834,0.0,0.021598196771063873,0.07566981875492522,-0.05407162198386135,0.9155189457963219,0.8634720871402459,0.052046858656075945,0.7541531634112872,0.6185026227944683,0.13565054061681892,0.12420743060559641,0.15130384817441553,-0.027096417568819114,0.4000979308044739,0.48835580870741485,-0.08825787790294093,0.12420726693858057,0.14727222189612915,-0.02306495495754858,0.02159879377048361,0.03885814829110707,-0.017259354520623462
csqa,q3-4bi|q3-8bi|l31-8bi|g2-9i|g3-12i|phi4mii,6,1,cons,logistic_pool,fitted,861,846,846,0.9825783972125436,g2-9i,initial_fit_accuracy,q3-4bi+q3-8bi+l31-8bi+g2-9i+g3-12i+phi4mii--s70v0--f4ac8254,0.9975059132040822,0.8199767711962834,0.8199767711962834,0.0,0.03903130521758275,0.07566981875492522,-0.03663851353734247,0.9144303993761664,0.8634720871402459,0.05095831223592051,0.7497056047025391,0.6185026227944683,0.13120298190807078,0.12644701339755804,0.15130384817441553,-0.02485683477685749,0.4064872238549428,0.48835580870741485,-0.08186858485247206,0.1264685151805326,0.14727222189612915,-0.02080370671559656,0.039020545782005,0.03885814829110707,0.0001623974908979281
csqa,q3-4bi|q3-8bi|l31-8bi|g2-9i|g3-12i|phi4mii,6,1,cons,blp_equal,fitted,861,846,846,0.9825783972125436,g2-9i,initial_fit_accuracy,q3-4bi+q3-8bi+l31-8bi+g2-9i+g3-12i+phi4mii--s70v0--f4ac8254,1.0002481716453302,0.8199767711962834,0.8199767711962834,0.0,0.02580759277689955,0.07566981875492522,-0.04986222597802567,0.9153636538354356,0.8634720871402459,0.051891566695189684,0.7534767841328234,0.6185026227944683,0.13497416133835505,0.12456448113796936,0.15130384817441553,-0.026739367036446166,0.4002095726299977,0.48835580870741485,-0.08814623607741717,0.1245630859695741,0.14727222189612915,-0.022709135926555046,0.025811400640129198,0.03885814829110707,-0.013046747650977873
csqa,q3-4bi|q3-8bi|l31-8bi|g2-9i|g3-12i|phi4mii,6,1,cons,kahn_diagonal,fitted,861,846,846,0.9825783972125436,g2-9i,initial_fit_accuracy,q3-4bi+q3-8bi+l31-8bi+g2-9i+g3-12i+phi4mii--s70v0--f4ac8254,1.9064033530363245,0.8199767711962834,0.8199767711962834,0.0,0.133251424663846,0.07566981875492522,0.057581605908920794,0.9181336775773814,0.8634720871402459,0.05466159043713548,0.7639241676642045,0.6185026227944683,0.14542154486973613,0.1613778056466054,0.15130384817441553,0.010073957472189865,0.5938489812969181,0.48835580870741485,0.10549317258950325,0.14521964442127747,0.14727222189612915,-0.0020525774748516856,0.0901126230157065,0.03885814829110707,0.05125447472459942
csqa,q3-4bi|q3-8bi|l31-8bi|g2-9i|g3-12i|phi4mii,6,1,cons,reference_stream_target,fixed,861,846,846,0.9825783972125436,g2-9i,initial_fit_accuracy,q3-4bi+q3-8bi+l31-8bi+g2-9i+g3-12i+phi4mii--s70v0--f4ac8254,1.2255451738269958,0.8199767711962834,0.8199767711962834,0.0,0.07566981875492522,0.07566981875492522,0.0,0.8634720871402459,0.8634720871402459,0.0,0.6185026227944683,0.6185026227944683,0.0,0.15130384817441553,0.15130384817441553,0.0,0.48835580870741485,0.48835580870741485,0.0,0.14727222189612915,0.14727222189612915,0.0,0.03885814829110707,0.03885814829110707,0.0
csqa,q3-4bi|q3-8bi|l31-8bi|g2-9i|phi4mii,5,1,cons,mean,fixed,861,850,850,0.9872241579558653,g2-9i,initial_fit_accuracy,q3-4bi+q3-8bi+l31-8bi+g2-9i+phi4mii--s70v0--8c5c9d33,0.9133369192076668,0.8164924506387921,0.8164924506387921,0.0,0.022223529411724695,0.08322549019607803,-0.06100196078435333,0.9138575770327926,0.8565353014614482,0.057322275571344394,0.7590949176142957,0.6218844279415178,0.13721048967277794,0.12697586928105276,0.15129893790849672,-0.02432306862744396,0.40864389736396495,0.4891923994773462,-0.08054850211338127,0.12677498050129563,0.14695272628330183,-0.020177745782006207,0.019659968419609274,0.0450138404353216,-0.025353872015712323
csqa,q3-4bi|q3-8bi|l31-8bi|g2-9i|phi4mii,5,1,cons,logodds_sum,fixed,861,850,850,0.9872241579558653,g2-9i,initial_fit_accuracy,q3-4bi+q3-8bi+l31-8bi+g2-9i+phi4mii--s70v0--8c5c9d33,4.905894320727977,0.8164924506387921,0.8164924506387921,0.0,0.15899169958288736,0.08322549019607803,0.07576620938680934,0.9141395884803973,0.8565353014614482,0.05760428701894915,0.7601578092364818,0.6218844279415178,0.13827338129496403,0.16249934578437766,0.15129893790849672,0.011200407875880947,1.1412799754143048,0.4891923994773462,0.6520875759369587,0.12801847158336166,0.14695272628330183,-0.018934254699940173,0.033466003627727774,0.0450138404353216,-0.011547836807593824
csqa,q3-4bi|q3-8bi|l31-8bi|g2-9i|phi4mii,5,1,cons,logodds_mean,fixed,861,850,850,0.9872241579558653,g2-9i,initial_fit_accuracy,q3-4bi+q3-8bi+l31-8bi+g2-9i+phi4mii--s70v0--8c5c9d33,0.9811788698962887,0.8164924506387921,0.8164924506387921,0.0,0.03180833871249295,0.08322549019607803,-0.051417151483585076,0.9141395884803973,0.8565353014614482,0.05760428701894915,0.7601578092364818,0.6218844279415178,0.13827338129496403,0.12792207677221082,0.15129893790849672,-0.023376861136285898,0.41064208790764606,0.4891923994773462,-0.07855031156970016,0.1280184715491806,0.14695272628330183,-0.01893425473412122,0.03346600311493615,0.0450138404353216,-0.011547837320385446
csqa,q3-4bi|q3-8bi|l31-8bi|g2-9i|phi4mii,5,1,cons,shared_rho,fitted,861,850,850,0.9872241579558653,g2-9i,initial_fit_accuracy,q3-4bi+q3-8bi+l31-8bi+g2-9i+phi4mii--s70v0--8c5c9d33,2.398377272749678,0.8164924506387921,0.8164924506387921,0.0,0.13098816881318956,0.08322549019607803,0.04776267861711153,0.9141395884803973,0.8565353014614482,0.05760428701894915,0.7601578092364818,0.6218844279415178,0.13827338129496403,0.1483760337799467,0.15129893790849672,-0.002922904128550008,0.6012041864222938,0.4891923994773462,0.11201178694494757,0.12801847149996162,0.14695272628330183,-0.01893425478334021,0.033466002376539225,0.0450138404353216,-0.011547838058782373
csqa,q3-4bi|q3-8bi|l31-8bi|g2-9i|phi4mii,5,1,cons,shared_scale,fitted,861,850,850,0.9872241579558653,g2-9i,initial_fit_accuracy,q3-4bi+q3-8bi+l31-8bi+g2-9i+phi4mii--s70v0--8c5c9d33,1.0,0.8164924506387921,0.8164924506387921,0.0,0.03346600367911529,0.08322549019607803,-0.049759486516962735,0.9141395884803973,0.8565353014614482,0.05760428701894915,0.7601578092364818,0.6218844279415178,0.13827338129496403,0.12801847158678994,0.15129893790849672,-0.023280466321706772,0.4107009261348176,0.4891923994773462,-0.0784914733425286,0.12801847158678725,0.14695272628330183,-0.01893425469651458,0.03346600367912151,0.0450138404353216,-0.011547836756200087
csqa,q3-4bi|q3-8bi|l31-8bi|g2-9i|phi4mii,5,1,cons,kahn,fitted,861,850,850,0.9872241579558653,g2-9i,initial_fit_accuracy,q3-4bi+q3-8bi+l31-8bi+g2-9i+phi4mii--s70v0--8c5c9d33,1.258089310307147,0.8164924506387921,0.8164924506387921,0.0,0.06894418912905766,0.08322549019607803,-0.014281301067020372,0.9151728781813651,0.8565353014614482,0.05863757671991687,0.7624321188210722,0.6218844279415178,0.14054769087955443,0.13663993492225793,0.15129893790849672,-0.01465900298623879,0.4389934445673338,0.4891923994773462,-0.05019895491001242,0.1330104429798983,0.14695272628330183,-0.013942283303403524,0.04659348300362323,0.0450138404353216,0.001579642568301634
csqa,q3-4bi|q3-8bi|l31-8bi|g2-9i|phi4mii,5,1,cons,blp,fitted,861,850,850,0.9872241579558653,g2-9i,initial_fit_accuracy,q3-4bi+q3-8bi+l31-8bi+g2-9i+phi4mii--s70v0--8c5c9d33,0.9987799387354486,0.8164924506387921,0.8164924506387921,0.0,0.032332511293483544,0.08322549019607803,-0.050892978902594484,0.9167232653549126,0.8565353014614482,0.06018796389346437,0.76822464608958,0.6218844279415178,0.1463402181480622,0.12760347383975743,0.15129893790849672,-0.02369546406873929,0.40844728714431194,0.4891923994773462,-0.08074511233303427,0.12760924233375537,0.14695272628330183,-0.019343483949546464,0.0323218677812034,0.0450138404353216,-0.0126919726541182
csqa,q3-4bi|q3-8bi|l31-8bi|g2-9i|phi4mii,5,1,cons,logistic_pool,fitted,861,850,850,0.9872241579558653,g2-9i,initial_fit_accuracy,q3-4bi+q3-8bi+l31-8bi+g2-9i+phi4mii--s70v0--8c5c9d33,0.9972087283485191,0.8164924506387921,0.8164924506387921,0.0,0.04679069175347648,0.08322549019607803,-0.03643479844260155,0.9144402463227888,0.8565353014614482,0.05790494486134057,0.7596658157345092,0.6218844279415178,0.13778138779299143,0.12973092325454785,0.15129893790849672,-0.021568014653948864,0.41539071353906193,0.4891923994773462,-0.07380168593828429,0.12975331118622163,0.14695272628330183,-0.0171994150970802,0.04587528403420243,0.0450138404353216,0.0008614435988808303
csqa,q3-4bi|q3-8bi|l31-8bi|g2-9i|phi4mii,5,1,cons,blp_equal,fitted,861,850,850,0.9872241579558653,g2-9i,initial_fit_accuracy,q3-4bi+q3-8bi+l31-8bi+g2-9i+phi4mii--s70v0--8c5c9d33,0.9939846179441678,0.8164924506387921,0.8164924506387921,0.0,0.013117377721080022,0.08322549019607803,-0.07010811247499801,0.9138575770327926,0.8565353014614482,0.057322275571344394,0.7590949176142957,0.6218844279415178,0.13721048967277794,0.12667217564054348,0.15129893790849672,-0.02462676226795324,0.40664093151809616,0.4891923994773462,-0.08255146795925006,0.12667508846568656,0.14695272628330183,-0.02027763781761527,0.01873893965122623,0.0450138404353216,-0.02627490078409537
csqa,q3-4bi|q3-8bi|l31-8bi|g2-9i|phi4mii,5,1,cons,kahn_diagonal,fitted,861,850,850,0.9872241579558653,g2-9i,initial_fit_accuracy,q3-4bi+q3-8bi+l31-8bi+g2-9i+phi4mii--s70v0--8c5c9d33,2.06374744913176,0.8164924506387921,0.8164924506387921,0.0,0.1322861551121883,0.08322549019607803,0.049060664916110275,0.9168720254287906,0.8565353014614482,0.060336723967342465,0.7692921791598979,0.6218844279415178,0.14740775121838012,0.1554147427324312,0.15129893790849672,0.004115804823934477,0.572242525154876,0.4891923994773462,0.08305012567752973,0.1414445879058377,0.14695272628330183,-0.005508138377464139,0.09557275885699111,0.0450138404353216,0.05055891842166951
csqa,q3-4bi|q3-8bi|l31-8bi|g2-9i|phi4mii,5,1,cons,reference_stream_target,fixed,861,850,850,0.9872241579558653,g2-9i,initial_fit_accuracy,q3-4bi+q3-8bi+l31-8bi+g2-9i+phi4mii--s70v0--8c5c9d33,1.2567877675906207,0.8164924506387921,0.8164924506387921,0.0,0.08322549019607803,0.08322549019607803,0.0,0.8565353014614482,0.8565353014614482,0.0,0.6218844279415178,0.6218844279415178,0.0,0.15129893790849672,0.15129893790849672,0.0,0.4891923994773462,0.4891923994773462,0.0,0.14695272628330183,0.14695272628330183,0.0,0.0450138404353216,0.0450138404353216,0.0
csqa,q3-4bi|q3-8bi|l32-3bi|l31-8bi|g2-9i,5,1,cons,mean,fixed,861,846,846,0.9825783972125436,g2-9i,initial_fit_accuracy,q3-4bi+q3-8bi+l32-3bi+l31-8bi+g2-9i--s70v0--9d74d1b3,0.8397619686339836,0.8072009291521487,0.8072009291521487,0.0,0.042421197793511806,0.08009259259259205,-0.03767139479908024,0.9067803927640813,0.859106990126738,0.04767340263734332,0.7645192002538876,0.6471913678197397,0.1173278324341479,0.12906078605201154,0.15199246453900708,-0.022931678486995538,0.4165188325556366,0.4897928874736869,-0.07327405491805028,0.12781323474190706,0.14731165261381143,-0.019498417871904372,0.031467425934149744,0.037232027343831124,-0.00576460140968138
csqa,q3-4bi|q3-8bi|l32-3bi|l31-8bi|g2-9i,5,1,cons,logodds_sum,fixed,861,846,846,0.9825783972125436,g2-9i,initial_fit_accuracy,q3-4bi+q3-8bi+l32-3bi+l31-8bi+g2-9i--s70v0--9d74d1b3,4.61979909439669,0.8072009291521487,0.8072009291521487,0.0,0.14555877894472155,0.08009259259259205,0.0654661863521295,0.9067354815383379,0.859106990126738,0.04762849141159997,0.7649499025252754,0.6471913678197397,0.11775853470553566,0.15385724750033214,0.15199246453900708,0.0018647829613250566,1.0416881960699855,0.4897928874736869,0.5518953085962987,0.1275291338737029,0.14731165261381143,-0.01978251874010853,0.024429011244689467,0.037232027343831124,-0.012803016099141657
csqa,q3-4bi|q3-8bi|l32-3bi|l31-8bi|g2-9i,5,1,cons,logodds_mean,fixed,861,846,846,0.9825783972125436,g2-9i,initial_fit_accuracy,q3-4bi+q3-8bi+l32-3bi+l31-8bi+g2-9i--s70v0--9d74d1b3,0.923959821462111,0.8072009291521487,0.8072009291521487,0.0,0.02884607067443851,0.08009259259259205,-0.05124652191815354,0.9067354815383379,0.859106990126738,0.04762849141159997,0.7649499025252754,0.6471913678197397,0.11775853470553566,0.12760919442846339,0.15199246453900708,-0.024383270110543698,0.4121189006799927,0.4897928874736869,-0.0776739867936942,0.12752913386818188,0.14731165261381143,-0.019782518745629557,0.024429011171780275,0.037232027343831124,-0.01280301617205085
csqa,q3-4bi|q3-8bi|l32-3bi|l31-8bi|g2-9i,5,1,cons,shared_rho,fitted,861,846,846,0.9825783972125436,g2-9i,initial_fit_accuracy,q3-4bi+q3-8bi+l32-3bi+l31-8bi+g2-9i--s70v0--9d74d1b3,2.4047702600993435,0.8072009291521487,0.8072009291521487,0.0,0.12153455941607452,0.08009259259259205,0.04144196682348247,0.9067354815383379,0.859106990126738,0.04762849141159997,0.7649499025252754,0.6471913678197397,0.11775853470553566,0.14359847853618354,0.15199246453900708,-0.008393986002823539,0.5894566864313938,0.4897928874736869,0.09966379895770694,0.12752913387272996,0.14731165261381143,-0.019782518741081473,0.024429011231791496,0.037232027343831124,-0.012803016112039628
csqa,q3-4bi|q3-8bi|l32-3bi|l31-8bi|g2-9i,5,1,cons,shared_scale,fitted,861,846,846,0.9825783972125436,g2-9i,initial_fit_accuracy,q3-4bi+q3-8bi+l32-3bi+l31-8bi+g2-9i--s70v0--9d74d1b3,0.9999999950000757,0.8072009291521487,0.8072009291521487,0.0,0.02442901164611703,0.08009259259259205,-0.05566358094647502,0.9067354815383379,0.859106990126738,0.04762849141159997,0.7649499025252754,0.6471913678197397,0.11775853470553566,0.12752913390412202,0.15199246453900708,-0.024463330634885067,0.41114639514369167,0.4897928874736869,-0.07864649232999521,0.12752913391401008,0.14731165261381143,-0.019782518699801355,0.024429011776481668,0.037232027343831124,-0.012803015567349457
csqa,q3-4bi|q3-8bi|l32-3bi|l31-8bi|g2-9i,5,1,cons,kahn,fitted,861,846,846,0.9825783972125436,g2-9i,initial_fit_accuracy,q3-4bi+q3-8bi+l32-3bi+l31-8bi+g2-9i--s70v0--9d74d1b3,1.235907128931385,0.8072009291521487,0.8072009291521487,0.0,0.06342908729841969,0.08009259259259205,-0.016663505294172362,0.8829488809928193,0.859106990126738,0.02384189086608135,0.7374937661513352,0.6471913678197397,0.09030239833159548,0.1340409878049907,0.15199246453900708,-0.01795147673401637,0.4411741665288446,0.4897928874736869,-0.048618720944842264,0.1311723358248898,0.14731165261381143,-0.016139316788921637,0.027688203012348256,0.037232027343831124,-0.009543824331482868
csqa,q3-4bi|q3-8bi|l32-3bi|l31-8bi|g2-9i,5,1,cons,blp,fitted,861,846,846,0.9825783972125436,g2-9i,initial_fit_accuracy,q3-4bi+q3-8bi+l32-3bi+l31-8bi+g2-9i--s70v0--9d74d1b3,1.0018021468325229,0.8072009291521487,0.8072009291521487,0.0,0.03741752849567367,0.08009259259259205,-0.04267506409691838,0.9011620865722586,0.859106990126738,0.042055096445520634,0.7528766378020583,0.6471913678197397,0.10568526998231853,0.13055125864339695,0.15199246453900708,-0.021441205895610133,0.4197777468277338,0.4897928874736869,-0.0700151406459531,0.13053648868371884,0.14731165261381143,-0.016775163930092596,0.0374424864590639,0.037232027343831124,0.00021045911523277783
csqa,q3-4bi|q3-8bi|l32-3bi|l31-8bi|g2-9i,5,1,cons,logistic_pool,fitted,861,846,846,0.9825783972125436,g2-9i,initial_fit_accuracy,q3-4bi+q3-8bi+l32-3bi+l31-8bi+g2-9i--s70v0--9d74d1b3,0.9961860036573504,0.8072009291521487,0.8072009291521487,0.0,0.03279632849248931,0.08009259259259205,-0.047296264100102736,0.8819455310220528,0.859106990126738,0.022838540895314785,0.7339665412340753,0.6471913678197397,0.0867751734143356,0.13095305292083892,0.15199246453900708,-0.021039411618168163,0.42398908529683854,0.4897928874736869,-0.06580380217684834,0.1309816880487339,0.14731165261381143,-0.016329964565077543,0.03344483220169571,0.037232027343831124,-0.0037871951421354147
csqa,q3-4bi|q3-8bi|l32-3bi|l31-8bi|g2-9i,5,1,cons,blp_equal,fitted,861,846,846,0.9825783972125436,g2-9i,initial_fit_accuracy,q3-4bi+q3-8bi+l32-3bi+l31-8bi+g2-9i--s70v0--9d74d1b3,0.998166991917692,0.8072009291521487,0.8072009291521487,0.0,0.032410944935788416,0.08009259259259205,-0.04768164765680363,0.9067803927640813,0.859106990126738,0.04767340263734332,0.7645192002538876,0.6471913678197397,0.1173278324341479,0.12898226705190322,0.15199246453900708,-0.023010197487103867,0.4136837867158755,0.4897928874736869,-0.07610910075781135,0.12898472161175775,0.14731165261381143,-0.01832693100205368,0.03227249469815414,0.037232027343831124,-0.004959532645676987
csqa,q3-4bi|q3-8bi|l32-3bi|l31-8bi|g2-9i,5,1,cons,kahn_diagonal,fitted,861,846,846,0.9825783972125436,g2-9i,initial_fit_accuracy,q3-4bi+q3-8bi+l32-3bi+l31-8bi+g2-9i--s70v0--9d74d1b3,1.7260837198843946,0.8072009291521487,0.8072009291521487,0.0,0.09954122963709587,0.08009259259259205,0.019448637044503822,0.9068842158715024,0.859106990126738,0.047777225744764396,0.7665911048646689,0.6471913678197397,0.11939973704492912,0.14239507324070336,0.15199246453900708,-0.009597391298303726,0.4968835626322084,0.4897928874736869,0.00709067515852152,0.1331293429999741,0.14731165261381143,-0.014182309613837346,0.05385250173862845,0.037232027343831124,0.016620474394797323
csqa,q3-4bi|q3-8bi|l32-3bi|l31-8bi|g2-9i,5,1,cons,reference_stream_target,fixed,861,846,846,0.9825783972125436,g2-9i,initial_fit_accuracy,q3-4bi+q3-8bi+l32-3bi+l31-8bi+g2-9i--s70v0--9d74d1b3,1.2511370503926262,0.8072009291521487,0.8072009291521487,0.0,0.08009259259259205,0.08009259259259205,0.0,0.859106990126738,0.859106990126738,0.0,0.6471913678197397,0.6471913678197397,0.0,0.15199246453900708,0.15199246453900708,0.0,0.4897928874736869,0.4897928874736869,0.0,0.14731165261381143,0.14731165261381143,0.0,0.037232027343831124,0.037232027343831124,0.0
csqa,q3-4bi|q3-8bi|l32-3bi|l31-8bi|g2-9i|phi4mii,6,1,cons,mean,fixed,861,849,849,0.9860627177700348,g2-9i,initial_fit_accuracy,q3-4bi+q3-8bi+l32-3bi+l31-8bi+g2-9i+phi4mii--s70v0--fb588f4a,0.8704311751748887,0.8060394889663183,0.8060394889663183,0.0,0.04313898704351237,0.07545151158225381,-0.03231252453874144,0.9191847974371302,0.8631916976176174,0.05599309981951284,0.7881017844627742,0.6594560353657879,0.12864574909698634,0.12659674962555353,0.1518080912184269,-0.02521134159287336,0.40679375101148796,0.48900050280137675,-0.08220675178988879,0.12601249727623484,0.1474058414429689,-0.021393344166734052,0.029306631278757673,0.03638287766995741,-0.007076246391199737
csqa,q3-4bi|q3-8bi|l32-3bi|l31-8bi|g2-9i|phi4mii,6,1,cons,logodds_sum,fixed,861,849,849,0.9860627177700348,g2-9i,initial_fit_accuracy,q3-4bi+q3-8bi+l32-3bi+l31-8bi+g2-9i+phi4mii--s70v0--fb588f4a,5.594756747250723,0.8060394889663183,0.8060394889663183,0.0,0.15580051915905593,0.07545151158225381,0.08034900757680212,0.9197239855032712,0.8631916976176174,0.05653228788565379,0.7901459198159829,0.6594560353657879,0.13068988445019503,0.1623046983257897,0.1518080912184269,0.010496607107362804,1.2450568538781748,0.48900050280137675,0.756056351076798,0.12718046796038276,0.1474058414429689,-0.02022537348258613,0.047643160691331204,0.03638287766995741,0.011260283021373794
csqa,q3-4bi|q3-8bi|l32-3bi|l31-8bi|g2-9i|phi4mii,6,1,cons,logodds_mean,fixed,861,849,849,0.9860627177700348,g2-9i,initial_fit_accuracy,q3-4bi+q3-8bi+l32-3bi+l31-8bi+g2-9i+phi4mii--s70v0--fb588f4a,0.9441746872077473,0.8060394889663183,0.8060394889663183,0.0,0.04010216086184216,0.07545151158225381,-0.035349350720411656,0.9197239855032712,0.8631916976176174,0.05653228788565379,0.7901459198159829,0.6594560353657879,0.13068988445019503,0.12687677980234552,0.1518080912184269,-0.024931311416081375,0.40655533390625404,0.48900050280137675,-0.08244516889512271,0.12703427948123072,0.1474058414429689,-0.02037156196173817,0.04144395704623442,0.03638287766995741,0.005061079376277013
csqa,q3-4bi|q3-8bi|l32-3bi|l31-8bi|g2-9i|phi4mii,6,1,cons,shared_rho,fitted,861,849,849,0.9860627177700348,g2-9i,initial_fit_accuracy,q3-4bi+q3-8bi+l32-3bi+l31-8bi+g2-9i+phi4mii--s70v0--fb588f4a,2.6595986879541096,0.8060394889663183,0.8060394889663183,0.0,0.1315664875262474,0.07545151158225381,0.056114975943993575,0.9197239855032712,0.8631916976176174,0.05653228788565379,0.7901459198159829,0.6594560353657879,0.13068988445019503,0.14911419841473944,0.1518080912184269,-0.002693892803687453,0.6313446863536691,0.48900050280137675,0.1423441835522924,0.1270342794631279,0.1474058414429689,-0.020371561979840996,0.0414439568801436,0.03638287766995741,0.005061079210186191
csqa,q3-4bi|q3-8bi|l32-3bi|l31-8bi|g2-9i|phi4mii,6,1,cons,shared_scale,fitted,861,849,849,0.9860627177700348,g2-9i,initial_fit_accuracy,q3-4bi+q3-8bi+l32-3bi+l31-8bi+g2-9i+phi4mii--s70v0--fb588f4a,1.0000000150018613,0.8060394889663183,0.8060394889663183,0.0,0.041443958405221436,0.07545151158225381,-0.03400755317703238,0.9197239855032712,0.8631916976176174,0.05653228788565379,0.7901459198159829,0.6594560353657879,0.13068988445019503,0.127034279629368,0.1518080912184269,-0.02477381158905889,0.40598791850285715,0.48900050280137675,-0.0830125842985196,0.12703427955399738,0.1474058414429689,-0.020371561888971518,0.04144395771385643,0.03638287766995741,0.005061080043899019
csqa,q3-4bi|q3-8bi|l32-3bi|l31-8bi|g2-9i|phi4mii,6,1,cons,kahn,fitted,861,849,849,0.9860627177700348,g2-9i,initial_fit_accuracy,q3-4bi+q3-8bi+l32-3bi+l31-8bi+g2-9i+phi4mii--s70v0--fb588f4a,1.355513668850746,0.8060394889663183,0.8060394889663183,0.0,0.09568860123015446,0.07545151158225381,0.02023708964790065,0.9090756698362772,0.8631916976176174,0.04588397221865981,0.7767265081675562,0.6594560353657879,0.11727047280176828,0.1441276403452844,0.1518080912184269,-0.00768045087314248,0.4720334428157567,0.48900050280137675,-0.016967059985620037,0.13670850509576402,0.1474058414429689,-0.010697336347204878,0.060273932675014984,0.03638287766995741,0.023891055005057574
csqa,q3-4bi|q3-8bi|l32-3bi|l31-8bi|g2-9i|phi4mii,6,1,cons,blp,fitted,861,849,849,0.9860627177700348,g2-9i,initial_fit_accuracy,q3-4bi+q3-8bi+l32-3bi+l31-8bi+g2-9i+phi4mii--s70v0--fb588f4a,1.000067993708659,0.8060394889663183,0.8060394889663183,0.0,0.05757369175098939,0.07545151158225381,-0.01787781983126442,0.9196998427048693,0.8631916976176174,0.05650814508725188,0.7880164249645084,0.6594560353657879,0.12856038959872051,0.13037528221606784,0.1518080912184269,-0.021432809002359055,0.41395986641622,0.48900050280137675,-0.07504063638515673,0.13037461484664362,0.1474058414429689,-0.017031226596325277,0.057576958644040874,0.03638287766995741,0.021194080974083464
csqa,q3-4bi|q3-8bi|l32-3bi|l31-8bi|g2-9i|phi4mii,6,1,cons,logistic_pool,fitted,861,849,849,0.9860627177700348,g2-9i,initial_fit_accuracy,q3-4bi+q3-8bi+l32-3bi+l31-8bi+g2-9i+phi4mii--s70v0--fb588f4a,0.9952224767822012,0.8060394889663183,0.8060394889663183,0.0,0.04659711807687869,0.07545151158225381,-0.028854393505375123,0.9083369819092878,0.8631916976176174,0.04514528429167042,0.772835912088702,0.6594560353657879,0.11337987672291405,0.131649048038674,0.1518080912184269,-0.020159043179752895,0.4195103026967057,0.48900050280137675,-0.06949020010467105,0.1317065664223258,0.1474058414429689,-0.015699275020643083,0.04652618326384296,0.03638287766995741,0.01014330559388555
csqa,q3-4bi|q3-8bi|l32-3bi|l31-8bi|g2-9i|phi4mii,6,1,cons,blp_equal,fitted,861,849,849,0.9860627177700348,g2-9i,initial_fit_accuracy,q3-4bi+q3-8bi+l32-3bi+l31-8bi+g2-9i+phi4mii--s70v0--fb588f4a,0.9892829042328934,0.8060394889663183,0.8060394889663183,0.0,0.02161727230153352,0.07545151158225381,-0.05383423928072029,0.9191847974371302,0.8631916976176174,0.05599309981951284,0.7881017844627742,0.6594560353657879,0.12864574909698634,0.12496578635803092,0.1518080912184269,-0.026842304860395974,0.39989620485109467,0.48900050280137675,-0.08910429795028207,0.12495104143314349,0.1474058414429689,-0.0224548000098254,0.021417794617309395,0.03638287766995741,-0.014965083052648015
csqa,q3-4bi|q3-8bi|l32-3bi|l31-8bi|g2-9i|phi4mii,6,1,cons,kahn_diagonal,fitted,861,849,849,0.9860627177700348,g2-9i,initial_fit_accuracy,q3-4bi+q3-8bi+l32-3bi+l31-8bi+g2-9i+phi4mii--s70v0--fb588f4a,2.172398874855945,0.8060394889663183,0.8060394889663183,0.0,0.13877406345216697,0.07545151158225381,0.06332255186991316,0.9219085212629697,0.8631916976176174,0.058716823645352356,0.7967635272341725,0.6594560353657879,0.13730749186838465,0.16371747613506468,0.1518080912184269,0.011909384916637789,0.6768362962798008,0.48900050280137675,0.18783579347842405,0.1440845831752137,0.1474058414429689,-0.0033212582677552005,0.08508173477445406,0.03638287766995741,0.04869885710449665
csqa,q3-4bi|q3-8bi|l32-3bi|l31-8bi|g2-9i|phi4mii,6,1,cons,reference_stream_target,fixed,861,849,849,0.9860627177700348,g2-9i,initial_fit_accuracy,q3-4bi+q3-8bi+l32-3bi+l31-8bi+g2-9i+phi4mii--s70v0--fb588f4a,1.2296144216417928,0.8060394889663183,0.8060394889663183,0.0,0.07545151158225381,0.07545151158225381,0.0,0.8631916976176174,0.8631916976176174,0.0,0.6594560353657879,0.6594560353657879,0.0,0.1518080912184269,0.1518080912184269,0.0,0.48900050280137675,0.48900050280137675,0.0,0.1474058414429689,0.1474058414429689,0.0,0.03638287766995741,0.03638287766995741,0.0
csqa,q3-8bi|g2-9i|phi4mii,3,1,cons,mean,fixed,861,853,853,0.9907084785133565,g2-9i,initial_fit_accuracy,q3-8bi+g2-9i+phi4mii--s70v0--f248191e,1.0727136219900135,0.7909407665505227,0.7909407665505227,0.0,0.040412921714010536,0.08055881203595153,-0.04014589032194099,0.9003161500281008,0.8535814564966322,0.04673469353146864,0.7719384745048462,0.6617024863042562,0.11023598820059,0.1352779225102488,0.15975218184186532,-0.02447425933161651,0.42666861246825694,0.5096607807252318,-0.08299216825697486,0.1346907468263897,0.1548087327365616,-0.020117985910171887,0.04157643566708967,0.03659227050866362,0.004984165158426049
csqa,q3-8bi|g2-9i|phi4mii,3,1,cons,logodds_sum,fixed,861,853,853,0.9907084785133565,g2-9i,initial_fit_accuracy,q3-8bi+g2-9i+phi4mii--s70v0--f248191e,3.3670032061378143,0.7909407665505227,0.7909407665505227,0.0,0.15954428901474552,0.08055881203595153,0.07898547697879399,0.9005804564432031,0.8535814564966322,0.04699899994657086,0.7731563421828909,0.6617024863042562,0.11145385587863466,0.1687504744019237,0.15975218184186532,0.00899829256005838,0.82605909734741,0.5096607807252318,0.3163983166221782,0.13635860512835138,0.1548087327365616,-0.018450127608210215,0.037418553590246505,0.03659227050866362,0.0008262830815828834
csqa,q3-8bi|g2-9i|phi4mii,3,1,cons,logodds_mean,fixed,861,853,853,0.9907084785133565,g2-9i,initial_fit_accuracy,q3-8bi+g2-9i+phi4mii--s70v0--f248191e,1.1223343954545415,0.7909407665505227,0.7909407665505227,0.0,0.05490151637421568,0.08055881203595153,-0.02565729566173585,0.9005804564432031,0.8535814564966322,0.04699899994657086,0.7731563421828909,0.6617024863042562,0.11145385587863466,0.13774859637840356,0.15975218184186532,-0.02200358546346176,0.43405393518624125,0.5096607807252318,-0.07560684553899055,0.13635860517165851,0.1548087327365616,-0.01845012756490308,0.03741855291617237,0.03659227050866362,0.0008262824075087466
csqa,q3-8bi|g2-9i|phi4mii,3,1,cons,shared_rho,fitted,861,853,853,0.9907084785133565,g2-9i,initial_fit_accuracy,q3-8bi+g2-9i+phi4mii--s70v0--f248191e,2.3177849059507856,0.7909407665505227,0.7909407665505227,0.0,0.13817146019937485,0.08055881203595153,0.05761264816342332,0.9005804564432031,0.8535814564966322,0.04699899994657086,0.7731563421828909,0.6617024863042562,0.11145385587863466,0.15884644655317678,0.15975218184186532,-0.0009057352886885361,0.6056614363122254,0.5096607807252318,0.09600065558699356,0.1363586050729354,0.1548087327365616,-0.018450127663626192,0.03741855445279738,0.03659227050866362,0.0008262839441337613
csqa,q3-8bi|g2-9i|phi4mii,3,1,cons,shared_scale,fitted,861,853,853,0.9907084785133565,g2-9i,initial_fit_accuracy,q3-8bi+g2-9i+phi4mii--s70v0--f248191e,0.9999999847854089,0.7909407665505227,0.7909407665505227,0.0,0.03741855339808549,0.08055881203595153,-0.04314025863786604,0.9005804564432031,0.8535814564966322,0.04699899994657086,0.7731563421828909,0.6617024863042562,0.11145385587863466,0.13635860514070666,0.15975218184186532,-0.023393576701158658,0.4308611004553072,0.5096607807252318,-0.07879968026992462,0.13635860525289675,0.1548087327365616,-0.01845012748366484,0.037418551651699744,0.03659227050866362,0.0008262811430361228
csqa,q3-8bi|g2-9i|phi4mii,3,1,cons,kahn,fitted,861,853,853,0.9907084785133565,g2-9i,initial_fit_accuracy,q3-8bi+g2-9i+phi4mii--s70v0--f248191e,1.240847346103028,0.7909407665505227,0.7909407665505227,0.0,0.06504606031375833,0.08055881203595153,-0.0155127517221932,0.899469561467082,0.8535814564966322,0.04588810497044982,0.76826801517067,0.6617024863042562,0.1065655288664138,0.14255030113595854,0.15975218184186532,-0.01720188070590678,0.4553831430926178,0.5096607807252318,-0.054277637632614006,0.13918037352813814,0.1548087327365616,-0.015628359208423453,0.048061213402614385,0.03659227050866362,0.011468942893950763
csqa,q3-8bi|g2-9i|phi4mii,3,1,cons,blp,fitted,861,853,853,0.9907084785133565,g2-9i,initial_fit_accuracy,q3-8bi+g2-9i+phi4mii--s70v0--f248191e,1.0044498296739606,0.7909407665505227,0.7909407665505227,0.0,0.04004946730317929,0.08055881203595153,-0.040509344732772234,0.8995167097928752,0.8535814564966322,0.04593525329624304,0.7684534344711336,0.6617024863042562,0.10675094816687736,0.13602158177402907,0.15975218184186532,-0.023730600067836255,0.42927057887291314,0.5096607807252318,-0.08039020185231865,0.13598720164366015,0.1548087327365616,-0.01882153109290144,0.04027523798030087,0.03659227050866362,0.0036829674716372454
csqa,q3-8bi|g2-9i|phi4mii,3,1,cons,logistic_pool,fitted,861,853,853,0.9907084785133565,g2-9i,initial_fit_accuracy,q3-8bi+g2-9i+phi4mii--s70v0--f248191e,0.9960543910363829,0.7909407665505227,0.7909407665505227,0.0,0.030867278474492423,0.08055881203595153,-0.049691533561459104,0.8999200607790986,0.8535814564966322,0.04633860428246639,0.7703076274757691,0.6617024863042562,0.10860514117151288,0.13703000585680625,0.15975218184186532,-0.022722175985059073,0.4331973165041266,0.5096607807252318,-0.07646346422110523,0.13706390743854396,0.1548087327365616,-0.01774482529801763,0.03046322737308235,0.03659227050866362,-0.006129043135581273
csqa,q3-8bi|g2-9i|phi4mii,3,1,cons,blp_equal,fitted,861,853,853,0.9907084785133565,g2-9i,initial_fit_accuracy,q3-8bi+g2-9i+phi4mii--s70v0--f248191e,1.004305285472171,0.7909407665505227,0.7909407665505227,0.0,0.04005192890632349,0.08055881203595153,-0.04050688312962804,0.9003161500281008,0.8535814564966322,0.04673469353146864,0.7719384745048462,0.6617024863042562,0.11023598820059,0.13427425346619803,0.15975218184186532,-0.025477928375667286,0.4245302958554501,0.5096607807252318,-0.0851304848697817,0.13424932078131,0.1548087327365616,-0.0205594119552516,0.03955169947837059,0.03659227050866362,0.0029594289697069676
csqa,q3-8bi|g2-9i|phi4mii,3,1,cons,kahn_diagonal,fitted,861,853,853,0.9907084785133565,g2-9i,initial_fit_accuracy,q3-8bi+g2-9i+phi4mii--s70v0--f248191e,1.497180894347451,0.7909407665505227,0.7909407665505227,0.0,0.09426485864175746,0.08055881203595153,0.013706046605805933,0.9003066013248023,0.8535814564966322,0.04672514482817014,0.7720859671302149,0.6617024863042562,0.11038348082595872,0.1486752654417299,0.15975218184186532,-0.011076916400135417,0.49756358819659285,0.5096607807252318,-0.012097192528638945,0.14135488559209594,0.1548087327365616,-0.013453847144465653,0.05799970504811349,0.03659227050866362,0.02140743453944987
csqa,q3-8bi|g2-9i|phi4mii,3,1,cons,reference_stream_target,fixed,861,853,853,0.9907084785133565,g2-9i,initial_fit_accuracy,q3-8bi+g2-9i+phi4mii--s70v0--f248191e,1.26865524904518,0.7909407665505227,0.7909407665505227,0.0,0.08055881203595153,0.08055881203595153,0.0,0.8535814564966322,0.8535814564966322,0.0,0.6617024863042562,0.6617024863042562,0.0,0.15975218184186532,0.15975218184186532,0.0,0.5096607807252318,0.5096607807252318,0.0,0.1548087327365616,0.1548087327365616,0.0,0.03659227050866362,0.03659227050866362,0.0
csqa,q3-8bi|l31-8bi,2,1,cons,mean,fixed,861,853,853,0.9907084785133565,q3-8bi,initial_fit_accuracy,q3-8bi+l31-8bi--s70v0--23c63263,1.174279527891199,0.7886178861788617,0.7886178861788617,0.0,0.051211410707454885,0.09232121922625962,-0.04110980851880473,0.8690524629552265,0.8433577912512539,0.02569467170397266,0.7136567679558011,0.6517980465666929,0.061858721389108196,0.14511153445357125,0.1627995961964309,-0.01768806174285964,0.4613972225719862,0.5203824863130778,-0.05898526374109164,0.1465861280460259,0.15489232363658628,-0.008306195590560395,0.05231624125222038,0.04589758010773781,0.006418661144482571
csqa,q3-8bi|l31-8bi,2,1,cons,logodds_sum,fixed,861,853,853,0.9907084785133565,q3-8bi,initial_fit_accuracy,q3-8bi+l31-8bi--s70v0--23c63263,2.4410389432000525,0.7886178861788617,0.7886178861788617,0.0,0.1160454352166168,0.09232121922625962,0.023724215990357178,0.8692316112706354,0.8433577912512539,0.025873820019381544,0.7144706985003947,0.6517980465666929,0.06267265193370175,0.1564634478586569,0.1627995961964309,-0.006336148337773989,0.5810996956933271,0.5203824863130778,0.06071720938024927,0.1451359917752054,0.15489232363658628,-0.00975633186138089,0.03930715844015967,0.04589758010773781,-0.006590421667578145
csqa,q3-8bi|l31-8bi,2,1,cons,logodds_mean,fixed,861,853,853,0.9907084785133565,q3-8bi,initial_fit_accuracy,q3-8bi+l31-8bi--s70v0--23c63263,1.2205194312784955,0.7886178861788617,0.7886178861788617,0.0,0.046682969959594374,0.09232121922625962,-0.045638249266665244,0.8692316112706354,0.8433577912512539,0.025873820019381544,0.7144706985003947,0.6517980465666929,0.06267265193370175,0.14427643636905998,0.1627995961964309,-0.018523159827370905,0.45853483703389986,0.5203824863130778,-0.06184764927917796,0.14513599139613542,0.15489232363658628,-0.00975633224045086,0.0393071540129477,0.04589758010773781,-0.00659042609479011
csqa,q3-8bi|l31-8bi,2,1,cons,shared_rho,fitted,861,853,853,0.9907084785133565,q3-8bi,initial_fit_accuracy,q3-8bi+l31-8bi--s70v0--23c63263,2.4410389432000525,0.7886178861788617,0.7886178861788617,0.0,0.1160454352166168,0.09232121922625962,0.023724215990357178,0.8692316112706354,0.8433577912512539,0.025873820019381544,0.7144706985003947,0.6517980465666929,0.06267265193370175,0.1564634478586569,0.1627995961964309,-0.006336148337773989,0.5810996956933271,0.5203824863130778,0.06071720938024927,0.1451359917752054,0.15489232363658628,-0.00975633186138089,0.03930715844015967,0.04589758010773781,-0.006590421667578145
csqa,q3-8bi|l31-8bi,2,1,cons,shared_scale,fitted,861,853,853,0.9907084785133565,q3-8bi,initial_fit_accuracy,q3-8bi+l31-8bi--s70v0--23c63263,1.000000031184081,0.7886178861788617,0.7886178861788617,0.0,0.03930715669609025,0.09232121922625962,-0.05301406253016937,0.8692316112706354,0.8433577912512539,0.025873820019381544,0.7144706985003947,0.6517980465666929,0.06267265193370175,0.14513599162588675,0.1627995961964309,-0.01766360457054414,0.46018224304004357,0.5203824863130778,-0.06020024327303425,0.14513599198370022,0.15489232363658628,-0.009756331652886058,0.039307160875200066,0.04589758010773781,-0.006590419232537746
csqa,q3-8bi|l31-8bi,2,1,cons,kahn,fitted,861,853,853,0.9907084785133565,q3-8bi,initial_fit_accuracy,q3-8bi+l31-8bi--s70v0--23c63263,1.0618587343586945,0.7886178861788617,0.7886178861788617,0.0,0.05488672692359094,0.09232121922625962,-0.03743449230266868,0.871677907600717,0.8433577912512539,0.028320116349463076,0.7233951591686398,0.6517980465666929,0.0715971126019469,0.14509159280449488,0.1627995961964309,-0.01770800339193601,0.458159271550777,0.5203824863130778,-0.062223214762300805,0.14530100825489392,0.15489232363658628,-0.009591315381692361,0.055335045261588695,0.04589758010773781,0.009437465153850882
csqa,q3-8bi|l31-8bi,2,1,cons,blp,fitted,861,853,853,0.9907084785133565,q3-8bi,initial_fit_accuracy,q3-8bi+l31-8bi--s70v0--23c63263,1.0008286491183152,0.7886178861788617,0.7886178861788617,0.0,0.050463178050395116,0.09232121922625962,-0.0418580411758645,0.8713816924543265,0.8433577912512539,0.028023901203072632,0.7220057221783741,0.6517980465666929,0.07020767561168118,0.14565323522351234,0.1627995961964309,-0.01714636097291855,0.4595649067715977,0.5203824863130778,-0.060817579541480093,0.14565863464052975,0.15489232363658628,-0.009233688996056533,0.050599185677233816,0.04589758010773781,0.0047016055694960035
csqa,q3-8bi|l31-8bi,2,1,cons,logistic_pool,fitted,861,853,853,0.9907084785133565,q3-8bi,initial_fit_accuracy,q3-8bi+l31-8bi--s70v0--23c63263,0.9964865413917887,0.7886178861788617,0.7886178861788617,0.0,0.03853585213500941,0.09232121922625962,-0.05378536709125021,0.8714077817968453,0.8433577912512539,0.02804999054559143,0.7222277032359905,0.6517980465666929,0.07042965666929757,0.14498742989960633,0.1627995961964309,-0.017812166296824555,0.4583129434672854,0.5203824863130778,-0.062069542845792414,0.1449642453294279,0.15489232363658628,-0.009928078307158389,0.03796275663857492,0.04589758010773781,-0.00793482346916289
csqa,q3-8bi|l31-8bi,2,1,cons,blp_equal,fitted,861,853,853,0.9907084785133565,q3-8bi,initial_fit_accuracy,q3-8bi+l31-8bi--s70v0--23c63263,0.9986635540815615,0.7886178861788617,0.7886178861788617,0.0,0.04644515948429663,0.09232121922625962,-0.04587605974196299,0.8690524629552265,0.8433577912512539,0.02569467170397266,0.7136567679558011,0.6517980465666929,0.061858721389108196,0.1473102150985136,0.1627995961964309,-0.015489381097917282,0.46465165518815355,0.5203824863130778,-0.055730831124924274,0.14729660781510026,0.15489232363658628,-0.007595715821486021,0.04627240382002749,0.04589758010773781,0.000374823712289675
csqa,q3-8bi|l31-8bi,2,1,cons,kahn_diagonal,fitted,861,853,853,0.9907084785133565,q3-8bi,initial_fit_accuracy,q3-8bi+l31-8bi--s70v0--23c63263,1.0421805081184907,0.7886178861788617,0.7886178861788617,0.0,0.0575024465817948,0.09232121922625962,-0.03481877264446482,0.8715914686883031,0.8433577912512539,0.028233677437049187,0.7229676400947119,0.6517980465666929,0.07116959352801899,0.14602469211335456,0.1627995961964309,-0.01677490408307633,0.46000563834094793,0.5203824863130778,-0.06037684797212989,0.14612829801596333,0.15489232363658628,-0.00876402562062295,0.05881239496814286,0.04589758010773781,0.01291481486040505
csqa,q3-8bi|l31-8bi,2,1,cons,reference_stream_target,fixed,861,853,853,0.9907084785133565,q3-8bi,initial_fit_accuracy,q3-8bi+l31-8bi--s70v0--23c63263,1.5578602968858881,0.7886178861788617,0.7886178861788617,0.0,0.09232121922625962,0.09232121922625962,0.0,0.8433577912512539,0.8433577912512539,0.0,0.6517980465666929,0.6517980465666929,0.0,0.1627995961964309,0.1627995961964309,0.0,0.5203824863130778,0.5203824863130778,0.0,0.15489232363658628,0.15489232363658628,0.0,0.04589758010773781,0.04589758010773781,0.0
csqa,q3-8bi|l31-8bi|g2-9i|phi4mii,4,1,cons,mean,fixed,861,848,848,0.9849012775842044,g2-9i,initial_fit_accuracy,q3-8bi+l31-8bi+g2-9i+phi4mii--s70v0--fe2a4866,0.9212509179329295,0.8048780487804879,0.8048780487804879,0.0,0.04166420990562382,0.09208922955974809,-0.05042501965412427,0.9078635034046263,0.8546921270008478,0.05317137640377845,0.7671783625730995,0.6387819141349308,0.12839644843816866,0.12958088169057666,0.1615504618710692,-0.031969580180492535,0.41546159528329857,0.5154848657658984,-0.10002327048259979,0.1291655255792928,0.15566111266915716,-0.026495587089864353,0.02978899348287324,0.04429082574960047,-0.01450183226672723
csqa,q3-8bi|l31-8bi|g2-9i|phi4mii,4,1,cons,logodds_sum,fixed,861,848,848,0.9849012775842044,g2-9i,initial_fit_accuracy,q3-8bi+l31-8bi+g2-9i+phi4mii--s70v0--fe2a4866,4.0130288378385295,0.8048780487804879,0.8048780487804879,0.0,0.15556783428175155,0.09208922955974809,0.06347860472200346,0.9085867339491766,0.8546921270008478,0.053894606948328705,0.7699998217087434,0.6387819141349308,0.13121790757381258,0.16213992100504335,0.1615504618710692,0.0005894591339741517,0.8914356164435228,0.5154848657658984,0.3759507506776244,0.1296201962081108,0.15566111266915716,-0.026040916461046365,0.02666754225111629,0.04429082574960047,-0.01762328349848418
csqa,q3-8bi|l31-8bi|g2-9i|phi4mii,4,1,cons,logodds_mean,fixed,861,848,848,0.9849012775842044,g2-9i,initial_fit_accuracy,q3-8bi+l31-8bi+g2-9i+phi4mii--s70v0--fe2a4866,1.0032572201728844,0.8048780487804879,0.8048780487804879,0.0,0.028215914927187464,0.09208922955974809,-0.06387331463256063,0.9085867339491766,0.8546921270008478,0.053894606948328705,0.7699998217087434,0.6387819141349308,0.13121790757381258,0.12962604273539902,0.1615504618710692,-0.03192441913567018,0.4143695134174246,0.5154848657658984,-0.10111535234847374,0.1296201961903315,0.15566111266915716,-0.02604091647882567,0.026667543289298358,0.04429082574960047,-0.017623282460302113
csqa,q3-8bi|l31-8bi|g2-9i|phi4mii,4,1,cons,shared_rho,fitted,861,848,848,0.9849012775842044,g2-9i,initial_fit_accuracy,q3-8bi+l31-8bi+g2-9i+phi4mii--s70v0--fe2a4866,2.480955620420354,0.8048780487804879,0.8048780487804879,0.0,0.13049504029675002,0.09208922955974809,0.03840581073700193,0.9085867339491766,0.8546921270008478,0.053894606948328705,0.7699998217087434,0.6387819141349308,0.13121790757381258,0.15038088352179252,0.1615504618710692,-0.011169578349276676,0.5916636032375057,0.5154848657658984,0.0761787374716073,0.1296201962327832,0.15566111266915716,-0.026040916436373962,0.026667540810404105,0.04429082574960047,-0.017623284939196366
csqa,q3-8bi|l31-8bi|g2-9i|phi4mii,4,1,cons,shared_scale,fitted,861,848,848,0.9849012775842044,g2-9i,initial_fit_accuracy,q3-8bi+l31-8bi+g2-9i+phi4mii--s70v0--fe2a4866,1.0000000236845414,0.8048780487804879,0.8048780487804879,0.0,0.026667541004311325,0.09208922955974809,-0.06542168855543676,0.9085867339491766,0.8546921270008478,0.053894606948328705,0.7699998217087434,0.6387819141349308,0.13121790757381258,0.12962019622945734,0.1615504618710692,-0.03193026564161186,0.41440430679017004,0.5154848657658984,-0.10108055897572832,0.1296201961900248,0.15566111266915716,-0.02604091647913237,0.02666754330720668,0.04429082574960047,-0.017623282442393792
csqa,q3-8bi|l31-8bi|g2-9i|phi4mii,4,1,cons,kahn,fitted,861,848,848,0.9849012775842044,g2-9i,initial_fit_accuracy,q3-8bi+l31-8bi+g2-9i+phi4mii--s70v0--fe2a4866,1.260415760254516,0.8048780487804879,0.8048780487804879,0.0,0.07479755799543855,0.09208922955974809,-0.017291671564309538,0.9102859481737811,0.8546921270008478,0.05559382117293321,0.7732358080159749,0.6387819141349308,0.13445389388104412,0.14288237437125606,0.1615504618710692,-0.018668087499813135,0.4555612351542086,0.5154848657658984,-0.05992363061168976,0.13888988151974702,0.15566111266915716,-0.01677123114941015,0.04840277932833728,0.04429082574960047,0.00411195357873681
csqa,q3-8bi|l31-8bi|g2-9i|phi4mii,4,1,cons,blp,fitted,861,848,848,0.9849012775842044,g2-9i,initial_fit_accuracy,q3-8bi+l31-8bi+g2-9i+phi4mii--s70v0--fe2a4866,1.002640741115556,0.8048780487804879,0.8048780487804879,0.0,0.051361625552157904,0.09208922955974809,-0.040727604007590186,0.9103778838095336,0.8546921270008478,0.055685756808685705,0.7736191342176579,0.6387819141349308,0.13483722008272714,0.13235896076433115,0.1615504618710692,-0.029191501106738044,0.4194697975446208,0.5154848657658984,-0.09601506822127753,0.13234528990000394,0.15566111266915716,-0.023315822769153227,0.051616116419095165,0.04429082574960047,0.007325290669494694
csqa,q3-8bi|l31-8bi|g2-9i|phi4mii,4,1,cons,logistic_pool,fitted,861,848,848,0.9849012775842044,g2-9i,initial_fit_accuracy,q3-8bi+l31-8bi+g2-9i+phi4mii--s70v0--fe2a4866,0.996301082819815,0.8048780487804879,0.8048780487804879,0.0,0.04189587560044814,0.09208922955974809,-0.05019335395929995,0.9102667027715413,0.8546921270008478,0.05557457577069347,0.7731644915133362,0.6387819141349308,0.13438257737840542,0.13430689270595128,0.1615504618710692,-0.027243569165117915,0.4256633331988797,0.5154848657658984,-0.08982153256701864,0.1343359673714515,0.15566111266915716,-0.021325145297705655,0.04218102200557152,0.04429082574960047,-0.00210980374402895
csqa,q3-8bi|l31-8bi|g2-9i|phi4mii,4,1,cons,blp_equal,fitted,861,848,848,0.9849012775842044,g2-9i,initial_fit_accuracy,q3-8bi+l31-8bi+g2-9i+phi4mii--s70v0--fe2a4866,0.9998849823912775,0.8048780487804879,0.8048780487804879,0.0,0.027793710915994134,0.09208922955974809,-0.06429551864375396,0.9078635034046263,0.8546921270008478,0.05317137640377845,0.7671783625730995,0.6387819141349308,0.12839644843816866,0.12904783077083373,0.1615504618710692,-0.03250263110023546,0.41290112191372336,0.5154848657658984,-0.102583743852175,0.1290475367325131,0.15566111266915716,-0.02661357593664407,0.027777696098234026,0.04429082574960047,-0.016513129651366445
csqa,q3-8bi|l31-8bi|g2-9i|phi4mii,4,1,cons,kahn_diagonal,fitted,861,848,848,0.9849012775842044,g2-9i,initial_fit_accuracy,q3-8bi+l31-8bi+g2-9i+phi4mii--s70v0--fe2a4866,1.6920793741335924,0.8048780487804879,0.8048780487804879,0.0,0.11438126055942954,0.09208922955974809,0.022292030999681453,0.9115834356649839,0.8546921270008478,0.05689130866413605,0.7795829767508201,0.6387819141349308,0.14080106261588932,0.15272665651125375,0.1615504618710692,-0.008823805359815445,0.5279375950375167,0.5154848657658984,0.012452729271618335,0.1424349481183768,0.15566111266915716,-0.013226164550780378,0.08096872816640238,0.04429082574960047,0.03667790241680191
csqa,q3-8bi|l31-8bi|g2-9i|phi4mii,4,1,cons,reference_stream_target,fixed,861,848,848,0.9849012775842044,g2-9i,initial_fit_accuracy,q3-8bi+l31-8bi+g2-9i+phi4mii--s70v0--fe2a4866,1.2941818706884247,0.8048780487804879,0.8048780487804879,0.0,0.09208922955974809,0.09208922955974809,0.0,0.8546921270008478,0.8546921270008478,0.0,0.6387819141349308,0.6387819141349308,0.0,0.1615504618710692,0.1615504618710692,0.0,0.5154848657658984,0.5154848657658984,0.0,0.15566111266915716,0.15566111266915716,0.0,0.04429082574960047,0.04429082574960047,0.0
csqa,q3-8bi|l31-8bi|g3-12i|phi4mii,4,1,cons,mean,fixed,861,856,856,0.9941927990708479,g3-12i,initial_fit_accuracy,q3-8bi+l31-8bi+g3-12i+phi4mii--s70v0--3e0157bc,0.8654640738399341,0.7897793263646922,0.7897793263646922,0.0,0.034759540498411214,0.10231697819314656,-0.06755743769473535,0.9076986884124212,0.8491098309625195,0.05858885744990172,0.7909965213832617,0.6529936566400655,0.13800286474319623,0.13222479799454948,0.17947657061266875,-0.047251772618119275,0.42101714880821994,0.5555887887300617,-0.13457163992184173,0.13161255384379175,0.17058585853542296,-0.03897330469163121,0.019905284274095898,0.07138991127226678,-0.051484626998170885
csqa,q3-8bi|l31-8bi|g3-12i|phi4mii,4,1,cons,logodds_sum,fixed,861,856,856,0.9941927990708479,g3-12i,initial_fit_accuracy,q3-8bi+l31-8bi+g3-12i+phi4mii--s70v0--3e0157bc,3.7597700613233753,0.7897793263646922,0.7897793263646922,0.0,0.15192266159657866,0.10231697819314656,0.049605683403432105,0.9083723106056768,0.8491098309625195,0.05926247964315734,0.7936239001432371,0.6529936566400655,0.14063024350317166,0.16207596345369435,0.17947657061266875,-0.0174006071589744,0.8679798419356043,0.5555887887300617,0.3123910532055426,0.13220644336605603,0.17058585853542296,-0.03837941516936694,0.03839143490008849,0.07138991127226678,-0.03299847637217829
csqa,q3-8bi|l31-8bi|g3-12i|phi4mii,4,1,cons,logodds_mean,fixed,861,856,856,0.9941927990708479,g3-12i,initial_fit_accuracy,q3-8bi+l31-8bi+g3-12i+phi4mii--s70v0--3e0157bc,0.9399425356039055,0.7897793263646922,0.7897793263646922,0.0,0.0382327931819988,0.10231697819314656,-0.06408418501114777,0.9083723106056768,0.8491098309625195,0.05926247964315734,0.7936239001432371,0.6529936566400655,0.14063024350317166,0.13202771228144797,0.17947657061266875,-0.04744885833122078,0.4194784336887638,0.5555887887300617,-0.13611035504129787,0.1322064432524947,0.17058585853542296,-0.038379415282928264,0.03839143463579729,0.07138991127226678,-0.03299847663646949
csqa,q3-8bi|l31-8bi|g3-12i|phi4mii,4,1,cons,shared_rho,fitted,861,856,856,0.9941927990708479,g3-12i,initial_fit_accuracy,q3-8bi+l31-8bi+g3-12i+phi4mii--s70v0--3e0157bc,2.4616710830380786,0.7897793263646922,0.7897793263646922,0.0,0.13215371922106914,0.10231697819314656,0.02983674102792258,0.9083723106056768,0.8491098309625195,0.05926247964315734,0.7936239001432371,0.6529936566400655,0.14063024350317166,0.15285998078129703,0.17947657061266875,-0.026616589831371718,0.6084550314966992,0.5555887887300617,0.05286624276663754,0.1322064431953271,0.17058585853542296,-0.03837941534009587,0.03839143450275196,0.07138991127226678,-0.03299847676951482
csqa,q3-8bi|l31-8bi|g3-12i|phi4mii,4,1,cons,shared_scale,fitted,861,856,856,0.9941927990708479,g3-12i,initial_fit_accuracy,q3-8bi+l31-8bi+g3-12i+phi4mii--s70v0--3e0157bc,1.0000000050005995,0.7897793263646922,0.7897793263646922,0.0,0.0383914348084159,0.10231697819314656,-0.06392554338473067,0.9083723106056768,0.8491098309625195,0.05926247964315734,0.7936239001432371,0.6529936566400655,0.14063024350317166,0.13220644332671333,0.17947657061266875,-0.04727012728595542,0.4191002048302549,0.5555887887300617,-0.13648858389980678,0.1322064433003811,0.17058585853542296,-0.038379415235041875,0.03839143474724245,0.07138991127226678,-0.03299847652502433
csqa,q3-8bi|l31-8bi|g3-12i|phi4mii,4,1,cons,kahn,fitted,861,856,856,0.9941927990708479,g3-12i,initial_fit_accuracy,q3-8bi+l31-8bi+g3-12i+phi4mii--s70v0--3e0157bc,1.1525767831884126,0.7897793263646922,0.7897793263646922,0.0,0.03982260540838081,0.10231697819314656,-0.062494372784765745,0.9088847821722312,0.8491098309625195,0.05977495120971177,0.7977900552486188,0.6529936566400655,0.1447963986085533,0.1290425576777371,0.17947657061266875,-0.05043401293493166,0.4132601581603685,0.5555887887300617,-0.1423286305696932,0.127851251686249,0.17058585853542296,-0.04273460684917396,0.031297583776282806,0.07138991127226678,-0.04009232749598397
csqa,q3-8bi|l31-8bi|g3-12i|phi4mii,4,1,cons,blp,fitted,861,856,856,0.9941927990708479,g3-12i,initial_fit_accuracy,q3-8bi+l31-8bi+g3-12i+phi4mii--s70v0--3e0157bc,0.9968891979304009,0.7897793263646922,0.7897793263646922,0.0,0.051373236382706744,0.10231697819314656,-0.05094374181043981,0.908994367443747,0.8491098309625195,0.05988453648122749,0.7968324125230203,0.6529936566400655,0.1438387558829548,0.13159294731873178,0.17947657061266875,-0.04788362329393697,0.4187588974527469,0.5555887887300617,-0.13682989127731476,0.13160642398524044,0.17058585853542296,-0.03897943455018252,0.053019585814283704,0.07138991127226678,-0.018370325457983075
csqa,q3-8bi|l31-8bi|g3-12i|phi4mii,4,1,cons,logistic_pool,fitted,861,856,856,0.9941927990708479,g3-12i,initial_fit_accuracy,q3-8bi+l31-8bi+g3-12i+phi4mii--s70v0--3e0157bc,0.9968817270517142,0.7897793263646922,0.7897793263646922,0.0,0.03579071256165542,0.10231697819314656,-0.06652626563149114,0.9084559392620585,0.8491098309625195,0.05934610829953901,0.7964067935338653,0.6529936566400655,0.14341313689379986,0.13068934587312103,0.17947657061266875,-0.04878722473954772,0.41742556102257367,0.5555887887300617,-0.138163227707488,0.13070661478005732,0.17058585853542296,-0.03987924375536564,0.035986013414883125,0.07138991127226678,-0.035403897857383654
csqa,q3-8bi|l31-8bi|g3-12i|phi4mii,4,1,cons,blp_equal,fitted,861,856,856,0.9941927990708479,g3-12i,initial_fit_accuracy,q3-8bi+l31-8bi+g3-12i+phi4mii--s70v0--3e0157bc,0.9949528863433847,0.7897793263646922,0.7897793263646922,0.0,0.03989978390131896,0.10231697819314656,-0.0624171942918276,0.9076986884124212,0.8491098309625195,0.05858885744990172,0.7909965213832617,0.6529936566400655,0.13800286474319623,0.13538294797754144,0.17947657061266875,-0.04409362263512731,0.42620764427463365,0.5555887887300617,-0.12938114445542803,0.13541222850001297,0.17058585853542296,-0.03517363003540999,0.04341593241535235,0.07138991127226678,-0.027973978856914432
csqa,q3-8bi|l31-8bi|g3-12i|phi4mii,4,1,cons,kahn_diagonal,fitted,861,856,856,0.9941927990708479,g3-12i,initial_fit_accuracy,q3-8bi+l31-8bi+g3-12i+phi4mii--s70v0--3e0157bc,1.4663190074530577,0.7897793263646922,0.7897793263646922,0.0,0.07149465420905618,0.10231697819314656,-0.030822323984090377,0.9102625284830274,0.8491098309625195,0.06115269752050789,0.8003192142418661,0.6529936566400655,0.14732555760180066,0.1349300943271726,0.17947657061266875,-0.044546476285496156,0.43553542838021286,0.5555887887300617,-0.12005336034984881,0.12995433011121504,0.17058585853542296,-0.04063152842420792,0.05081015286856483,0.07138991127226678,-0.02057975840370195
csqa,q3-8bi|l31-8bi|g3-12i|phi4mii,4,1,cons,reference_stream_target,fixed,861,856,856,0.9941927990708479,g3-12i,initial_fit_accuracy,q3-8bi+l31-8bi+g3-12i+phi4mii--s70v0--3e0157bc,1.520012489242533,0.7897793263646922,0.7897793263646922,0.0,0.10231697819314656,0.10231697819314656,0.0,0.8491098309625195,0.8491098309625195,0.0,0.6529936566400655,0.6529936566400655,0.0,0.17947657061266875,0.17947657061266875,0.0,0.5555887887300617,0.5555887887300617,0.0,0.17058585853542296,0.17058585853542296,0.0,0.07138991127226678,0.07138991127226678,0.0
gpqa,g2-9i|g3-12i,2,1,cons,mean,fixed,102,94,94,0.9215686274509803,g2-9i,initial_fit_accuracy,g2-9i+g3-12i--s70v0--018e05bb,19.999999999999996,0.35294117647058826,0.35294117647058826,0.0,0.35518617021281923,0.38590425531914907,-0.03071808510632984,0.488550243235126,0.4475923988521008,0.040957844383025244,0.7031793343268753,0.6587183308494784,0.0444610034773969,0.33139276743501966,0.37549719267139486,-0.0441044252363752,0.9314979251257989,1.0871021378482324,-0.15560421272243352,0.25026806152615066,0.25113511536367966,-0.0008670538375289971,0.1625627859968335,0.16533711959365047,-0.0027743335968169747
gpqa,g2-9i|g3-12i,2,1,cons,logodds_sum,fixed,102,94,94,0.9215686274509803,g2-9i,initial_fit_accuracy,g2-9i+g3-12i--s70v0--018e05bb,19.999999999999936,0.35294117647058826,0.35294117647058826,0.0,0.45167643661165974,0.38590425531914907,0.06577218129251067,0.48788826126022383,0.4475923988521008,0.04029586240812305,0.7021857923497268,0.6587183308494784,0.04346746150024838,0.4094797985064001,0.37549719267139486,0.03398260583500523,1.4874878067819786,1.0871021378482324,0.40038566893374616,0.2518161581546332,0.25113511536367966,0.0006810427909535455,0.17749843100234403,0.16533711959365047,0.01216131140869356
gpqa,g2-9i|g3-12i,2,1,cons,logodds_mean,fixed,102,94,94,0.9215686274509803,g2-9i,initial_fit_accuracy,g2-9i+g3-12i--s70v0--018e05bb,19.999999999999996,0.35294117647058826,0.35294117647058826,0.0,0.37920990087163825,0.38590425531914907,-0.00669435444751082,0.48788826126022383,0.4475923988521008,0.04029586240812305,0.7021857923497268,0.6587183308494784,0.04346746150024838,0.3410544086032297,0.37549719267139486,-0.034442784068165144,0.9579924686699712,1.0871021378482324,-0.12910966917826117,0.25052923732299553,0.25113511536367966,-0.0006058780406841269,0.16325670537834902,0.16533711959365047,-0.002080414215301446
gpqa,g2-9i|g3-12i,2,1,cons,shared_rho,fitted,102,94,94,0.9215686274509803,g2-9i,initial_fit_accuracy,g2-9i+g3-12i--s70v0--018e05bb,19.999999999999996,0.35294117647058826,0.35294117647058826,0.0,0.419950425689915,0.38590425531914907,0.034046170370765905,0.48788826126022383,0.4475923988521008,0.04029586240812305,0.7021857923497268,0.6587183308494784,0.04346746150024838,0.3846215373908165,0.37549719267139486,0.00912434471942164,1.2222060865835447,1.0871021378482324,0.13510394873531228,0.2511122155870214,0.25113511536367966,-2.2899776658258375e-05,0.1707583935778732,0.16533711959365047,0.005421273984222735
gpqa,g2-9i|g3-12i,2,1,cons,shared_scale,lower_bound,102,94,94,0.9215686274509803,g2-9i,initial_fit_accuracy,g2-9i+g3-12i--s70v0--018e05bb,19.99999999986645,0.35294117647058826,0.35294117647058826,0.0,0.14950951894276607,0.38590425531914907,-0.236394736376383,0.48788826126022383,0.4475923988521008,0.04029586240812305,0.7021857923497268,0.6587183308494784,0.04346746150024838,0.2500065286368177,0.37549719267139486,-0.12549066403457715,0.6931602376973076,1.0871021378482324,-0.3939419001509248,0.25000029747688113,0.25113511536367966,-0.0011348178867985337,0.14896483769147767,0.16533711959365047,-0.016372281902172797
gpqa,g2-9i|g3-12i,2,1,cons,kahn,fitted,102,94,94,0.9215686274509803,g2-9i,initial_fit_accuracy,g2-9i+g3-12i--s70v0--018e05bb,0.9797215146351834,0.35294117647058826,0.35294117647058826,0.0,0.1241094234471915,0.38590425531914907,-0.26179483187195757,0.48610973918719075,0.4475923988521008,0.03851734033508997,0.6972180824639841,0.6587183308494784,0.038499751614505695,0.22039912113041732,0.37549719267139486,-0.15509807154097754,0.6324875141739207,1.0871021378482324,-0.4546146236743117,0.22006360536956407,0.25113511536367966,-0.031071509994115593,0.12322633956243571,0.16533711959365047,-0.04211078003121475
gpqa,g2-9i|g3-12i,2,1,cons,blp,fitted,102,94,94,0.9215686274509803,g2-9i,initial_fit_accuracy,g2-9i+g3-12i--s70v0--018e05bb,1.0080588179253822,0.35294117647058826,0.35294117647058826,0.0,0.06663013578244681,0.38590425531914907,-0.31927411953670226,0.4305280882200015,0.4475923988521008,-0.01706431063209929,0.6306507699950323,0.6587183308494784,-0.02806756085444606,0.22182473638409866,0.37549719267139486,-0.1536724562872962,0.6351602677132709,1.0871021378482324,-0.45194187013496145,0.22192282081980838,0.25113511536367966,-0.02921229454387128,0.06699282069559602,0.16533711959365047,-0.09834429889805445
gpqa,g2-9i|g3-12i,2,1,cons,logistic_pool,fitted,102,94,94,0.9215686274509803,g2-9i,initial_fit_accuracy,g2-9i+g3-12i--s70v0--018e05bb,0.9922839923867883,0.35294117647058826,0.35294117647058826,0.0,0.10712545168115957,0.38590425531914907,-0.2787788036379895,0.48234203924831975,0.4475923988521008,0.03474964039621897,0.6838052657724789,0.6587183308494784,0.025086934923000515,0.2205696122879116,0.37549719267139486,-0.15492758038348325,0.6327972183023794,1.0871021378482324,-0.45430491954585295,0.22044939269494326,0.25113511536367966,-0.030685722668736398,0.10682729526898223,0.16533711959365047,-0.05850982432466824
gpqa,g2-9i|g3-12i,2,1,cons,blp_equal,fitted,102,94,94,0.9215686274509803,g2-9i,initial_fit_accuracy,g2-9i+g3-12i--s70v0--018e05bb,1.0024432239057648,0.35294117647058826,0.35294117647058826,0.0,0.12338388340152123,0.38590425531914907,-0.26252037191762784,0.488550243235126,0.4475923988521008,0.040957844383025244,0.7031793343268753,0.6587183308494784,0.0444610034773969,0.22100806744368973,0.37549719267139486,-0.15448912522770514,0.6338075317587126,1.0871021378482324,-0.45329460608951977,0.2210467691432355,0.25113511536367966,-0.03008834622044415,0.12349048954614496,0.16533711959365047,-0.04184663004750551
gpqa,g2-9i|g3-12i,2,1,cons,kahn_diagonal,fitted,102,94,94,0.9215686274509803,g2-9i,initial_fit_accuracy,g2-9i+g3-12i--s70v0--018e05bb,1.0124510967298723,0.35294117647058826,0.35294117647058826,0.0,0.07901960690105317,0.38590425531914907,-0.30688464841809593,0.4865994392717912,0.4475923988521008,0.03900704041969044,0.6982116244411326,0.6587183308494784,0.03949329359165421,0.2186768597017965,0.37549719267139486,-0.15682033296959835,0.6288049072983324,1.0871021378482324,-0.4582972305499,0.21889525478829547,0.25113511536367966,-0.032239860575384194,0.079443121228246,0.16533711959365047,-0.08589399836540447
gpqa,g2-9i|g3-12i,2,1,cons,reference_stream_target,fixed,102,94,94,0.9215686274509803,g2-9i,initial_fit_accuracy,g2-9i+g3-12i--s70v0--018e05bb,19.999999999999996,0.35294117647058826,0.35294117647058826,0.0,0.38590425531914907,0.38590425531914907,0.0,0.4475923988521008,0.4475923988521008,0.0,0.6587183308494784,0.6587183308494784,0.0,0.37549719267139486,0.37549719267139486,0.0,1.0871021378482324,1.0871021378482324,0.0,0.25113511536367966,0.25113511536367966,0.0,0.16533711959365047,0.16533711959365047,0.0
gpqa,g2-9i|g3-12i|phi4mii,3,1,cons,mean,fixed,102,90,90,0.8823529411764706,g2-9i,initial_fit_accuracy,g2-9i+g3-12i+phi4mii--s70v0--5112dc3e,3.053224407369043,0.39215686274509803,0.39215686274509803,0.0,0.26416666666674443,0.33972222222222215,-0.07555555555547772,0.48685277277505296,0.4519247077935711,0.03492806498148188,0.6524675324675324,0.6,0.05246753246753244,0.29391812414269486,0.35557175925925927,-0.06165363511656441,0.8278963049997112,1.0392064174542042,-0.21131011245449294,0.25308684215893995,0.24990673900820137,0.003180103150738578,0.16708486381489043,0.13135213327149223,0.035732730543398206
gpqa,g2-9i|g3-12i|phi4mii,3,1,cons,logodds_sum,fixed,102,90,90,0.8823529411764706,g2-9i,initial_fit_accuracy,g2-9i+g3-12i+phi4mii--s70v0--5112dc3e,9.782223769343252,0.39215686274509803,0.39215686274509803,0.0,0.39844786105864455,0.33972222222222215,0.0587256388364224,0.48795330879527804,0.4519247077935711,0.03602860100170696,0.6532467532467533,0.6,0.05324675324675332,0.3797064475874975,0.35557175925925927,0.02413468832823823,1.7140571236371052,1.0392064174542042,0.674850706182901,0.25283635712295577,0.24990673900820137,0.0029296181147543954,0.1679168619450843,0.13135213327149223,0.03656472867359206
gpqa,g2-9i|g3-12i|phi4mii,3,1,cons,logodds_mean,fixed,102,90,90,0.8823529411764706,g2-9i,initial_fit_accuracy,g2-9i+g3-12i+phi4mii--s70v0--5112dc3e,3.2607409495875253,0.39215686274509803,0.39215686274509803,0.0,0.30873292660584445,0.33972222222222215,-0.0309892956163777,0.48795330879527804,0.4519247077935711,0.03602860100170696,0.6532467532467533,0.6,0.05324675324675332,0.3016626955784264,0.35557175925925927,-0.05390906368083287,0.8507878299767385,1.0392064174542042,-0.18841858747746565,0.2528363583110562,0.24990673900820137,0.0029296193028548467,0.1679168669613749,0.13135213327149223,0.03656473368988267
gpqa,g2-9i|g3-12i|phi4mii,3,1,cons,shared_rho,fitted,102,90,90,0.8823529411764706,g2-9i,initial_fit_accuracy,g2-9i+g3-12i+phi4mii--s70v0--5112dc3e,6.930368453667466,0.39215686274509803,0.39215686274509803,0.0,0.3858007761866668,0.33972222222222215,0.04607855396444466,0.48795330879527804,0.4519247077935711,0.03602860100170696,0.6532467532467533,0.6,0.05324675324675332,0.3597871004542133,0.35557175925925927,0.0042153411949540365,1.3022291663469756,1.0392064174542042,0.26302274889277144,0.25283635761146656,0.24990673900820137,0.0029296186032651828,0.16791686400763042,0.13135213327149223,0.036564730736138196
gpqa,g2-9i|g3-12i|phi4mii,3,1,cons,shared_scale,fitted,102,90,90,0.8823529411764706,g2-9i,initial_fit_accuracy,g2-9i+g3-12i+phi4mii--s70v0--5112dc3e,1.0000000139774836,0.39215686274509803,0.39215686274509803,0.0,0.16791686693812222,0.33972222222222215,-0.17180535528409993,0.48795330879527804,0.4519247077935711,0.03602860100170696,0.6532467532467533,0.6,0.05324675324675332,0.2528363583055171,0.35557175925925927,-0.10273540095374217,0.6994042065033508,1.0392064174542042,-0.3398022109508534,0.25283635812908084,0.24990673900820137,0.0029296191208794675,0.167916866193055,0.13135213327149223,0.03656473292156276
gpqa,g2-9i|g3-12i|phi4mii,3,1,cons,kahn,fitted,102,90,90,0.8823529411764706,g2-9i,initial_fit_accuracy,g2-9i+g3-12i+phi4mii--s70v0--5112dc3e,1.084242053333266,0.39215686274509803,0.39215686274509803,0.0,0.18205337870746668,0.33972222222222215,-0.15766884351475546,0.48383634138733106,0.4519247077935711,0.03191163359375998,0.6464935064935065,0.6,0.046493506493506476,0.23764442170206235,0.35557175925925927,-0.11792733755719692,0.6946070389054082,1.0392064174542042,-0.34459937854879596,0.23494353248350497,0.24990673900820137,-0.014963206524696404,0.1422543997797767,0.13135213327149223,0.010902266508284464
gpqa,g2-9i|g3-12i|phi4mii,3,1,cons,blp,fitted,102,90,90,0.8823529411764706,g2-9i,initial_fit_accuracy,g2-9i+g3-12i+phi4mii--s70v0--5112dc3e,1.0368218128168734,0.39215686274509803,0.39215686274509803,0.0,0.1188484091339222,0.33972222222222215,-0.22087381308829995,0.4756741088180485,0.4519247077935711,0.023749401024477423,0.6314285714285715,0.6,0.03142857142857147,0.23988296720723515,0.35557175925925927,-0.11568879205202412,0.7067629845102535,1.0392064174542042,-0.3324434329439506,0.23869579085696602,0.24990673900820137,-0.011210948151235356,0.12228010462860889,0.13135213327149223,-0.00907202864288334
gpqa,g2-9i|g3-12i|phi4mii,3,1,cons,logistic_pool,fitted,102,90,90,0.8823529411764706,g2-9i,initial_fit_accuracy,g2-9i+g3-12i+phi4mii--s70v0--5112dc3e,0.9079376809635075,0.39215686274509803,0.39215686274509803,0.0,0.10183554746457778,0.33972222222222215,-0.23788667475764436,0.48052053433544556,0.4519247077935711,0.02859582654187448,0.6376623376623377,0.6,0.03766233766233773,0.23287602022504686,0.35557175925925927,-0.12269573903421241,0.6738678721729571,1.0392064174542042,-0.3653385452812471,0.23565686197318603,0.24990673900820137,-0.014249877035015346,0.10849445789240533,0.13135213327149223,-0.022857675379086895
gpqa,g2-9i|g3-12i|phi4mii,3,1,cons,blp_equal,fitted,102,90,90,0.8823529411764706,g2-9i,initial_fit_accuracy,g2-9i+g3-12i+phi4mii--s70v0--5112dc3e,1.029831999811967,0.39215686274509803,0.39215686274509803,0.0,0.17793583729936663,0.33972222222222215,-0.16178638492285552,0.48685277277505296,0.4519247077935711,0.03492806498148188,0.6524675324675324,0.6,0.05246753246753244,0.23209961787224528,0.35557175925925927,-0.12347214138701398,0.6721739709824833,1.0392064174542042,-0.36703244647172084,0.23134868272930298,0.24990673900820137,-0.018558056278898394,0.17599772647309758,0.13135213327149223,0.044645593201605355
gpqa,g2-9i|g3-12i|phi4mii,3,1,cons,kahn_diagonal,fitted,102,90,90,0.8823529411764706,g2-9i,initial_fit_accuracy,g2-9i+g3-12i+phi4mii--s70v0--5112dc3e,1.2580598539525722,0.39215686274509803,0.39215686274509803,0.0,0.1877372668840111,0.33972222222222215,-0.15198495533821105,0.4851416225223418,0.4519247077935711,0.0332169147287707,0.6501298701298701,0.6,0.050129870129870135,0.24289845845992816,0.35557175925925927,-0.1126733007993311,0.719218168390506,1.0392064174542042,-0.31998824906369816,0.23440971844842665,0.24990673900820137,-0.015497020559774727,0.14878041677499923,0.13135213327149223,0.017428283503507003
gpqa,g2-9i|g3-12i|phi4mii,3,1,cons,reference_stream_target,fixed,102,90,90,0.8823529411764706,g2-9i,initial_fit_accuracy,g2-9i+g3-12i+phi4mii--s70v0--5112dc3e,11.635091381758984,0.39215686274509803,0.39215686274509803,0.0,0.33972222222222215,0.33972222222222215,0.0,0.4519247077935711,0.4519247077935711,0.0,0.6,0.6,0.0,0.35557175925925927,0.35557175925925927,0.0,1.0392064174542042,1.0392064174542042,0.0,0.24990673900820137,0.24990673900820137,0.0,0.13135213327149223,0.13135213327149223,0.0
gpqa,g2-9i|phi4mii,2,1,cons,mean,fixed,102,93,93,0.9117647058823529,g2-9i,initial_fit_accuracy,g2-9i+phi4mii--s70v0--752d2d73,11.215747770978002,0.4019607843137255,0.4019607843137255,0.0,0.2921594982079355,0.4004480286738351,-0.10828853046589959,0.49632898362602595,0.4654714751681053,0.03085750845792068,0.6554054054054054,0.5967664092664092,0.05863899613899615,0.3121932870370774,0.38813993428912785,-0.07594664725205047,0.8925272642606223,1.1221758352604088,-0.22964857099978642,0.24914681741084702,0.2516205443799673,-0.0024737269691202657,0.12227944687806798,0.11737153587761516,0.004907911000452819
gpqa,g2-9i|phi4mii,2,1,cons,logodds_sum,fixed,102,93,93,0.9117647058823529,g2-9i,initial_fit_accuracy,g2-9i+phi4mii--s70v0--752d2d73,19.99999999999926,0.4019607843137255,0.4019607843137255,0.0,0.3907673842168926,0.4004480286738351,-0.0096806444569425,0.49635225682300776,0.4654714751681053,0.03088078165490249,0.6551640926640927,0.5967664092664092,0.058397683397683475,0.37711662245145144,0.38813993428912785,-0.011023311837676408,1.4046048384392864,1.1221758352604088,0.28242900317887765,0.2491486709170363,0.2516205443799673,-0.0024718734629309846,0.12568914694717223,0.11737153587761516,0.008317611069557071
gpqa,g2-9i|phi4mii,2,1,cons,logodds_mean,fixed,102,93,93,0.9117647058823529,g2-9i,initial_fit_accuracy,g2-9i+phi4mii--s70v0--752d2d73,14.838925388731388,0.4019607843137255,0.4019607843137255,0.0,0.306633448773957,0.4004480286738351,-0.09381457989987813,0.49635225682300776,0.4654714751681053,0.03088078165490249,0.6551640926640927,0.5967664092664092,0.058397683397683475,0.3184818517977361,0.38813993428912785,-0.06965808249139177,0.9100049713578009,1.1221758352604088,-0.21217086390260786,0.24908867543140992,0.2516205443799673,-0.0025318689485573642,0.11804468781578287,0.11737153587761516,0.000673151938167707
gpqa,g2-9i|phi4mii,2,1,cons,shared_rho,fitted,102,93,93,0.9117647058823529,g2-9i,initial_fit_accuracy,g2-9i+phi4mii--s70v0--752d2d73,19.999999999998586,0.4019607843137255,0.4019607843137255,0.0,0.3589781403093334,0.4004480286738351,-0.04146988836450172,0.49635225682300776,0.4654714751681053,0.03088078165490249,0.6551640926640927,0.5967664092664092,0.058397683397683475,0.3549995088552466,0.38813993428912785,-0.03314042543388124,1.1493850919947284,1.1221758352604088,0.02720925673431962,0.2490732127908978,0.2516205443799673,-0.0025473315890694737,0.12001528564294094,0.11737153587761516,0.0026437497653257758
gpqa,g2-9i|phi4mii,2,1,cons,shared_scale,fitted,102,93,93,0.9117647058823529,g2-9i,initial_fit_accuracy,g2-9i+phi4mii--s70v0--752d2d73,1.0,0.4019607843137255,0.4019607843137255,0.0,0.11804469036281721,0.4004480286738351,-0.2824033383110179,0.49635225682300776,0.4654714751681053,0.03088078165490249,0.6551640926640927,0.5967664092664092,0.058397683397683475,0.2490886753975214,0.38813993428912785,-0.13905125889160647,0.691323282489923,1.1221758352604088,-0.43085255277048573,0.24908867539753243,0.2516205443799673,-0.0025318689824348484,0.11804469036280005,0.11737153587761516,0.0006731544851848875
gpqa,g2-9i|phi4mii,2,1,cons,kahn,fitted,102,93,93,0.9117647058823529,g2-9i,initial_fit_accuracy,g2-9i+phi4mii--s70v0--752d2d73,0.903826704172459,0.4019607843137255,0.4019607843137255,0.0,0.122578324355871,0.4004480286738351,-0.2778697043179641,0.4668485417691725,0.4654714751681053,0.0013770666010672339,0.6404440154440154,0.5967664092664092,0.04367760617760619,0.23552386733142255,0.38813993428912785,-0.1526160669577053,0.6628654285575908,1.1221758352604088,-0.459310406702818,0.239931492903227,0.2516205443799673,-0.011689051476740292,0.13848543580928305,0.11737153587761516,0.021113899931667887
gpqa,g2-9i|phi4mii,2,1,cons,blp,fitted,102,93,93,0.9117647058823529,g2-9i,initial_fit_accuracy,g2-9i+phi4mii--s70v0--752d2d73,1.0200769096159696,0.4019607843137255,0.4019607843137255,0.0,0.13371350946456995,0.4004480286738351,-0.26673451920926516,0.48318652054428135,0.4654714751681053,0.017715045376176075,0.6527509652509652,0.5967664092664092,0.055984555984555984,0.2379835428596212,0.38813993428912785,-0.15015639142950665,0.6776663381829506,1.1221758352604088,-0.4445094970774581,0.23712958492712174,0.2516205443799673,-0.014490959452845537,0.13088692679805292,0.11737153587761516,0.013515390920437756
gpqa,g2-9i|phi4mii,2,1,cons,logistic_pool,fitted,102,93,93,0.9117647058823529,g2-9i,initial_fit_accuracy,g2-9i+phi4mii--s70v0--752d2d73,0.8508089452061107,0.4019607843137255,0.4019607843137255,0.0,0.11360010939279569,0.4004480286738351,-0.2868479192810394,0.4660110290382976,0.4654714751681053,0.000539553870192333,0.638996138996139,0.5967664092664092,0.042229729729729826,0.2361130159300243,0.38813993428912785,-0.15202691835910356,0.6631094044196199,1.1221758352604088,-0.4590664308407889,0.2432693832644375,0.2516205443799673,-0.008351161115529776,0.13735410929925826,0.11737153587761516,0.0199825734216431
gpqa,g2-9i|phi4mii,2,1,cons,blp_equal,fitted,102,93,93,0.9117647058823529,g2-9i,initial_fit_accuracy,g2-9i+phi4mii--s70v0--752d2d73,0.9981556379498512,0.4019607843137255,0.4019607843137255,0.0,0.0716101682239355,0.4004480286738351,-0.3288378604498996,0.49632898362602595,0.4654714751681053,0.03085750845792068,0.6554054054054054,0.5967664092664092,0.05863899613899615,0.22932338000991945,0.38813993428912785,-0.1588165542792084,0.6631877195126464,1.1221758352604088,-0.4589881157477623,0.22935506870329128,0.2516205443799673,-0.022265475676676,0.07184185350806921,0.11737153587761516,-0.04552968236954595
gpqa,g2-9i|phi4mii,2,1,cons,kahn_diagonal,fitted,102,93,93,0.9117647058823529,g2-9i,initial_fit_accuracy,g2-9i+phi4mii--s70v0--752d2d73,1.0231310106887457,0.4019607843137255,0.4019607843137255,0.0,0.12991002953051614,0.4004480286738351,-0.270537999143319,0.49729915878773345,0.4654714751681053,0.03182768361962818,0.665057915057915,0.5967664092664092,0.06829150579150578,0.2363490732507952,0.38813993428912785,-0.15179086103833264,0.669350764138071,1.1221758352604088,-0.4528250711223377,0.23540620819442526,0.2516205443799673,-0.016214336185542022,0.12638424069925147,0.11737153587761516,0.009012704821636311
gpqa,g2-9i|phi4mii,2,1,cons,reference_stream_target,fixed,102,93,93,0.9117647058823529,g2-9i,initial_fit_accuracy,g2-9i+phi4mii--s70v0--752d2d73,19.99999999999997,0.4019607843137255,0.4019607843137255,0.0,0.4004480286738351,0.4004480286738351,0.0,0.4654714751681053,0.4654714751681053,0.0,0.5967664092664092,0.5967664092664092,0.0,0.38813993428912785,0.38813993428912785,0.0,1.1221758352604088,1.1221758352604088,0.0,0.2516205443799673,0.2516205443799673,0.0,0.11737153587761516,0.11737153587761516,0.0
gpqa,q3-4bi|l31-8bi|g3-12i,3,1,cons,mean,fixed,102,91,91,0.8921568627450981,q3-4bi,initial_fit_accuracy,q3-4bi+l31-8bi+g3-12i--s70v0--e35cf573,3.3956605367168833,0.5196078431372549,0.5196078431372549,0.0,0.26703296703307694,0.32326007326007344,-0.056227106226996504,0.566171789826148,0.5243689530807712,0.04180283674537677,0.6036231884057971,0.5584541062801932,0.04516908212560389,0.30182132682136864,0.34577228327228327,-0.043950956450914624,0.8690192413686267,1.0458070962152912,-0.17678785484666448,0.2509082077946046,0.2523426219164144,-0.0014344141218097795,0.11421195467540192,0.13227793555073292,-0.018065980875330998
gpqa,q3-4bi|l31-8bi|g3-12i,3,1,cons,logodds_sum,fixed,102,91,91,0.8921568627450981,q3-4bi,initial_fit_accuracy,q3-4bi+l31-8bi+g3-12i--s70v0--e35cf573,10.752681603508826,0.5196078431372549,0.5196078431372549,0.0,0.3144584370527144,0.32326007326007344,-0.00880163620735902,0.5646722372061681,0.5243689530807712,0.040303284125396854,0.5997584541062801,0.5584541062801932,0.04130434782608694,0.36851040953154124,0.34577228327228327,0.022738126259257974,1.9108109677487102,1.0458070962152912,0.865003871533419,0.2509137478427184,0.2523426219164144,-0.0014288740736959626,0.08572439880658236,0.13227793555073292,-0.04655353674415055
gpqa,q3-4bi|l31-8bi|g3-12i,3,1,cons,logodds_mean,fixed,102,91,91,0.8921568627450981,q3-4bi,initial_fit_accuracy,q3-4bi+l31-8bi+g3-12i--s70v0--e35cf573,3.5842271725352206,0.5196078431372549,0.5196078431372549,0.0,0.2635311828885714,0.32326007326007344,-0.05972889037150203,0.5646722372061681,0.5243689530807712,0.040303284125396854,0.5997584541062801,0.5584541062801932,0.04130434782608694,0.30786075678612695,0.34577228327228327,-0.03791152648615631,0.8890219264306249,1.0458070962152912,-0.15678516978466628,0.2509137479390925,0.2523426219164144,-0.0014288739773218873,0.08572439941039117,0.13227793555073292,-0.046553536140341745
gpqa,q3-4bi|l31-8bi|g3-12i,3,1,cons,shared_rho,fitted,102,91,91,0.8921568627450981,q3-4bi,initial_fit_accuracy,q3-4bi+l31-8bi+g3-12i--s70v0--e35cf573,7.173207734465899,0.5196078431372549,0.5196078431372549,0.0,0.32150321666525283,0.32326007326007344,-0.0017568565948206105,0.5646722372061681,0.5243689530807712,0.040303284125396854,0.5997584541062801,0.5584541062801932,0.04130434782608694,0.35373425757282245,0.34577228327228327,0.007961974300539187,1.3672857205208317,1.0458070962152912,0.32147862430554053,0.25091374828069507,0.2523426219164144,-0.0014288736357193077,0.0857244015506218,0.13227793555073292,-0.04655353400011111
gpqa,q3-4bi|l31-8bi|g3-12i,3,1,cons,shared_scale,fitted,102,91,91,0.8921568627450981,q3-4bi,initial_fit_accuracy,q3-4bi+l31-8bi+g3-12i--s70v0--e35cf573,1.0000000112867247,0.5196078431372549,0.5196078431372549,0.0,0.08572440007485717,0.32326007326007344,-0.2375356731852163,0.5646722372061681,0.5243689530807712,0.040303284125396854,0.5997584541062801,0.5584541062801932,0.04130434782608694,0.25091374804516614,0.34577228327228327,-0.09485853522711712,0.6954519439875826,1.0458070962152912,-0.35035515222770863,0.25091374790899834,0.2523426219164144,-0.0014288740074160367,0.08572439922184333,0.13227793555073292,-0.04655353632888959
gpqa,q3-4bi|l31-8bi|g3-12i,3,1,cons,kahn,fitted,102,91,91,0.8921568627450981,q3-4bi,initial_fit_accuracy,q3-4bi+l31-8bi+g3-12i--s70v0--e35cf573,0.8755049227135195,0.5196078431372549,0.5196078431372549,0.0,0.12234388523374726,0.32326007326007344,-0.2009161880263262,0.5529106830183942,0.5243689530807712,0.02854172993762294,0.5910628019323672,0.5584541062801932,0.03260869565217395,0.25251011856117384,0.34577228327228327,-0.09326216471110943,0.7004630329242572,1.0458070962152912,-0.34534406329103406,0.25671146556811913,0.2523426219164144,0.004368843651704757,0.15966878538948442,0.13227793555073292,0.027390849838751508
gpqa,q3-4bi|l31-8bi|g3-12i,3,1,cons,blp,fitted,102,91,91,0.8921568627450981,q3-4bi,initial_fit_accuracy,q3-4bi+l31-8bi+g3-12i--s70v0--e35cf573,1.0002287360580395,0.5196078431372549,0.5196078431372549,0.0,0.11323100243367043,0.32326007326007344,-0.210029070826403,0.5622187757211364,0.5243689530807712,0.03784982264036518,0.6053140096618358,0.5584541062801932,0.04685990338164259,0.24716206781994304,0.34577228327228327,-0.09861021545234022,0.6883319263342469,1.0458070962152912,-0.35747516988104433,0.24715767174203923,0.2523426219164144,-0.005184950174375147,0.1132110822294976,0.13227793555073292,-0.01906685332123531
gpqa,q3-4bi|l31-8bi|g3-12i,3,1,cons,logistic_pool,fitted,102,91,91,0.8921568627450981,q3-4bi,initial_fit_accuracy,q3-4bi+l31-8bi+g3-12i--s70v0--e35cf573,0.8829264954303876,0.5196078431372549,0.5196078431372549,0.0,0.1446954485230879,0.32326007326007344,-0.17856462473698553,0.5572453820283175,0.5243689530807712,0.03287642894754628,0.6060386473429952,0.5584541062801932,0.047584541062801966,0.2550088155739115,0.34577228327228327,-0.09076346769837179,0.7079391032651552,1.0458070962152912,-0.33786799295013603,0.2590386740046957,0.2523426219164144,0.006696052088281335,0.14937658525659825,0.13227793555073292,0.017098649705865332
gpqa,q3-4bi|l31-8bi|g3-12i,3,1,cons,blp_equal,fitted,102,91,91,0.8921568627450981,q3-4bi,initial_fit_accuracy,q3-4bi+l31-8bi+g3-12i--s70v0--e35cf573,0.9998878375955719,0.5196078431372549,0.5196078431372549,0.0,0.11346950669225271,0.32326007326007344,-0.20979056656782075,0.566171789826148,0.5243689530807712,0.04180283674537677,0.6036231884057971,0.5584541062801932,0.04516908212560389,0.25084120538982607,0.34577228327228327,-0.0949310778824572,0.6953187058641905,1.0458070962152912,-0.3504883903511007,0.25084256253793635,0.2523426219164144,-0.0015000593784780247,0.11347492624903509,0.13227793555073292,-0.01880300930169783
gpqa,q3-4bi|l31-8bi|g3-12i,3,1,cons,kahn_diagonal,fitted,102,91,91,0.8921568627450981,q3-4bi,initial_fit_accuracy,q3-4bi+l31-8bi+g3-12i--s70v0--e35cf573,0.8503383828774689,0.5196078431372549,0.5196078431372549,0.0,0.12918115439439562,0.32326007326007344,-0.19407891886567782,0.5550220727828128,0.5243689530807712,0.030653119702041542,0.5954106280193237,0.5584541062801932,0.036956521739130443,0.24897288543482515,0.34577228327228327,-0.09679939783745811,0.6915664962431689,1.0458070962152912,-0.3542405999721223,0.2533259641686938,0.2523426219164144,0.0009833422522794177,0.1318134333616829,0.13227793555073292,-0.0004645021890500034
gpqa,q3-4bi|l31-8bi|g3-12i,3,1,cons,reference_stream_target,fixed,102,91,91,0.8921568627450981,q3-4bi,initial_fit_accuracy,q3-4bi+l31-8bi+g3-12i--s70v0--e35cf573,4.073951344403957,0.5196078431372549,0.5196078431372549,0.0,0.32326007326007344,0.32326007326007344,0.0,0.5243689530807712,0.5243689530807712,0.0,0.5584541062801932,0.5584541062801932,0.0,0.34577228327228327,0.34577228327228327,0.0,1.0458070962152912,1.0458070962152912,0.0,0.2523426219164144,0.2523426219164144,0.0,0.13227793555073292,0.13227793555073292,0.0
gpqa,q3-4bi|q3-8bi,2,1,cons,mean,fixed,102,102,102,1.0,q3-4bi,initial_fit_accuracy,q3-4bi+q3-8bi--s70v0--00eaf4ac,2.717360884785726,0.5,0.5,0.0,0.3560049019609899,0.34844771241830097,0.0075571895426889135,0.5941728913392322,0.560111349669539,0.03406154166969322,0.6630142252979623,0.6080353710111496,0.054978854286812706,0.353251804194005,0.3539794389978214,-0.0007276348038164349,1.0338269417907338,1.0622145002101049,-0.02838755841937113,0.2625821716482714,0.2624785098362599,0.00010366181201149072,0.172314475118484,0.16965347523127305,0.002660999887210941
gpqa,q3-4bi|q3-8bi,2,1,cons,logodds_sum,fixed,102,102,102,1.0,q3-4bi,initial_fit_accuracy,q3-4bi+q3-8bi--s70v0--00eaf4ac,5.6652610330381385,0.5,0.5,0.0,0.448001137922912,0.34844771241830097,0.09955342550461105,0.5942261798595408,0.560111349669539,0.03411483019000183,0.6632064590542099,0.6080353710111496,0.05517108804306037,0.43568093719858303,0.3539794389978214,0.08170149820076161,1.870138849242479,1.0622145002101049,0.8079243490323742,0.2638245982685939,0.2624785098362599,0.0013460884323339695,0.17005336787582997,0.16965347523127305,0.00039989264455692064
gpqa,q3-4bi|q3-8bi,2,1,cons,logodds_mean,fixed,102,102,102,1.0,q3-4bi,initial_fit_accuracy,q3-4bi+q3-8bi--s70v0--00eaf4ac,2.832630489376248,0.5,0.5,0.0,0.36456390619643103,0.34844771241830097,0.01611619377813006,0.5942261798595408,0.560111349669539,0.03411483019000183,0.6632064590542099,0.6080353710111496,0.05517108804306037,0.3619432937086517,0.3539794389978214,0.007963854710830276,1.0585873206571776,1.0622145002101049,-0.00362717955292724,0.2638245986722477,0.2624785098362599,0.001346088835987802,0.1700533693424639,0.16965347523127305,0.00039989411119084606
gpqa,q3-4bi|q3-8bi,2,1,cons,shared_rho,fitted,102,102,102,1.0,q3-4bi,initial_fit_accuracy,q3-4bi+q3-8bi--s70v0--00eaf4ac,4.308176120149896,0.5,0.5,0.0,0.42525084922297085,0.34844771241830097,0.07680313680466988,0.5942261798595408,0.560111349669539,0.03411483019000183,0.6632064590542099,0.6080353710111496,0.05517108804306037,0.4126995782745252,0.3539794389978214,0.058720139276703776,1.4619201001304134,1.0622145002101049,0.3997055999203085,0.26382459920020745,0.2624785098362599,0.0013460893639475335,0.17005337126074957,0.16965347523127305,0.00039989602947651526
gpqa,q3-4bi|q3-8bi,2,1,cons,shared_scale,fitted,102,102,102,1.0,q3-4bi,initial_fit_accuracy,q3-4bi+q3-8bi--s70v0--00eaf4ac,1.0000000212833948,0.5,0.5,0.0,0.17005337180919602,0.34844771241830097,-0.17839434060910495,0.5942261798595408,0.560111349669539,0.03411483019000183,0.6632064590542099,0.6080353710111496,0.05517108804306037,0.2638245993511516,0.3539794389978214,-0.09015483964666982,0.7230485861009491,1.0622145002101049,-0.33916591410915575,0.2638245984545952,0.2624785098362599,0.001346088618335295,0.17005336855164607,0.16965347523127305,0.00039989332037301817
gpqa,q3-4bi|q3-8bi,2,1,cons,kahn,fitted,102,102,102,1.0,q3-4bi,initial_fit_accuracy,q3-4bi+q3-8bi--s70v0--00eaf4ac,1.100557745503477,0.5,0.5,0.0,0.16709043509279425,0.34844771241830097,-0.18135727732550672,0.5930588688281873,0.560111349669539,0.03294751915864824,0.6591695501730104,0.6080353710111496,0.051134179161860804,0.2587300625041366,0.3539794389978214,-0.09524937649368481,0.7140129068646531,1.0622145002101049,-0.34820159334545175,0.255057111404712,0.2624785098362599,-0.007421398431547932,0.1527594203905072,0.16965347523127305,-0.016894054840765865
gpqa,q3-4bi|q3-8bi,2,1,cons,blp,fitted,102,102,102,1.0,q3-4bi,initial_fit_accuracy,q3-4bi+q3-8bi--s70v0--00eaf4ac,0.9961490819671547,0.5,0.5,0.0,0.15753956284313714,0.34844771241830097,-0.19090814957516383,0.5928385003325264,0.560111349669539,0.03272715066298737,0.65840061514802,0.6080353710111496,0.05036524413687038,0.25737678059946767,0.3539794389978214,-0.09660265839835375,0.7103934505555077,1.0622145002101049,-0.35182104965459715,0.2575227921764917,0.2624785098362599,-0.004955717659768211,0.15811359721688137,0.16965347523127305,-0.011539878014391686
gpqa,q3-4bi|q3-8bi,2,1,cons,logistic_pool,fitted,102,102,102,1.0,q3-4bi,initial_fit_accuracy,q3-4bi+q3-8bi--s70v0--00eaf4ac,0.9542750067015758,0.5,0.5,0.0,0.15350518267178434,0.34844771241830097,-0.19494252974651663,0.5928385003325264,0.560111349669539,0.03272715066298737,0.65840061514802,0.6080353710111496,0.05036524413687038,0.25757041083286997,0.3539794389978214,-0.09640902816495145,0.7104546978748348,1.0622145002101049,-0.35175980233527004,0.25933485272935003,0.2624785098362599,-0.0031436571069098918,0.16047556138807573,0.16965347523127305,-0.009177913843197327
gpqa,q3-4bi|q3-8bi,2,1,cons,blp_equal,fitted,102,102,102,1.0,q3-4bi,initial_fit_accuracy,q3-4bi+q3-8bi--s70v0--00eaf4ac,0.9914941623001302,0.5,0.5,0.0,0.15883873423632353,0.34844771241830097,-0.18960897818197744,0.5941728913392322,0.560111349669539,0.03406154166969322,0.6630142252979623,0.6080353710111496,0.054978854286812706,0.25525021593411656,0.3539794389978214,-0.09872922306370485,0.7054856580626893,1.0622145002101049,-0.3567288421474156,0.25553720658497864,0.2624785098362599,-0.006941303251281283,0.16005502572760352,0.16965347523127305,-0.009598449503669532
gpqa,q3-4bi|q3-8bi,2,1,cons,kahn_diagonal,fitted,102,102,102,1.0,q3-4bi,initial_fit_accuracy,q3-4bi+q3-8bi--s70v0--00eaf4ac,1.1961391314673877,0.5,0.5,0.0,0.173094897998451,0.34844771241830097,-0.17535281441984996,0.5937043108826431,0.560111349669539,0.03359296121310407,0.6610918877354863,0.6080353710111496,0.053056516724336755,0.25784056154051793,0.3539794389978214,-0.09613887745730348,0.7127971303310219,1.0622145002101049,-0.349417369879083,0.2513172720526944,0.2624785098362599,-0.011161237783565536,0.1464716902809513,0.16965347523127305,-0.02318178495032175
gpqa,q3-4bi|q3-8bi,2,1,cons,reference_stream_target,fixed,102,102,102,1.0,q3-4bi,initial_fit_accuracy,q3-4bi+q3-8bi--s70v0--00eaf4ac,2.7706690838944708,0.5,0.5,0.0,0.34844771241830097,0.34844771241830097,0.0,0.560111349669539,0.560111349669539,0.0,0.6080353710111496,0.6080353710111496,0.0,0.3539794389978214,0.3539794389978214,0.0,1.0622145002101049,1.0622145002101049,0.0,0.2624785098362599,0.2624785098362599,0.0,0.16965347523127305,0.16965347523127305,0.0
gpqa,q3-4bi|q3-8bi|l31-8bi,3,1,cons,mean,fixed,102,97,97,0.9509803921568627,q3-4bi,initial_fit_accuracy,q3-4bi+q3-8bi+l31-8bi--s70v0--c4bcf1ad,3.0681075535829048,0.5098039215686274,0.5098039215686274,0.0,0.27800687285231956,0.3445017182130585,-0.06649484536073896,0.5928586344043394,0.5823724732466941,0.010486161157645335,0.6388180272108843,0.6522108843537415,-0.013392857142857206,0.3125879788723538,0.33283218785796104,-0.020244208985607248,0.895904851003347,1.0000596289497055,-0.10415477794635841,0.25080964138976464,0.250369925546972,0.00043971584279262066,0.11796860165978158,0.15050113898826054,-0.03253253732847895
gpqa,q3-4bi|q3-8bi|l31-8bi,3,1,cons,logodds_sum,fixed,102,97,97,0.9509803921568627,q3-4bi,initial_fit_accuracy,q3-4bi+q3-8bi+l31-8bi--s70v0--c4bcf1ad,10.253270840765836,0.5098039215686274,0.5098039215686274,0.0,0.4181471380774538,0.3445017182130585,0.07364541986439527,0.5937061475779887,0.5823724732466941,0.011333674331294619,0.6407312925170068,0.6522108843537415,-0.011479591836734748,0.4114494619474851,0.33283218785796104,0.07861727408952407,2.1881856093116023,1.0000596289497055,1.1881259803618969,0.2504433021320512,0.250369925546972,7.337658507916567e-05,0.11427470758753998,0.15050113898826054,-0.03622643140072056
gpqa,q3-4bi|q3-8bi|l31-8bi,3,1,cons,logodds_mean,fixed,102,97,97,0.9509803921568627,q3-4bi,initial_fit_accuracy,q3-4bi+q3-8bi+l31-8bi--s70v0--c4bcf1ad,3.417756727099479,0.5098039215686274,0.5098039215686274,0.0,0.30452107277958756,0.3445017182130585,-0.03998064543347096,0.5937061475779887,0.5823724732466941,0.011333674331294619,0.6407312925170068,0.6522108843537415,-0.011479591836734748,0.32300047287580086,0.33283218785796104,-0.009831714982160178,0.9267429897301347,1.0000596289497055,-0.07331663921957077,0.2504433031536547,0.250369925546972,7.337760668268967e-05,0.11427471418890578,0.15050113898826054,-0.036226424799354756
gpqa,q3-4bi|q3-8bi|l31-8bi,3,1,cons,shared_rho,fitted,102,97,97,0.9509803921568627,q3-4bi,initial_fit_accuracy,q3-4bi+q3-8bi+l31-8bi--s70v0--c4bcf1ad,7.060793950889442,0.5098039215686274,0.5098039215686274,0.0,0.3968998653237734,0.3445017182130585,0.05239814711071489,0.5937061475779887,0.5823724732466941,0.011333674331294619,0.6407312925170068,0.6522108843537415,-0.011479591836734748,0.3920082820296805,0.33283218785796104,0.059176094171719484,1.5592099769269687,1.0000596289497055,0.5591503479772633,0.25044330211181326,0.250369925546972,7.337656484124322e-05,0.11427470745676666,0.15050113898826054,-0.03622643153149388
gpqa,q3-4bi|q3-8bi|l31-8bi,3,1,cons,shared_scale,fitted,102,97,97,0.9509803921568627,q3-4bi,initial_fit_accuracy,q3-4bi+q3-8bi+l31-8bi--s70v0--c4bcf1ad,1.0000000212788613,0.5098039215686274,0.5098039215686274,0.0,0.11427471026218552,0.3445017182130585,-0.230227007950873,0.5937061475779887,0.5823724732466941,0.011333674331294619,0.6407312925170068,0.6522108843537415,-0.011479591836734748,0.25044330254595676,0.33283218785796104,-0.08238888531200428,0.6943820082338719,1.0000596289497055,-0.3056776207158336,0.25044330220795535,0.250369925546972,7.33766609833375e-05,0.1142747080780146,0.15050113898826054,-0.03622643091024594
gpqa,q3-4bi|q3-8bi|l31-8bi,3,1,cons,kahn,fitted,102,97,97,0.9509803921568627,q3-4bi,initial_fit_accuracy,q3-4bi+q3-8bi+l31-8bi--s70v0--c4bcf1ad,0.8286397720624922,0.5098039215686274,0.5098039215686274,0.0,0.15219726014889695,0.3445017182130585,-0.19230445806416158,0.6094691788777915,0.5823724732466941,0.02709670563109745,0.6821853741496599,0.6522108843537415,0.029974489795918324,0.22834750923705524,0.33283218785796104,-0.1044846786209058,0.6658439608103606,1.0000596289497055,-0.3342156681393449,0.23503323548190289,0.250369925546972,-0.01533669006506913,0.17595722656324994,0.15050113898826054,0.025456087574989406
gpqa,q3-4bi|q3-8bi|l31-8bi,3,1,cons,blp,fitted,102,97,97,0.9509803921568627,q3-4bi,initial_fit_accuracy,q3-4bi+q3-8bi+l31-8bi--s70v0--c4bcf1ad,1.00091309847149,0.5098039215686274,0.5098039215686274,0.0,0.17587938134280404,0.3445017182130585,-0.1686223368702545,0.5994473194968744,0.5823724732466941,0.017074846250180298,0.6721938775510204,0.6522108843537415,0.01998299319727892,0.2596228490473607,0.33283218785796104,-0.07320933881060032,1.4885065760282916,1.0000596289497055,0.48844694707858616,0.2595954743489985,0.250369925546972,0.009225548802026473,0.17575785365917393,0.15050113898826054,0.025256714670913394
gpqa,q3-4bi|q3-8bi|l31-8bi,3,1,cons,logistic_pool,fitted,102,97,97,0.9509803921568627,q3-4bi,initial_fit_accuracy,q3-4bi+q3-8bi+l31-8bi--s70v0--c4bcf1ad,0.6406943261516035,0.5098039215686274,0.5098039215686274,0.0,0.10135551411225777,0.3445017182130585,-0.24314620410080076,0.6128480947797024,0.5823724732466941,0.030475621533008312,0.6817602040816326,0.6522108843537415,0.0295493197278911,0.22409628898242615,0.33283218785796104,-0.10873589887553489,0.680192527166928,1.0000596289497055,-0.31986710178277744,0.23972442511296543,0.250369925546972,-0.010645500434006583,0.16662708211121302,0.15050113898826054,0.016125943122952485
gpqa,q3-4bi|q3-8bi|l31-8bi,3,1,cons,blp_equal,fitted,102,97,97,0.9509803921568627,q3-4bi,initial_fit_accuracy,q3-4bi+q3-8bi+l31-8bi--s70v0--c4bcf1ad,1.0113697629082838,0.5098039215686274,0.5098039215686274,0.0,0.15390858969692792,0.3445017182130585,-0.1905931285161306,0.5928586344043394,0.5823724732466941,0.010486161157645335,0.6388180272108843,0.6522108843537415,-0.013392857142857206,0.25224721258506094,0.33283218785796104,-0.0805849752729001,0.7078033792682067,1.0000596289497055,-0.29225624968149877,0.25173277723577564,0.250369925546972,0.0013628516888036235,0.14327411783086796,0.15050113898826054,-0.007227021157392571
gpqa,q3-4bi|q3-8bi|l31-8bi,3,1,cons,kahn_diagonal,fitted,102,97,97,0.9509803921568627,q3-4bi,initial_fit_accuracy,q3-4bi+q3-8bi+l31-8bi--s70v0--c4bcf1ad,0.9699048599127444,0.5098039215686274,0.5098039215686274,0.0,0.16782288973189693,0.3445017182130585,-0.1766788284811616,0.6083410089167797,0.5823724732466941,0.025968535670085613,0.6792091836734694,0.6522108843537415,0.02699829931972786,0.2368479516995862,0.33283218785796104,-0.09598423615837484,0.6938882915870147,1.0000596289497055,-0.30617133736269075,0.23814587872210244,0.250369925546972,-0.012224046824869578,0.17164694695302105,0.15050113898826054,0.02114580796476051
gpqa,q3-4bi|q3-8bi|l31-8bi,3,1,cons,reference_stream_target,fixed,102,97,97,0.9509803921568627,q3-4bi,initial_fit_accuracy,q3-4bi+q3-8bi+l31-8bi--s70v0--c4bcf1ad,3.181836644564417,0.5098039215686274,0.5098039215686274,0.0,0.3445017182130585,0.3445017182130585,0.0,0.5823724732466941,0.5823724732466941,0.0,0.6522108843537415,0.6522108843537415,0.0,0.33283218785796104,0.33283218785796104,0.0,1.0000596289497055,1.0000596289497055,0.0,0.250369925546972,0.250369925546972,0.0,0.15050113898826054,0.15050113898826054,0.0
gpqa,q3-4bi|q3-8bi|l31-8bi|g2-9i,4,1,cons,mean,fixed,102,88,88,0.8627450980392157,q3-4bi,initial_fit_accuracy,q3-4bi+q3-8bi+l31-8bi+g2-9i--s70v0--fd6a97f9,2.8762257191206584,0.5294117647058824,0.5294117647058824,0.0,0.21903409090913636,0.3445075757575759,-0.12547348484843954,0.6266533576846153,0.574282540800047,0.05237081688456824,0.6348343685300207,0.5877329192546584,0.047101449275362306,0.27736466224751316,0.35420138888888886,-0.0768367266413757,0.7824724015227555,1.0599524397650877,-0.27748003824233214,0.24156355072140345,0.25015538141014754,-0.008591830688744084,0.08617061701037694,0.08958421608482552,-0.0034135990744485756
gpqa,q3-4bi|q3-8bi|l31-8bi|g2-9i,4,1,cons,logodds_sum,fixed,102,88,88,0.8627450980392157,q3-4bi,initial_fit_accuracy,q3-4bi+q3-8bi+l31-8bi+g2-9i--s70v0--fd6a97f9,12.688035867942562,0.5294117647058824,0.5294117647058824,0.0,0.41420521456356824,0.3445075757575759,0.06969763880599233,0.6265258745318867,0.574282540800047,0.05224333373183965,0.634575569358178,0.5877329192546584,0.04684265010351962,0.3933350002111133,0.35420138888888886,0.039133611322224426,2.2294470992644553,1.0599524397650877,1.1694946594993676,0.24317425639252058,0.25015538141014754,-0.00698112501762696,0.08613620042471282,0.08958421608482552,-0.0034480156601126993
gpqa,q3-4bi|q3-8bi|l31-8bi|g2-9i,4,1,cons,logodds_mean,fixed,102,88,88,0.8627450980392157,q3-4bi,initial_fit_accuracy,q3-4bi+q3-8bi+l31-8bi+g2-9i--s70v0--fd6a97f9,3.1720086910568916,0.5294117647058824,0.5294117647058824,0.0,0.24189363719523868,0.3445075757575759,-0.10261393856233722,0.6265258745318867,0.574282540800047,0.05224333373183965,0.634575569358178,0.5877329192546584,0.04684265010351962,0.2902954579165828,0.35420138888888886,-0.06390593097230607,0.8192906268184239,1.0599524397650877,-0.24066181294666378,0.24317425703728715,0.25015538141014754,-0.006981124372860387,0.08613620840815882,0.08958421608482552,-0.003448007676666698
gpqa,q3-4bi|q3-8bi|l31-8bi|g2-9i,4,1,cons,shared_rho,fitted,102,88,88,0.8627450980392157,q3-4bi,initial_fit_accuracy,q3-4bi+q3-8bi+l31-8bi+g2-9i--s70v0--fd6a97f9,7.59032311112774,0.5294117647058824,0.5294117647058824,0.0,0.37781780154980676,0.3445075757575759,0.03331022579223086,0.6265258745318867,0.574282540800047,0.05224333373183965,0.634575569358178,0.5877329192546584,0.04684265010351962,0.3638115124842986,0.35420138888888886,0.009610123595409747,1.4188921350685406,1.0599524397650877,0.35893969530345293,0.2431742565513493,0.25015538141014754,-0.006981124858798232,0.08613620239131999,0.08958421608482552,-0.0034480136935055306
gpqa,q3-4bi|q3-8bi|l31-8bi|g2-9i,4,1,cons,shared_scale,fitted,102,88,88,0.8627450980392157,q3-4bi,initial_fit_accuracy,q3-4bi+q3-8bi+l31-8bi+g2-9i--s70v0--fd6a97f9,1.000000027395122,0.5294117647058824,0.5294117647058824,0.0,0.08613620273976136,0.3445075757575759,-0.25837137301781454,0.6265258745318867,0.574282540800047,0.05224333373183965,0.634575569358178,0.5877329192546584,0.04684265010351962,0.24317425657953826,0.35420138888888886,-0.1110271323093506,0.6790855729630931,1.0599524397650877,-0.38086686680199455,0.24317425637643605,0.25015538141014754,-0.006981125033711483,0.08613620022555947,0.08958421608482552,-0.003448015859266046
gpqa,q3-4bi|q3-8bi|l31-8bi|g2-9i,4,1,cons,kahn,fitted,102,88,88,0.8627450980392157,q3-4bi,initial_fit_accuracy,q3-4bi+q3-8bi+l31-8bi+g2-9i--s70v0--fd6a97f9,0.984948245941188,0.5294117647058824,0.5294117647058824,0.0,0.11776172289363634,0.3445075757575759,-0.22674585286393956,0.6278659501184998,0.574282540800047,0.053583409318452735,0.639751552795031,0.5877329192546584,0.052018633540372616,0.25673266577597215,0.35420138888888886,-0.09746872311291671,0.7837754567644759,1.0599524397650877,-0.2761769830006118,0.25716892631328125,0.25015538141014754,0.007013544903133717,0.11962155748049487,0.08958421608482552,0.030037341395669354
gpqa,q3-4bi|q3-8bi|l31-8bi|g2-9i,4,1,cons,blp,fitted,102,88,88,0.8627450980392157,q3-4bi,initial_fit_accuracy,q3-4bi+q3-8bi+l31-8bi+g2-9i--s70v0--fd6a97f9,0.998514118470307,0.5294117647058824,0.5294117647058824,0.0,0.1315938010248523,0.3445075757575759,-0.2129137747327236,0.6296756004543161,0.574282540800047,0.055393059654269106,0.6511387163561076,0.5877329192546584,0.06340579710144922,0.25263098947457047,0.35420138888888886,-0.10157039941431839,1.3818847780165968,1.0599524397650877,0.32193233825150913,0.25264842907804613,0.25015538141014754,0.0024930476678985958,0.13173403653994387,0.08958421608482552,0.04214982045511835
gpqa,q3-4bi|q3-8bi|l31-8bi|g2-9i,4,1,cons,logistic_pool,fitted,102,88,88,0.8627450980392157,q3-4bi,initial_fit_accuracy,q3-4bi+q3-8bi+l31-8bi+g2-9i--s70v0--fd6a97f9,0.8214136689069509,0.5294117647058824,0.5294117647058824,0.0,0.08711393132772727,0.3445075757575759,-0.25739364442984863,0.6274340848447018,0.574282540800047,0.05315154404465472,0.644927536231884,0.5877329192546584,0.05719461697722561,0.25365000223216466,0.35420138888888886,-0.1005513866567242,0.815604262234578,1.0599524397650877,-0.24434817753050964,0.2572921957637884,0.25015538141014754,0.007136814353640886,0.1253273065555849,0.08958421608482552,0.035743090470759395
gpqa,q3-4bi|q3-8bi|l31-8bi|g2-9i,4,1,cons,blp_equal,fitted,102,88,88,0.8627450980392157,q3-4bi,initial_fit_accuracy,q3-4bi+q3-8bi+l31-8bi+g2-9i--s70v0--fd6a97f9,1.011490791016234,0.5294117647058824,0.5294117647058824,0.0,0.13104290087932952,0.3445075757575759,-0.21346467487824639,0.6266533576846153,0.574282540800047,0.05237081688456824,0.6348343685300207,0.5877329192546584,0.047101449275362306,0.2546236331213963,0.35420138888888886,-0.09957775576749256,0.7237873487268662,1.0599524397650877,-0.33616509103822145,0.25420312032973924,0.25015538141014754,0.0040477389195917035,0.12957900471550896,0.08958421608482552,0.03999478863068344
gpqa,q3-4bi|q3-8bi|l31-8bi|g2-9i,4,1,cons,kahn_diagonal,fitted,102,88,88,0.8627450980392157,q3-4bi,initial_fit_accuracy,q3-4bi+q3-8bi+l31-8bi+g2-9i--s70v0--fd6a97f9,1.478056031710879,0.5294117647058824,0.5294117647058824,0.0,0.19199989756801142,0.3445075757575759,-0.15250767818956448,0.6254395964857433,0.574282540800047,0.051157055685696284,0.6361283643892339,0.5877329192546584,0.0483954451345755,0.27688786558202394,0.35420138888888886,-0.07731352330686492,0.9251935474352933,1.0599524397650877,-0.13475889232979443,0.26092130071193,0.25015538141014754,0.010765919301782445,0.13195533251871022,0.08958421608482552,0.042371116433884706
gpqa,q3-4bi|q3-8bi|l31-8bi|g2-9i,4,1,cons,reference_stream_target,fixed,102,88,88,0.8627450980392157,q3-4bi,initial_fit_accuracy,q3-4bi+q3-8bi+l31-8bi+g2-9i--s70v0--fd6a97f9,3.9103527812640704,0.5294117647058824,0.5294117647058824,0.0,0.3445075757575759,0.3445075757575759,0.0,0.574282540800047,0.574282540800047,0.0,0.5877329192546584,0.5877329192546584,0.0,0.35420138888888886,0.35420138888888886,0.0,1.0599524397650877,1.0599524397650877,0.0,0.25015538141014754,0.25015538141014754,0.0,0.08958421608482552,0.08958421608482552,0.0
gpqa,q3-4bi|q3-8bi|l31-8bi|g2-9i|g3-12i|phi4mii,6,1,cons,mean,fixed,102,89,89,0.8725490196078431,q3-4bi,initial_fit_accuracy,q3-4bi+q3-8bi+l31-8bi+g2-9i+g3-12i+phi4mii--s70v0--aa648c08,1.5742406481390305,0.5392156862745098,0.5392156862745098,0.0,0.22069288389511235,0.36985018726591784,-0.1491573033708055,0.5657397219105758,0.5541658846025315,0.011573837308044288,0.6011122345803842,0.5601617795753286,0.040950455005055564,0.2743080697739317,0.3752340823970038,-0.1009260126230721,0.7885575792708623,1.1130408007319144,-0.324483221461052,0.2559071132461148,0.2677176482563494,-0.011810535010234602,0.11752522667832178,0.16035839673914482,-0.04283317006082303
gpqa,q3-4bi|q3-8bi|l31-8bi|g2-9i|g3-12i|phi4mii,6,1,cons,logodds_sum,fixed,102,89,89,0.8725490196078431,q3-4bi,initial_fit_accuracy,q3-4bi+q3-8bi+l31-8bi+g2-9i+g3-12i+phi4mii--s70v0--aa648c08,10.502862715046067,0.5392156862745098,0.5392156862745098,0.0,0.35812315472384276,0.36985018726591784,-0.011727032542075078,0.5673068470724375,0.5541658846025315,0.013140962469906037,0.6038928210313448,0.5601617795753286,0.04373104145601614,0.36614303171395285,0.3752340823970038,-0.009091050683050939,2.9449720942692874,1.1130408007319144,1.831931293537373,0.2528558407067107,0.2677176482563494,-0.014861807549638728,0.11832357455472754,0.16035839673914482,-0.04203482218441727
gpqa,q3-4bi|q3-8bi|l31-8bi|g2-9i|g3-12i|phi4mii,6,1,cons,logodds_mean,fixed,102,89,89,0.8725490196078431,q3-4bi,initial_fit_accuracy,q3-4bi+q3-8bi+l31-8bi+g2-9i+g3-12i+phi4mii--s70v0--aa648c08,1.751484316521792,0.5392156862745098,0.5392156862745098,0.0,0.19877977345101125,0.36985018726591784,-0.1710704138149066,0.5673068470724375,0.5541658846025315,0.013140962469906037,0.6038928210313448,0.5601617795753286,0.04373104145601614,0.2785088760952963,0.3752340823970038,-0.0967252063017075,0.803427713529739,1.1130408007319144,-0.3096130872021754,0.25356614620785756,0.2677176482563494,-0.01415150204849186,0.11993273531516266,0.16035839673914482,-0.04042566142398216
gpqa,q3-4bi|q3-8bi|l31-8bi|g2-9i|g3-12i|phi4mii,6,1,cons,shared_rho,fitted,102,89,89,0.8725490196078431,q3-4bi,initial_fit_accuracy,q3-4bi+q3-8bi+l31-8bi+g2-9i+g3-12i+phi4mii--s70v0--aa648c08,6.098596099350514,0.5392156862745098,0.5392156862745098,0.0,0.34144530264948314,0.36985018726591784,-0.0284048846164347,0.5673068470724375,0.5541658846025315,0.013140962469906037,0.6038928210313448,0.5601617795753286,0.04373104145601614,0.3449381768387041,0.3752340823970038,-0.030295905558299696,1.8124019668462696,1.1130408007319144,0.6993611661143553,0.253566147415574,0.2677176482563494,-0.014151500840775433,0.11993273734161919,0.16035839673914482,-0.040425659397525626
gpqa,q3-4bi|q3-8bi|l31-8bi|g2-9i|g3-12i|phi4mii,6,1,cons,shared_scale,fitted,102,89,89,0.8725490196078431,q3-4bi,initial_fit_accuracy,q3-4bi+q3-8bi+l31-8bi+g2-9i+g3-12i+phi4mii--s70v0--aa648c08,1.0000000477354782,0.5392156862745098,0.5392156862745098,0.0,0.11993273729362923,0.36985018726591784,-0.2499174499722886,0.5673068470724375,0.5541658846025315,0.013140962469906037,0.6038928210313448,0.5601617795753286,0.04373104145601614,0.253566147386979,0.3752340823970038,-0.12166793501002476,0.7070508645369109,1.1130408007319144,-0.40598993619500345,0.25356614596476806,0.2677176482563494,-0.014151502291581353,0.1199327349072771,0.16035839673914482,-0.040425661831867715
gpqa,q3-4bi|q3-8bi|l31-8bi|g2-9i|g3-12i|phi4mii,6,1,cons,kahn,fitted,102,89,89,0.8725490196078431,q3-4bi,initial_fit_accuracy,q3-4bi+q3-8bi+l31-8bi+g2-9i+g3-12i+phi4mii--s70v0--aa648c08,1.0538022020144646,0.5392156862745098,0.5392156862745098,0.0,0.18947465898220225,0.36985018726591784,-0.18037552828371559,0.5996980455163456,0.5541658846025315,0.04553216091381418,0.6140040444893832,0.5601617795753286,0.05384226491405453,0.2679217543589095,0.3752340823970038,-0.10731232803809426,0.7472340233307069,1.1130408007319144,-0.3658067774012075,0.2644926707959592,0.2677176482563494,-0.0032249774603902437,0.18543194619867823,0.16035839673914482,0.025073549459533412
gpqa,q3-4bi|q3-8bi|l31-8bi|g2-9i|g3-12i|phi4mii,6,1,cons,blp,fitted,102,89,89,0.8725490196078431,q3-4bi,initial_fit_accuracy,q3-4bi+q3-8bi+l31-8bi+g2-9i+g3-12i+phi4mii--s70v0--aa648c08,0.9972524614981513,0.5392156862745098,0.5392156862745098,0.0,0.16364783926610113,0.36985018726591784,-0.2062023479998167,0.5961971446807768,0.5541658846025315,0.042031260078245314,0.6225985844287159,0.5601617795753286,0.06243680485338721,0.2577668085958396,0.3752340823970038,-0.11746727380116417,0.7235115311020407,1.1130408007319144,-0.38952926962987366,0.2579104809346529,0.2677176482563494,-0.009807167321696508,0.16398603515831697,0.16035839673914482,0.003627638419172158
gpqa,q3-4bi|q3-8bi|l31-8bi|g2-9i|g3-12i|phi4mii,6,1,cons,logistic_pool,fitted,102,89,89,0.8725490196078431,q3-4bi,initial_fit_accuracy,q3-4bi+q3-8bi+l31-8bi+g2-9i+g3-12i+phi4mii--s70v0--aa648c08,0.9026272950210322,0.5392156862745098,0.5392156862745098,0.0,0.14388377917514608,0.36985018726591784,-0.22596640809077176,0.5936709234736953,0.5541658846025315,0.039505038871163856,0.6185540950455005,0.5601617795753286,0.058392315470171874,0.25444049574920846,0.3752340823970038,-0.12079358664779533,0.7104184635601815,1.1130408007319144,-0.4026223371717329,0.2601832456157742,0.2677176482563494,-0.0075344026405752,0.17304661866689808,0.16035839673914482,0.012688221927753263
gpqa,q3-4bi|q3-8bi|l31-8bi|g2-9i|g3-12i|phi4mii,6,1,cons,blp_equal,fitted,102,89,89,0.8725490196078431,q3-4bi,initial_fit_accuracy,q3-4bi+q3-8bi+l31-8bi+g2-9i+g3-12i+phi4mii--s70v0--aa648c08,0.9995862018484277,0.5392156862745098,0.5392156862745098,0.0,0.1327284575504382,0.36985018726591784,-0.23712172971547965,0.5657397219105758,0.5541658846025315,0.011573837308044288,0.6011122345803842,0.5601617795753286,0.040950455005055564,0.25419174189402793,0.3752340823970038,-0.12104234050297585,0.7116038508055389,1.1130408007319144,-0.40143694992637546,0.2542041871763175,0.2677176482563494,-0.01351346108003193,0.13276007349086474,0.16035839673914482,-0.02759832324828007
gpqa,q3-4bi|q3-8bi|l31-8bi|g2-9i|g3-12i|phi4mii,6,1,cons,kahn_diagonal,fitted,102,89,89,0.8725490196078431,q3-4bi,initial_fit_accuracy,q3-4bi+q3-8bi+l31-8bi+g2-9i+g3-12i+phi4mii--s70v0--aa648c08,1.192763225481213,0.5392156862745098,0.5392156862745098,0.0,0.19531115289020223,0.36985018726591784,-0.1745390343757156,0.5804527428305047,0.5541658846025315,0.026286858227973275,0.6033872598584429,0.5601617795753286,0.04322548028311424,0.2756754828932544,0.3752340823970038,-0.0995585995037494,0.7732812694744454,1.1130408007319144,-0.33975953125746894,0.2636573630775288,0.2677176482563494,-0.004060285178820622,0.18198124091280632,0.16035839673914482,0.021622844173661504
gpqa,q3-4bi|q3-8bi|l31-8bi|g2-9i|g3-12i|phi4mii,6,1,cons,reference_stream_target,fixed,102,89,89,0.8725490196078431,q3-4bi,initial_fit_accuracy,q3-4bi+q3-8bi+l31-8bi+g2-9i+g3-12i+phi4mii--s70v0--aa648c08,2.9098832349051924,0.5392156862745098,0.5392156862745098,0.0,0.36985018726591784,0.36985018726591784,0.0,0.5541658846025315,0.5541658846025315,0.0,0.5601617795753286,0.5601617795753286,0.0,0.3752340823970038,0.3752340823970038,0.0,1.1130408007319144,1.1130408007319144,0.0,0.2677176482563494,0.2677176482563494,0.0,0.16035839673914482,0.16035839673914482,0.0
gpqa,q3-4bi|q3-8bi|l31-8bi|g2-9i|phi4mii,5,1,cons,mean,fixed,102,88,88,0.8627450980392157,q3-4bi,initial_fit_accuracy,q3-4bi+q3-8bi+l31-8bi+g2-9i+phi4mii--s70v0--c7b1e4bf,1.7111141431005474,0.5490196078431373,0.5490196078431373,0.0,0.18511363636362502,0.35984848484848503,-0.17473484848486,0.613563868154424,0.5591228325973616,0.05444103555706237,0.6037784679089027,0.5605590062111802,0.043219461697722505,0.2789832070706915,0.3680555555555555,-0.089072348484864,0.7812028080361,1.1098425015547306,-0.32863969351863065,0.2541980728352388,0.26332722486825,-0.009129152033011179,0.1108221341567941,0.1498516208311914,-0.03902948667439732
gpqa,q3-4bi|q3-8bi|l31-8bi|g2-9i|phi4mii,5,1,cons,logodds_sum,fixed,102,88,88,0.8627450980392157,q3-4bi,initial_fit_accuracy,q3-4bi+q3-8bi+l31-8bi+g2-9i+phi4mii--s70v0--c7b1e4bf,9.177548845813442,0.5490196078431373,0.5490196078431373,0.0,0.39565907294909086,0.35984848484848503,0.035810588100605834,0.6118823534018291,0.5591228325973616,0.05275952080446744,0.6017080745341615,0.5605590062111802,0.041149068322981375,0.4009399971923667,0.3680555555555555,0.0328844416368112,2.6363536579211573,1.1098425015547306,1.5265111563664266,0.2578113572156038,0.26332722486825,-0.0055158676526462225,0.12538098545226492,0.1498516208311914,-0.024470635378926492
gpqa,q3-4bi|q3-8bi|l31-8bi|g2-9i|phi4mii,5,1,cons,logodds_mean,fixed,102,88,88,0.8627450980392157,q3-4bi,initial_fit_accuracy,q3-4bi+q3-8bi+l31-8bi+g2-9i+phi4mii--s70v0--c7b1e4bf,1.8355097654007309,0.5490196078431373,0.5490196078431373,0.0,0.2265581370286591,0.35984848484848503,-0.13329034781982593,0.6118823534018291,0.5591228325973616,0.05275952080446744,0.6017080745341615,0.5605590062111802,0.041149068322981375,0.2918530714371665,0.3680555555555555,-0.07620248411838904,0.8198927136018515,1.1098425015547306,-0.2899497879528792,0.25781135728678534,0.26332722486825,-0.005515867581464662,0.12538098571165077,0.1498516208311914,-0.024470635119540646
gpqa,q3-4bi|q3-8bi|l31-8bi|g2-9i|phi4mii,5,1,cons,shared_rho,fitted,102,88,88,0.8627450980392157,q3-4bi,initial_fit_accuracy,q3-4bi+q3-8bi+l31-8bi+g2-9i+phi4mii--s70v0--c7b1e4bf,5.455320072851526,0.5490196078431373,0.5490196078431373,0.0,0.36527601815326133,0.35984848484848503,0.0054275333047763,0.6118823534018291,0.5591228325973616,0.05275952080446744,0.6017080745341615,0.5605590062111802,0.041149068322981375,0.376452998135369,0.3680555555555555,0.008397442579813452,1.646581234461187,1.1098425015547306,0.5367387329064564,0.2578113582064924,0.26332722486825,-0.0055158666617575736,0.12538098906242537,0.1498516208311914,-0.024470631768766044
gpqa,q3-4bi|q3-8bi|l31-8bi|g2-9i|phi4mii,5,1,cons,shared_scale,fitted,102,88,88,0.8627450980392157,q3-4bi,initial_fit_accuracy,q3-4bi+q3-8bi+l31-8bi+g2-9i+phi4mii--s70v0--c7b1e4bf,0.9999999955596692,0.5490196078431373,0.5490196078431373,0.0,0.12538098899207956,0.35984848484848503,-0.23446749585640547,0.6118823534018291,0.5591228325973616,0.05275952080446744,0.6017080745341615,0.5605590062111802,0.041149068322981375,0.2578113581871991,0.3680555555555555,-0.11024419736835644,0.7120509219935001,1.1098425015547306,-0.39779157956123057,0.2578113583413933,0.26332722486825,-0.005515866526856705,0.12538098955391117,0.1498516208311914,-0.024470631277280247
gpqa,q3-4bi|q3-8bi|l31-8bi|g2-9i|phi4mii,5,1,cons,kahn,fitted,102,88,88,0.8627450980392157,q3-4bi,initial_fit_accuracy,q3-4bi+q3-8bi+l31-8bi+g2-9i+phi4mii--s70v0--c7b1e4bf,1.033289576256992,0.5490196078431373,0.5490196078431373,0.0,0.16442391697568182,0.35984848484848503,-0.1954245678728032,0.5969601821463267,0.5591228325973616,0.037837349548965116,0.6374223602484472,0.5605590062111802,0.07686335403726707,0.25952143304569597,0.3680555555555555,-0.10853412250985955,0.7974341011854112,1.1098425015547306,-0.3124084003693194,0.2578891727928884,0.26332722486825,-0.005438052075361577,0.160765578878509,0.1498516208311914,0.010913958047317596
gpqa,q3-4bi|q3-8bi|l31-8bi|g2-9i|phi4mii,5,1,cons,blp,fitted,102,88,88,0.8627450980392157,q3-4bi,initial_fit_accuracy,q3-4bi+q3-8bi+l31-8bi+g2-9i+phi4mii--s70v0--c7b1e4bf,1.012198617422354,0.5490196078431373,0.5490196078431373,0.0,0.19513424995150003,0.35984848484848503,-0.164714234896985,0.6230148761211315,0.5591228325973616,0.06389204352376987,0.6589026915113871,0.5605590062111802,0.09834368530020698,0.2604465628576787,0.3680555555555555,-0.10760899269787683,0.8769134985653021,1.1098425015547306,-0.23292900298942854,0.2597718799657038,0.26332722486825,-0.0035553449025462203,0.1930536606727009,0.1498516208311914,0.0432020398415095
gpqa,q3-4bi|q3-8bi|l31-8bi|g2-9i|phi4mii,5,1,cons,logistic_pool,fitted,102,88,88,0.8627450980392157,q3-4bi,initial_fit_accuracy,q3-4bi+q3-8bi+l31-8bi+g2-9i+phi4mii--s70v0--c7b1e4bf,0.7760235672949579,0.5490196078431373,0.5490196078431373,0.0,0.15705408460718184,0.35984848484848503,-0.20279440024130319,0.6088212146808872,0.5591228325973616,0.049698382083525616,0.6555383022774327,0.5605590062111802,0.09497929606625255,0.24803699036455845,0.3680555555555555,-0.12001856519099707,0.7604344675439294,1.1098425015547306,-0.3494080340108012,0.2600838945548313,0.26332722486825,-0.003243330313418724,0.18915130505821598,0.1498516208311914,0.03929968422702457
gpqa,q3-4bi|q3-8bi|l31-8bi|g2-9i|phi4mii,5,1,cons,blp_equal,fitted,102,88,88,0.8627450980392157,q3-4bi,initial_fit_accuracy,q3-4bi+q3-8bi+l31-8bi+g2-9i+phi4mii--s70v0--c7b1e4bf,1.0077945820498735,0.5490196078431373,0.5490196078431373,0.0,0.14370976278338635,0.35984848484848503,-0.21613872206509868,0.613563868154424,0.5591228325973616,0.05444103555706237,0.6037784679089027,0.5605590062111802,0.043219461697722505,0.2582766601870294,0.3680555555555555,-0.10977889536852614,0.7182947864645345,1.1098425015547306,-0.39154771509019615,0.25794129174964503,0.26332722486825,-0.005385933118604969,0.1428133635382294,0.1498516208311914,-0.007038257292962008
gpqa,q3-4bi|q3-8bi|l31-8bi|g2-9i|phi4mii,5,1,cons,kahn_diagonal,fitted,102,88,88,0.8627450980392157,q3-4bi,initial_fit_accuracy,q3-4bi+q3-8bi+l31-8bi+g2-9i+phi4mii--s70v0--c7b1e4bf,1.3185204730356048,0.5490196078431373,0.5490196078431373,0.0,0.21302336352177276,0.35984848484848503,-0.14682512132671227,0.6375422402042819,0.5591228325973616,0.07841940760692023,0.6513975155279503,0.5605590062111802,0.09083850931677018,0.27486054000852456,0.3680555555555555,-0.09319501554703097,0.8610497362018609,1.1098425015547306,-0.24879276535286976,0.25957540574360766,0.26332722486825,-0.0037518191246423416,0.18675430016582623,0.1498516208311914,0.036902679334634814
gpqa,q3-4bi|q3-8bi|l31-8bi|g2-9i|phi4mii,5,1,cons,reference_stream_target,fixed,102,88,88,0.8627450980392157,q3-4bi,initial_fit_accuracy,q3-4bi+q3-8bi+l31-8bi+g2-9i+phi4mii--s70v0--c7b1e4bf,3.098496212652317,0.5490196078431373,0.5490196078431373,0.0,0.35984848484848503,0.35984848484848503,0.0,0.5591228325973616,0.5591228325973616,0.0,0.5605590062111802,0.5605590062111802,0.0,0.3680555555555555,0.3680555555555555,0.0,1.1098425015547306,1.1098425015547306,0.0,0.26332722486825,0.26332722486825,0.0,0.1498516208311914,0.1498516208311914,0.0
gpqa,q3-4bi|q3-8bi|l32-3bi|l31-8bi|g2-9i,5,1,cons,mean,fixed,102,85,85,0.8333333333333334,q3-4bi,initial_fit_accuracy,q3-4bi+q3-8bi+l32-3bi+l31-8bi+g2-9i--s70v0--6daa624b,1.955334102662648,0.5392156862745098,0.5392156862745098,0.0,0.19480392156864706,0.34215686274509816,-0.1473529411764511,0.5935567895662824,0.5476515385108508,0.04590525105543164,0.5747222222222222,0.5305555555555556,0.04416666666666669,0.2813942810457263,0.36315359477124187,-0.08175931372551559,0.7942144282400306,1.087302377333516,-0.29308794909348534,0.25337617296089027,0.26424646475263736,-0.010870291791747089,0.10663303695012792,0.1184307223962034,-0.011797685446075484
gpqa,q3-4bi|q3-8bi|l32-3bi|l31-8bi|g2-9i,5,1,cons,logodds_sum,fixed,102,85,85,0.8333333333333334,q3-4bi,initial_fit_accuracy,q3-4bi+q3-8bi+l32-3bi+l31-8bi+g2-9i--s70v0--6daa624b,11.495558689839244,0.5392156862745098,0.5392156862745098,0.0,0.42192352119512927,0.34215686274509816,0.07976665845003111,0.5951818043889975,0.5476515385108508,0.04753026587814668,0.5775,0.5305555555555556,0.046944444444444455,0.4159441699756019,0.36315359477124187,0.052790575204360035,2.656952155262393,1.087302377333516,1.5696497779288772,0.25232232201883975,0.26424646475263736,-0.011924142733797605,0.10069893854084351,0.1184307223962034,-0.017731783855359895
gpqa,q3-4bi|q3-8bi|l32-3bi|l31-8bi|g2-9i,5,1,cons,logodds_mean,fixed,102,85,85,0.8333333333333334,q3-4bi,initial_fit_accuracy,q3-4bi+q3-8bi+l32-3bi+l31-8bi+g2-9i--s70v0--6daa624b,2.2991118665723755,0.5392156862745098,0.5392156862745098,0.0,0.22241686892962353,0.34215686274509816,-0.11973999381547462,0.5951818043889975,0.5476515385108508,0.04753026587814668,0.5775,0.5305555555555556,0.046944444444444455,0.2924847181280859,0.36315359477124187,-0.07066887664315596,0.824606841765694,1.087302377333516,-0.262695535567822,0.2523223207930419,0.26424646475263736,-0.011924143959595457,0.10069893257016026,0.1184307223962034,-0.01773178982604315
gpqa,q3-4bi|q3-8bi|l32-3bi|l31-8bi|g2-9i,5,1,cons,shared_rho,fitted,102,85,85,0.8333333333333334,q3-4bi,initial_fit_accuracy,q3-4bi+q3-8bi+l32-3bi+l31-8bi+g2-9i--s70v0--6daa624b,5.966136261430639,0.5392156862745098,0.5392156862745098,0.0,0.3741985903810941,0.34215686274509816,0.03204172763599594,0.5951818043889975,0.5476515385108508,0.04753026587814668,0.5775,0.5305555555555556,0.046944444444444455,0.37169319234672504,0.36315359477124187,0.008539597575483171,1.480265174905321,1.087302377333516,0.3929627975718051,0.2523223218809232,0.26424646475263736,-0.011924142871714172,0.10069893786909208,0.1184307223962034,-0.017731784527111327
gpqa,q3-4bi|q3-8bi|l32-3bi|l31-8bi|g2-9i,5,1,cons,shared_scale,fitted,102,85,85,0.8333333333333334,q3-4bi,initial_fit_accuracy,q3-4bi+q3-8bi+l32-3bi+l31-8bi+g2-9i--s70v0--6daa624b,1.0000000381353984,0.5392156862745098,0.5392156862745098,0.0,0.10069893609532943,0.34215686274509816,-0.24145792664976873,0.5951818043889975,0.5476515385108508,0.04753026587814668,0.5775,0.5305555555555556,0.046944444444444455,0.25232232151677003,0.36315359477124187,-0.11083127325447184,0.699134907437653,1.087302377333516,-0.3881674698958629,0.25232232068104155,0.26424646475263736,-0.01192414407159581,0.1006989320246205,0.1184307223962034,-0.0177317903715829
gpqa,q3-4bi|q3-8bi|l32-3bi|l31-8bi|g2-9i,5,1,cons,kahn,fitted,102,85,85,0.8333333333333334,q3-4bi,initial_fit_accuracy,q3-4bi+q3-8bi+l32-3bi+l31-8bi+g2-9i--s70v0--6daa624b,1.103396872440916,0.5392156862745098,0.5392156862745098,0.0,0.19830781657978824,0.34215686274509816,-0.1438490461653099,0.5937736086726519,0.5476515385108508,0.04612207016180114,0.5822222222222222,0.5305555555555556,0.05166666666666664,0.28111438609145917,0.36315359477124187,-0.0820392086797827,0.7853037601743247,1.087302377333516,-0.3019986171591913,0.2746436957638408,0.26424646475263736,0.010397231011203434,0.18117724030819127,0.1184307223962034,0.06274651791198786
gpqa,q3-4bi|q3-8bi|l32-3bi|l31-8bi|g2-9i,5,1,cons,blp,fitted,102,85,85,0.8333333333333334,q3-4bi,initial_fit_accuracy,q3-4bi+q3-8bi+l32-3bi+l31-8bi+g2-9i--s70v0--6daa624b,0.9964009469815331,0.5392156862745098,0.5392156862745098,0.0,0.1859544472612588,0.34215686274509816,-0.15620241548383937,0.5858846333487885,0.5476515385108508,0.03823309483793769,0.5694444444444444,0.5305555555555556,0.03888888888888886,0.27836089247333795,0.36315359477124187,-0.08479270229790392,0.7808461992022222,1.087302377333516,-0.3064561781312938,0.27858477793984704,0.26424646475263736,0.014338313187209684,0.18645713741593092,0.1184307223962034,0.06802641501972752
gpqa,q3-4bi|q3-8bi|l32-3bi|l31-8bi|g2-9i,5,1,cons,logistic_pool,fitted,102,85,85,0.8333333333333334,q3-4bi,initial_fit_accuracy,q3-4bi+q3-8bi+l32-3bi+l31-8bi+g2-9i--s70v0--6daa624b,0.8865972209877065,0.5392156862745098,0.5392156862745098,0.0,0.16246645422143532,0.34215686274509816,-0.17969040852366283,0.5760810669080341,0.5476515385108508,0.028429528397183268,0.5805555555555556,0.5305555555555556,0.050000000000000044,0.268059991444157,0.36315359477124187,-0.09509360332708489,0.7472042834798677,1.087302377333516,-0.3400980938536483,0.2746757048535012,0.26424646475263736,0.010429240100863824,0.15275960622670676,0.1184307223962034,0.03432888383050335
gpqa,q3-4bi|q3-8bi|l32-3bi|l31-8bi|g2-9i,5,1,cons,blp_equal,fitted,102,85,85,0.8333333333333334,q3-4bi,initial_fit_accuracy,q3-4bi+q3-8bi+l32-3bi+l31-8bi+g2-9i--s70v0--6daa624b,0.9818451959466158,0.5392156862745098,0.5392156862745098,0.0,0.11637833671708236,0.34215686274509816,-0.2257785260280158,0.5935567895662824,0.5476515385108508,0.04590525105543164,0.5747222222222222,0.5305555555555556,0.04416666666666669,0.26419540641160166,0.36315359477124187,-0.09895818835964021,0.7289885206140216,1.087302377333516,-0.35831385671949434,0.26501651587197617,0.26424646475263736,0.0007700511193388104,0.11853666639558098,0.1184307223962034,0.00010594399937757792
gpqa,q3-4bi|q3-8bi|l32-3bi|l31-8bi|g2-9i,5,1,cons,kahn_diagonal,fitted,102,85,85,0.8333333333333334,q3-4bi,initial_fit_accuracy,q3-4bi+q3-8bi+l32-3bi+l31-8bi+g2-9i--s70v0--6daa624b,1.5582089246988875,0.5392156862745098,0.5392156862745098,0.0,0.24697130465077646,0.34215686274509816,-0.09518555809432169,0.592645708019113,0.5476515385108508,0.04499416950826218,0.5761111111111111,0.5305555555555556,0.04555555555555557,0.3086615905241214,0.36315359477124187,-0.054492004247120474,0.900955752838907,1.087302377333516,-0.18634662449460893,0.2761084159862004,0.26424646475263736,0.01186195123356304,0.205098022036084,0.1184307223962034,0.08666729963988058
gpqa,q3-4bi|q3-8bi|l32-3bi|l31-8bi|g2-9i,5,1,cons,reference_stream_target,fixed,102,85,85,0.8333333333333334,q3-4bi,initial_fit_accuracy,q3-4bi+q3-8bi+l32-3bi+l31-8bi+g2-9i--s70v0--6daa624b,3.0946007942811034,0.5392156862745098,0.5392156862745098,0.0,0.34215686274509816,0.34215686274509816,0.0,0.5476515385108508,0.5476515385108508,0.0,0.5305555555555556,0.5305555555555556,0.0,0.36315359477124187,0.36315359477124187,0.0,1.087302377333516,1.087302377333516,0.0,0.26424646475263736,0.26424646475263736,0.0,0.1184307223962034,0.1184307223962034,0.0
gpqa,q3-4bi|q3-8bi|l32-3bi|l31-8bi|g2-9i|phi4mii,6,1,cons,mean,fixed,102,86,86,0.8431372549019608,q3-4bi,initial_fit_accuracy,q3-4bi+q3-8bi+l32-3bi+l31-8bi+g2-9i+phi4mii--s70v0--366bf86e,1.6258033679837718,0.5294117647058824,0.5294117647058824,0.0,0.1797803617571163,0.3585271317829457,-0.1787467700258294,0.614033128148798,0.5808485285311381,0.03318459961765985,0.5953929539295393,0.592140921409214,0.003252032520325243,0.2743156043640553,0.3641795865633075,-0.08986398219925223,0.7612833278303216,1.0817767334169945,-0.32049340558667294,0.2527259774307025,0.2620562157836583,-0.009330238352955766,0.15068836057173426,0.14913406152248865,0.0015542990492456166
gpqa,q3-4bi|q3-8bi|l32-3bi|l31-8bi|g2-9i|phi4mii,6,1,cons,logodds_sum,fixed,102,86,86,0.8431372549019608,q3-4bi,initial_fit_accuracy,q3-4bi+q3-8bi+l32-3bi+l31-8bi+g2-9i+phi4mii--s70v0--366bf86e,11.912798567205035,0.5294117647058824,0.5294117647058824,0.0,0.3973084343025,0.3585271317829457,0.038781302519554306,0.6145068054408421,0.5808485285311381,0.03365827690970402,0.5983739837398374,0.592140921409214,0.0062330623306233734,0.4014107761420056,0.3641795865633075,0.03723118957869809,2.92448200703282,1.0817767334169945,1.8427052736158254,0.2521145399903221,0.2620562157836583,-0.009941675793336213,0.1192829777398942,0.14913406152248865,-0.029851083782594448
gpqa,q3-4bi|q3-8bi|l32-3bi|l31-8bi|g2-9i|phi4mii,6,1,cons,logodds_mean,fixed,102,86,86,0.8431372549019608,q3-4bi,initial_fit_accuracy,q3-4bi+q3-8bi+l32-3bi+l31-8bi+g2-9i+phi4mii--s70v0--366bf86e,1.98396971486387,0.5294117647058824,0.5294117647058824,0.0,0.19008381328996513,0.3585271317829457,-0.16844331849298058,0.6145068054408421,0.5808485285311381,0.03365827690970402,0.5983739837398374,0.592140921409214,0.0062330623306233734,0.2859971964121344,0.3641795865633075,-0.07818239015117312,0.7975904829496897,1.0817767334169945,-0.28418625046730484,0.25220596327852435,0.2620562157836583,-0.009850252505133938,0.12003720507051209,0.14913406152248865,-0.029096856451976558
gpqa,q3-4bi|q3-8bi|l32-3bi|l31-8bi|g2-9i|phi4mii,6,1,cons,shared_rho,fitted,102,86,86,0.8431372549019608,q3-4bi,initial_fit_accuracy,q3-4bi+q3-8bi+l32-3bi+l31-8bi+g2-9i+phi4mii--s70v0--366bf86e,6.868267243765014,0.5294117647058824,0.5294117647058824,0.0,0.34806252273406985,0.3585271317829457,-0.010464609048875861,0.6145068054408421,0.5808485285311381,0.03365827690970402,0.5983739837398374,0.592140921409214,0.0062330623306233734,0.37838731014746857,0.3641795865633075,0.014207723584161058,1.7688642999904716,1.0817767334169945,0.687087566573477,0.2522059638934376,0.2620562157836583,-0.009850251890220707,0.12003720674471562,0.14913406152248865,-0.029096854777773032
gpqa,q3-4bi|q3-8bi|l32-3bi|l31-8bi|g2-9i|phi4mii,6,1,cons,shared_scale,fitted,102,86,86,0.8431372549019608,q3-4bi,initial_fit_accuracy,q3-4bi+q3-8bi+l32-3bi+l31-8bi+g2-9i+phi4mii--s70v0--366bf86e,1.0000000150018067,0.5294117647058824,0.5294117647058824,0.0,0.1200372066260465,0.3585271317829457,-0.2384899251568992,0.6145068054408421,0.5808485285311381,0.03365827690970402,0.5983739837398374,0.592140921409214,0.0062330623306233734,0.25220596384989846,0.3641795865633075,-0.11197362271340905,0.6984382025070038,1.0817767334169945,-0.3833385309099907,0.2522059634620456,0.2620562157836583,-0.009850252321612685,0.1200372055701797,0.14913406152248865,-0.029096855952308945
gpqa,q3-4bi|q3-8bi|l32-3bi|l31-8bi|g2-9i|phi4mii,6,1,cons,kahn,fitted,102,86,86,0.8431372549019608,q3-4bi,initial_fit_accuracy,q3-4bi+q3-8bi+l32-3bi+l31-8bi+g2-9i+phi4mii--s70v0--366bf86e,1.0906196977835492,0.5294117647058824,0.5294117647058824,0.0,0.17326771140886046,0.3585271317829457,-0.18525942037408524,0.5619462791776889,0.5808485285311381,-0.018902249353449196,0.6051490514905149,0.592140921409214,0.013008130081300862,0.26483360066309647,0.3641795865633075,-0.09934598590021104,0.7456646474708484,1.0817767334169945,-0.33611208594614617,0.2607890098919141,0.2620562157836583,-0.001267205891744172,0.15888181497306217,0.14913406152248865,0.00974775345057352
gpqa,q3-4bi|q3-8bi|l32-3bi|l31-8bi|g2-9i|phi4mii,6,1,cons,blp,fitted,102,86,86,0.8431372549019608,q3-4bi,initial_fit_accuracy,q3-4bi+q3-8bi+l32-3bi+l31-8bi+g2-9i+phi4mii--s70v0--366bf86e,0.9855101728619533,0.5294117647058824,0.5294117647058824,0.0,0.22482106173939537,0.3585271317829457,-0.13370607004355034,0.6015700228278086,0.5808485285311381,0.020721494296670473,0.5989159891598916,0.592140921409214,0.006775067750677599,0.2760366357025953,0.3641795865633075,-0.08814295086071222,0.7792331433930946,1.0817767334169945,-0.30254359002389997,0.27689166402405074,0.2620562157836583,0.014835448240392457,0.2268270662692186,0.14913406152248865,0.07769300474672997
gpqa,q3-4bi|q3-8bi|l32-3bi|l31-8bi|g2-9i|phi4mii,6,1,cons,logistic_pool,fitted,102,86,86,0.8431372549019608,q3-4bi,initial_fit_accuracy,q3-4bi+q3-8bi+l32-3bi+l31-8bi+g2-9i+phi4mii--s70v0--366bf86e,0.8918194251713163,0.5294117647058824,0.5294117647058824,0.0,0.18266737510069767,0.3585271317829457,-0.17585975668224804,0.555257993836595,0.5808485285311381,-0.025590534694543088,0.6062330623306234,0.592140921409214,0.014092140921409313,0.25933840553796783,0.3641795865633075,-0.10484118102533968,0.7302757536682155,1.0817767334169945,-0.35150097974877903,0.26415898724006037,0.2620562157836583,0.002102771456402086,0.2013898421057549,0.14913406152248865,0.05225578058326624
gpqa,q3-4bi|q3-8bi|l32-3bi|l31-8bi|g2-9i|phi4mii,6,1,cons,blp_equal,fitted,102,86,86,0.8431372549019608,q3-4bi,initial_fit_accuracy,q3-4bi+q3-8bi+l32-3bi+l31-8bi+g2-9i+phi4mii--s70v0--366bf86e,1.0031341209496756,0.5294117647058824,0.5294117647058824,0.0,0.16172544472117442,0.3585271317829457,-0.19680168706177129,0.614033128148798,0.5808485285311381,0.03318459961765985,0.5953929539295393,0.592140921409214,0.003252032520325243,0.25322704980393573,0.3641795865633075,-0.11095253675937178,0.7003063247969616,1.0817767334169945,-0.3814704086200329,0.2531169475257178,0.2620562157836583,-0.008939268257940503,0.16157334357942366,0.14913406152248865,0.012439282056935008
gpqa,q3-4bi|q3-8bi|l32-3bi|l31-8bi|g2-9i|phi4mii,6,1,cons,kahn_diagonal,fitted,102,86,86,0.8431372549019608,q3-4bi,initial_fit_accuracy,q3-4bi+q3-8bi+l32-3bi+l31-8bi+g2-9i+phi4mii--s70v0--366bf86e,1.4066647643928107,0.5294117647058824,0.5294117647058824,0.0,0.1986928414879186,0.3585271317829457,-0.1598342902950271,0.5852279215148786,0.5808485285311381,0.00437939298374046,0.6073170731707317,0.592140921409214,0.015176151761517653,0.2783797829841118,0.3641795865633075,-0.0857998035791957,0.7938618327824966,1.0817767334169945,-0.287914900634498,0.25998957895502245,0.2620562157836583,-0.002066636828635837,0.1580644659703653,0.14913406152248865,0.008930404447876655
gpqa,q3-4bi|q3-8bi|l32-3bi|l31-8bi|g2-9i|phi4mii,6,1,cons,reference_stream_target,fixed,102,86,86,0.8431372549019608,q3-4bi,initial_fit_accuracy,q3-4bi+q3-8bi+l32-3bi+l31-8bi+g2-9i+phi4mii--s70v0--366bf86e,2.9685697365473964,0.5294117647058824,0.5294117647058824,0.0,0.3585271317829457,0.3585271317829457,0.0,0.5808485285311381,0.5808485285311381,0.0,0.592140921409214,0.592140921409214,0.0,0.3641795865633075,0.3641795865633075,0.0,1.0817767334169945,1.0817767334169945,0.0,0.2620562157836583,0.2620562157836583,0.0,0.14913406152248865,0.14913406152248865,0.0
gpqa,q3-8bi|g2-9i|phi4mii,3,1,cons,mean,fixed,102,95,95,0.9313725490196079,q3-8bi,initial_fit_accuracy,q3-8bi+g2-9i+phi4mii--s70v0--2fb35bc9,5.404852051455369,0.5098039215686274,0.5098039215686274,0.0,0.20312865497084212,0.2564912280701755,-0.05336257309933337,0.5578367394992102,0.5591634230879113,-0.0013266835887011386,0.5902839396628217,0.5856255545696539,0.004658385093167738,0.28430937296955267,0.3148362573099415,-0.03052688434038886,0.8258820508987847,0.9457368777162568,-0.11985482681747206,0.2445665400916919,0.2426470936532876,0.0019194464384043042,0.0495244909064715,0.05163865940352607,-0.0021141684970545707
gpqa,q3-8bi|g2-9i|phi4mii,3,1,cons,logodds_sum,fixed,102,95,95,0.9313725490196079,q3-8bi,initial_fit_accuracy,q3-8bi+g2-9i+phi4mii--s70v0--2fb35bc9,17.96615372616305,0.5098039215686274,0.5098039215686274,0.0,0.32702743136211593,0.2564912280701755,0.07053620329194044,0.5584831148658087,0.5591634230879113,-0.0006803082221026324,0.592058562555457,0.5856255545696539,0.006433007985803041,0.3556993056488863,0.3148362573099415,0.040863048338944774,1.807520240940223,0.9457368777162568,0.8617833632239661,0.24356389758788893,0.2426470936532876,0.0009168039346013346,0.03165208359152361,0.05163865940352607,-0.019986575812002458
gpqa,q3-8bi|g2-9i|phi4mii,3,1,cons,logodds_mean,fixed,102,95,95,0.9313725490196079,q3-8bi,initial_fit_accuracy,q3-8bi+g2-9i+phi4mii--s70v0--2fb35bc9,5.988718673176989,0.5098039215686274,0.5098039215686274,0.0,0.21813385963731577,0.2564912280701755,-0.03835736843285972,0.5584831148658087,0.5591634230879113,-0.0006803082221026324,0.592058562555457,0.5856255545696539,0.006433007985803041,0.2891208771320881,0.3148362573099415,-0.02571538017785341,0.8411282272437589,0.9457368777162568,-0.1046086504724979,0.24356389784641405,0.2426470936532876,0.0009168041931264526,0.031652077657020036,0.05163865940352607,-0.019986581746506034
gpqa,q3-8bi|g2-9i|phi4mii,3,1,cons,shared_rho,fitted,102,95,95,0.9313725490196079,q3-8bi,initial_fit_accuracy,q3-8bi+g2-9i+phi4mii--s70v0--2fb35bc9,15.48237748117106,0.5098039215686274,0.5098039215686274,0.0,0.3193783124406842,0.2564912280701755,0.06288708437050872,0.5584831148658087,0.5591634230879113,-0.0006803082221026324,0.592058562555457,0.5856255545696539,0.006433007985803041,0.34923127503962464,0.3148362573099415,0.03439501772968312,1.5868075435778992,0.9457368777162568,0.6410706658616424,0.2435638976847825,0.2426470936532876,0.0009168040314949111,0.03165208136730728,0.05163865940352607,-0.01998657803621879
gpqa,q3-8bi|g2-9i|phi4mii,3,1,cons,shared_scale,fitted,102,95,95,0.9313725490196079,q3-8bi,initial_fit_accuracy,q3-8bi+g2-9i+phi4mii--s70v0--2fb35bc9,1.0000000214460258,0.5098039215686274,0.5098039215686274,0.0,0.03165208258933687,0.2564912280701755,-0.2248391454808386,0.5584831148658087,0.5591634230879113,-0.0006803082221026324,0.592058562555457,0.5856255545696539,0.006433007985803041,0.24356389763161768,0.3148362573099415,-0.07127235967832385,0.6802587229344186,0.9457368777162568,-0.2654781547818382,0.24356389767498388,0.2426470936532876,0.000916804021696277,0.03165208159223919,0.05163865940352607,-0.019986577811286883
gpqa,q3-8bi|g2-9i|phi4mii,3,1,cons,kahn,fitted,102,95,95,0.9313725490196079,q3-8bi,initial_fit_accuracy,q3-8bi+g2-9i+phi4mii--s70v0--2fb35bc9,1.0792465914707108,0.5098039215686274,0.5098039215686274,0.0,0.12978273272012633,0.2564912280701755,-0.12670849535004916,0.5560421643022494,0.5591634230879113,-0.00312125878566194,0.5889529724933452,0.5856255545696539,0.0033274179236912893,0.2448069096572385,0.3148362573099415,-0.07002934765270302,0.6806995702762723,0.9457368777162568,-0.26503730743998455,0.24373526565530088,0.2426470936532876,0.0010881720020132768,0.11411762861732218,0.05163865940352607,0.06247896921379611
gpqa,q3-8bi|g2-9i|phi4mii,3,1,cons,blp,fitted,102,95,95,0.9313725490196079,q3-8bi,initial_fit_accuracy,q3-8bi+g2-9i+phi4mii--s70v0--2fb35bc9,1.0100837403838163,0.5098039215686274,0.5098039215686274,0.0,0.09042302693050526,0.2564912280701755,-0.16606820113967025,0.5540064959157677,0.5591634230879113,-0.005156927172143666,0.5831854480922803,0.5856255545696539,-0.0024401064773735825,0.24704076707353742,0.3148362573099415,-0.0677954902364041,0.686233438702846,0.9457368777162568,-0.2595034390134108,0.2468991232829469,0.2426470936532876,0.0042520296296592874,0.10351828027252151,0.05163865940352607,0.05187962086899544
gpqa,q3-8bi|g2-9i|phi4mii,3,1,cons,logistic_pool,fitted,102,95,95,0.9313725490196079,q3-8bi,initial_fit_accuracy,q3-8bi+g2-9i+phi4mii--s70v0--2fb35bc9,0.924865471885249,0.5098039215686274,0.5098039215686274,0.0,0.11432710057323157,0.2564912280701755,-0.1421641274969439,0.5522673729283247,0.5591634230879113,-0.006896050159586609,0.5809671694764863,0.5856255545696539,-0.004658385093167627,0.24526070399900846,0.3148362573099415,-0.06957555331093307,0.6823184796496129,0.9457368777162568,-0.2634183980666439,0.24632778769891694,0.2426470936532876,0.0036806940456293458,0.10140553158068484,0.05163865940352607,0.04976687217715877
gpqa,q3-8bi|g2-9i|phi4mii,3,1,cons,blp_equal,fitted,102,95,95,0.9313725490196079,q3-8bi,initial_fit_accuracy,q3-8bi+g2-9i+phi4mii--s70v0--2fb35bc9,1.006686731378813,0.5098039215686274,0.5098039215686274,0.0,0.10134506196990527,0.2564912280701755,-0.1551461661002702,0.5578367394992102,0.5591634230879113,-0.0013266835887011386,0.5902839396628217,0.5856255545696539,0.004658385093167738,0.24475025954779567,0.3148362573099415,-0.07008599776214586,0.6814891296756337,0.9457368777162568,-0.2642477480406231,0.24467121649244003,0.2426470936532876,0.0020241228391524313,0.10105211414875337,0.05163865940352607,0.0494134547452273
gpqa,q3-8bi|g2-9i|phi4mii,3,1,cons,kahn_diagonal,fitted,102,95,95,0.9313725490196079,q3-8bi,initial_fit_accuracy,q3-8bi+g2-9i+phi4mii--s70v0--2fb35bc9,1.1650165020495435,0.5098039215686274,0.5098039215686274,0.0,0.11064152487969471,0.2564912280701755,-0.1458497031904808,0.5564587252222593,0.5591634230879113,-0.0027046978656520837,0.589396628216504,0.5856255545696539,0.0037710736468500317,0.2452487418220161,0.3148362573099415,-0.06958751548792544,0.6813323623847453,0.9457368777162568,-0.26440451533151155,0.24303222342906938,0.2426470936532876,0.000385129775781784,0.10595721774819074,0.05163865940352607,0.05431855834466467
gpqa,q3-8bi|g2-9i|phi4mii,3,1,cons,reference_stream_target,fixed,102,95,95,0.9313725490196079,q3-8bi,initial_fit_accuracy,q3-8bi+g2-9i+phi4mii--s70v0--2fb35bc9,10.086022123409888,0.5098039215686274,0.5098039215686274,0.0,0.2564912280701755,0.2564912280701755,0.0,0.5591634230879113,0.5591634230879113,0.0,0.5856255545696539,0.5856255545696539,0.0,0.3148362573099415,0.3148362573099415,0.0,0.9457368777162568,0.9457368777162568,0.0,0.2426470936532876,0.2426470936532876,0.0,0.05163865940352607,0.05163865940352607,0.0
gpqa,q3-8bi|l31-8bi,2,1,cons,mean,fixed,102,95,95,0.9313725490196079,q3-8bi,initial_fit_accuracy,q3-8bi+l31-8bi--s70v0--ba725268,3.329853266919969,0.47058823529411764,0.47058823529411764,0.0,0.3065789473684842,0.355263157894737,-0.048684210526252825,0.508344803592243,0.5060116691479626,0.0023331344442804047,0.5604444444444444,0.5511111111111111,0.009333333333333305,0.3488724415205469,0.3777046783625731,-0.028832236842026182,1.0032983598413123,1.1155286080310398,-0.11223024818972749,0.26417425034546044,0.26244512214042515,0.0017291282050352907,0.13439167947114491,0.1237084948282079,0.010683184642937021
gpqa,q3-8bi|l31-8bi,2,1,cons,logodds_sum,fixed,102,95,95,0.9313725490196079,q3-8bi,initial_fit_accuracy,q3-8bi+l31-8bi--s70v0--ba725268,8.964954583738635,0.47058823529411764,0.47058823529411764,0.0,0.42716376746073703,0.355263157894737,0.07190060956600003,0.5092294622346761,0.5060116691479626,0.0032177930867135496,0.5635555555555556,0.5511111111111111,0.01244444444444448,0.4253191508598887,0.3777046783625731,0.047614472497315596,1.7059693923574955,1.1155286080310398,0.5904407843264556,0.2581651856055701,0.26244512214042515,-0.004279936534855033,0.11239303436891292,0.1237084948282079,-0.011315460459294976
gpqa,q3-8bi|l31-8bi,2,1,cons,logodds_mean,fixed,102,95,95,0.9313725490196079,q3-8bi,initial_fit_accuracy,q3-8bi+l31-8bi--s70v0--ba725268,4.482477425801533,0.47058823529411764,0.47058823529411764,0.0,0.35010976259634735,0.355263157894737,-0.005153395298389651,0.5092294622346761,0.5060116691479626,0.0032177930867135496,0.5635555555555556,0.5511111111111111,0.01244444444444448,0.3556874523661591,0.3777046783625731,-0.02201722599641398,1.0246608398116974,1.1155286080310398,-0.09086776821934239,0.258165185090766,0.26244512214042515,-0.004279937049659122,0.11239303188954759,0.1237084948282079,-0.0113154629386603
gpqa,q3-8bi|l31-8bi,2,1,cons,shared_rho,fitted,102,95,95,0.9313725490196079,q3-8bi,initial_fit_accuracy,q3-8bi+l31-8bi--s70v0--ba725268,8.964954583738635,0.47058823529411764,0.47058823529411764,0.0,0.42716376746073703,0.355263157894737,0.07190060956600003,0.5092294622346761,0.5060116691479626,0.0032177930867135496,0.5635555555555556,0.5511111111111111,0.01244444444444448,0.4253191508598887,0.3777046783625731,0.047614472497315596,1.7059693923574955,1.1155286080310398,0.5904407843264556,0.2581651856055701,0.26244512214042515,-0.004279936534855033,0.11239303436891292,0.1237084948282079,-0.011315460459294976
gpqa,q3-8bi|l31-8bi,2,1,cons,shared_scale,fitted,102,95,95,0.9313725490196079,q3-8bi,initial_fit_accuracy,q3-8bi+l31-8bi--s70v0--ba725268,1.0000000635790438,0.47058823529411764,0.47058823529411764,0.0,0.1123930328711052,0.355263157894737,-0.2428701250236318,0.5092294622346761,0.5060116691479626,0.0032177930867135496,0.5635555555555556,0.5511111111111111,0.01244444444444448,0.25816518529456906,0.3777046783625731,-0.11953949306800404,0.709992240121227,1.1155286080310398,-0.40553636790981284,0.258165184199127,0.26244512214042515,-0.004279937941298162,0.11239302759529542,0.1237084948282079,-0.011315467232912477
gpqa,q3-8bi|l31-8bi,2,1,cons,kahn,fitted,102,95,95,0.9313725490196079,q3-8bi,initial_fit_accuracy,q3-8bi+l31-8bi--s70v0--ba725268,0.9179624149747386,0.47058823529411764,0.47058823529411764,0.0,0.26512662680098953,0.355263157894737,-0.09013653109374747,0.5069937992908582,0.5060116691479626,0.0009821301428956097,0.5571111111111111,0.5511111111111111,0.006000000000000005,0.3195723174604346,0.3777046783625731,-0.058132360902138525,0.9633765366524764,1.1155286080310398,-0.15215207137856346,0.32763279466824924,0.26244512214042515,0.06518767252782409,0.27911066356076736,0.1237084948282079,0.15540216873255946
gpqa,q3-8bi|l31-8bi,2,1,cons,blp,fitted,102,95,95,0.9313725490196079,q3-8bi,initial_fit_accuracy,q3-8bi+l31-8bi--s70v0--ba725268,1.0109814725294146,0.47058823529411764,0.47058823529411764,0.0,0.2890808592817475,0.355263157894737,-0.06618229861298952,0.505337962153415,0.5060116691479626,-0.0006737069945476071,0.5513333333333333,0.5511111111111111,0.00022222222222223476,0.33253860085203835,0.3777046783625731,-0.04516607751053475,2.1036092561224073,1.1155286080310398,0.9880806480913675,0.33185259465579925,0.26244512214042515,0.0694074725153741,0.28773062375028113,0.1237084948282079,0.16402212892207324
gpqa,q3-8bi|l31-8bi,2,1,cons,logistic_pool,fitted,102,95,95,0.9313725490196079,q3-8bi,initial_fit_accuracy,q3-8bi+l31-8bi--s70v0--ba725268,0.6624008810501689,0.47058823529411764,0.47058823529411764,0.0,0.22615509919380003,0.355263157894737,-0.12910805870093697,0.5065937977892887,0.5060116691479626,0.0005821286413261184,0.5553333333333333,0.5511111111111111,0.004222222222222238,0.2979764905733065,0.3777046783625731,-0.0797281877892666,0.8998290633171353,1.1155286080310398,-0.2156995447139045,0.33040152014078156,0.26244512214042515,0.06795639800035641,0.2926335611040019,0.1237084948282079,0.168925066275794
gpqa,q3-8bi|l31-8bi,2,1,cons,blp_equal,fitted,102,95,95,0.9313725490196079,q3-8bi,initial_fit_accuracy,q3-8bi+l31-8bi--s70v0--ba725268,0.976054986293776,0.47058823529411764,0.47058823529411764,0.0,0.21019846283319993,0.355263157894737,-0.14506469506153707,0.508344803592243,0.5060116691479626,0.0023331344442804047,0.5604444444444444,0.5511111111111111,0.009333333333333305,0.3011511992061725,0.3777046783625731,-0.0765534791564006,0.8521418854195306,1.1155286080310398,-0.2633867226115092,0.30315851628534957,0.26244512214042515,0.04071339414492442,0.21344123292390937,0.1237084948282079,0.08973273809570148
gpqa,q3-8bi|l31-8bi,2,1,cons,kahn_diagonal,fitted,102,95,95,0.9313725490196079,q3-8bi,initial_fit_accuracy,q3-8bi+l31-8bi--s70v0--ba725268,0.5496948415813154,0.47058823529411764,0.47058823529411764,0.0,0.21548611584572624,0.355263157894737,-0.13977704204901076,0.5059976496671252,0.5060116691479626,-1.4019480837346165e-05,0.5535555555555556,0.5511111111111111,0.0024444444444444713,0.2880458737864019,0.3777046783625731,-0.0896588045761712,0.8419793050422874,1.1155286080310398,-0.27354930298875246,0.33451191067860164,0.26244512214042515,0.0720667885381765,0.3052475439890476,0.1237084948282079,0.18153904916083968
gpqa,q3-8bi|l31-8bi,2,1,cons,reference_stream_target,fixed,102,95,95,0.9313725490196079,q3-8bi,initial_fit_accuracy,q3-8bi+l31-8bi--s70v0--ba725268,4.314864112629942,0.47058823529411764,0.47058823529411764,0.0,0.355263157894737,0.355263157894737,0.0,0.5060116691479626,0.5060116691479626,0.0,0.5511111111111111,0.5511111111111111,0.0,0.3777046783625731,0.3777046783625731,0.0,1.1155286080310398,1.1155286080310398,0.0,0.26244512214042515,0.26244512214042515,0.0,0.1237084948282079,0.1237084948282079,0.0
gpqa,q3-8bi|l31-8bi|g2-9i|phi4mii,4,1,cons,mean,fixed,102,88,88,0.8627450980392157,q3-8bi,initial_fit_accuracy,q3-8bi+l31-8bi+g2-9i+phi4mii--s70v0--436b9791,5.639940196387918,0.5,0.5,0.0,0.19673295454547726,0.3068181818181818,-0.11008522727270456,0.5977948321399794,0.5545800724880801,0.04321475965189936,0.578416149068323,0.5509834368530021,0.027432712215320842,0.2884693615845903,0.34595959595959597,-0.05749023437500567,0.8092929902924972,1.0230017330332528,-0.21370874274075558,0.2459989295600617,0.24773676746072903,-0.0017378379006673383,0.06788865083266234,0.010380745959110642,0.057507904873551695
gpqa,q3-8bi|l31-8bi|g2-9i|phi4mii,4,1,cons,logodds_sum,fixed,102,88,88,0.8627450980392157,q3-8bi,initial_fit_accuracy,q3-8bi+l31-8bi+g2-9i+phi4mii--s70v0--436b9791,19.999999999999847,0.5,0.5,0.0,0.3976268211086591,0.3068181818181818,0.09080863929047728,0.595467307969086,0.5545800724880801,0.040887235481005924,0.5745341614906833,0.5509834368530021,0.023550724637681153,0.39755426688297296,0.34595959595959597,0.051594670923376995,2.2822624467651433,1.0230017330332528,1.2592607137318905,0.24691621879598477,0.24773676746072903,-0.0008205486647442639,0.029561018160964448,0.010380745959110642,0.019180272201853806
gpqa,q3-8bi|l31-8bi|g2-9i|phi4mii,4,1,cons,logodds_mean,fixed,102,88,88,0.8627450980392157,q3-8bi,initial_fit_accuracy,q3-8bi+l31-8bi+g2-9i+phi4mii--s70v0--436b9791,7.3272655190524905,0.5,0.5,0.0,0.219542974330625,0.3068181818181818,-0.08727520748755682,0.595467307969086,0.5545800724880801,0.040887235481005924,0.5745341614906833,0.5509834368530021,0.023550724637681153,0.3001352419504967,0.34595959595959597,-0.04582435400909929,0.8467529477545555,1.0230017330332528,-0.17624878527869736,0.24671956604074144,0.24773676746072903,-0.0010172014199875956,0.013764212476604427,0.010380745959110642,0.0033834665174937856
gpqa,q3-8bi|l31-8bi|g2-9i|phi4mii,4,1,cons,shared_rho,fitted,102,88,88,0.8627450980392157,q3-8bi,initial_fit_accuracy,q3-8bi+l31-8bi+g2-9i+phi4mii--s70v0--436b9791,19.63203907403718,0.5,0.5,0.0,0.36849727837370455,0.3068181818181818,0.06167909655552273,0.595467307969086,0.5545800724880801,0.040887235481005924,0.5745341614906833,0.5509834368530021,0.023550724637681153,0.3768584517875976,0.34595959595959597,0.030898855828001615,1.5988087554166037,1.0230017330332528,0.5758070223833509,0.2467195660857941,0.24773676746072903,-0.0010172013749349396,0.01376421513109743,0.010380745959110642,0.0033834691719867877
gpqa,q3-8bi|l31-8bi|g2-9i|phi4mii,4,1,cons,shared_scale,fitted,102,88,88,0.8627450980392157,q3-8bi,initial_fit_accuracy,q3-8bi+l31-8bi+g2-9i+phi4mii--s70v0--436b9791,1.0000000991883042,0.5,0.5,0.0,0.013764210958329536,0.3068181818181818,-0.2930539708598523,0.595467307969086,0.5545800724880801,0.040887235481005924,0.5745341614906833,0.5509834368530021,0.023550724637681153,0.24671956601491285,0.34595959595959597,-0.09924002994468312,0.6865460546501804,1.0230017330332528,-0.33645567838307244,0.2467195660866948,0.24773676746072903,-0.0010172013740342434,0.01376421518416681,0.010380745959110642,0.003383469225056168
gpqa,q3-8bi|l31-8bi|g2-9i|phi4mii,4,1,cons,kahn,fitted,102,88,88,0.8627450980392157,q3-8bi,initial_fit_accuracy,q3-8bi+l31-8bi+g2-9i+phi4mii--s70v0--436b9791,1.097972726728009,0.5,0.5,0.0,0.03919898344992044,0.3068181818181818,-0.26761919836826137,0.5992539338944073,0.5545800724880801,0.04467386140632723,0.6125776397515528,0.5509834368530021,0.061594202898550665,0.23964532398301772,0.34595959595959597,-0.10631427197657825,0.6719610982395978,1.0230017330332528,-0.351040634793655,0.23954420041810362,0.24773676746072903,-0.008192567042625415,0.04274796061177878,0.010380745959110642,0.03236721465266814
gpqa,q3-8bi|l31-8bi|g2-9i|phi4mii,4,1,cons,blp,fitted,102,88,88,0.8627450980392157,q3-8bi,initial_fit_accuracy,q3-8bi+l31-8bi+g2-9i+phi4mii--s70v0--436b9791,1.003522981463106,0.5,0.5,0.0,0.04247171320084092,0.3068181818181818,-0.2643464686173409,0.6147120369223509,0.5545800724880801,0.060131964434270824,0.6213768115942029,0.5509834368530021,0.07039337474120078,0.2395040316660362,0.34595959595959597,-0.10645556429355976,0.6718521224102157,1.0230017330332528,-0.35114961062303707,0.23951397349536052,0.24773676746072903,-0.008222793965368513,0.04267758606346724,0.010380745959110642,0.0322968401043566
gpqa,q3-8bi|l31-8bi|g2-9i|phi4mii,4,1,cons,logistic_pool,fitted,102,88,88,0.8627450980392157,q3-8bi,initial_fit_accuracy,q3-8bi+l31-8bi+g2-9i+phi4mii--s70v0--436b9791,0.9255778034794755,0.5,0.5,0.0,0.06892176805745454,0.3068181818181818,-0.2378964137607273,0.6020180221396507,0.5545800724880801,0.047437949651570666,0.6136128364389234,0.5509834368530021,0.06262939958592129,0.23976852640947166,0.34595959595959597,-0.1061910695501243,0.6723702360158519,1.0230017330332528,-0.35063149701740093,0.23982756216417955,0.24773676746072903,-0.007909205296549482,0.049658309738844504,0.010380745959110642,0.03927756377973386
gpqa,q3-8bi|l31-8bi|g2-9i|phi4mii,4,1,cons,blp_equal,fitted,102,88,88,0.8627450980392157,q3-8bi,initial_fit_accuracy,q3-8bi+l31-8bi+g2-9i+phi4mii--s70v0--436b9791,0.9843813451816891,0.5,0.5,0.0,0.05867969713345456,0.3068181818181818,-0.24813848468472727,0.5977948321399794,0.5545800724880801,0.04321475965189936,0.578416149068323,0.5509834368530021,0.027432712215320842,0.24515232971819423,0.34595959595959597,-0.10080726624140174,0.6833257107404141,1.0230017330332528,-0.33967602229283866,0.2451540187061486,0.24773676746072903,-0.0025827487545804217,0.059008319284918447,0.010380745959110642,0.048627573325807805
gpqa,q3-8bi|l31-8bi|g2-9i|phi4mii,4,1,cons,kahn_diagonal,fitted,102,88,88,0.8627450980392157,q3-8bi,initial_fit_accuracy,q3-8bi+l31-8bi+g2-9i+phi4mii--s70v0--436b9791,1.1990955763481628,0.5,0.5,0.0,0.031619141309250004,0.3068181818181818,-0.27519904050893185,0.6064556658349414,0.5545800724880801,0.051875593346861315,0.6218944099378882,0.5509834368530021,0.07091097308488614,0.23977567984234688,0.34595959595959597,-0.10618391611724909,0.672312874704618,1.0230017330332528,-0.35068885832863483,0.2395185112516989,0.24773676746072903,-0.008218256209030134,0.05352052682018331,0.010380745959110642,0.04313978086107267
gpqa,q3-8bi|l31-8bi|g2-9i|phi4mii,4,1,cons,reference_stream_target,fixed,102,88,88,0.8627450980392157,q3-8bi,initial_fit_accuracy,q3-8bi+l31-8bi+g2-9i+phi4mii--s70v0--436b9791,11.00082810587464,0.5,0.5,0.0,0.3068181818181818,0.3068181818181818,0.0,0.5545800724880801,0.5545800724880801,0.0,0.5509834368530021,0.5509834368530021,0.0,0.34595959595959597,0.34595959595959597,0.0,1.0230017330332528,1.0230017330332528,0.0,0.24773676746072903,0.24773676746072903,0.0,0.010380745959110642,0.010380745959110642,0.0
gpqa,q3-8bi|l31-8bi|g3-12i|phi4mii,4,1,cons,mean,fixed,102,93,93,0.9117647058823529,q3-8bi,initial_fit_accuracy,q3-8bi+l31-8bi+g3-12i+phi4mii--s70v0--d4eb66c3,2.462672370021547,0.4411764705882353,0.4411764705882353,0.0,0.2598566308243656,0.35573476702508977,-0.09587813620072416,0.5185429230961387,0.4860417685881529,0.0325011545079858,0.6122641509433963,0.6056603773584905,0.006603773584905714,0.30539463859018867,0.3581989247311828,-0.05280428614099414,0.8498162744703966,1.0705418942384346,-0.22072561976803795,0.2596839826933128,0.2550629968177858,0.004620985875526951,0.1617808812016949,0.15346380935668122,0.00831707184501368
gpqa,q3-8bi|l31-8bi|g3-12i|phi4mii,4,1,cons,logodds_sum,fixed,102,93,93,0.9117647058823529,q3-8bi,initial_fit_accuracy,q3-8bi+l31-8bi+g3-12i+phi4mii--s70v0--d4eb66c3,10.75974001336231,0.4411764705882353,0.4411764705882353,0.0,0.4362869888122473,0.35573476702508977,0.08055222178715754,0.5226747569766594,0.4860417685881529,0.03663298838850654,0.6158018867924528,0.6056603773584905,0.010141509433962304,0.4319350499234846,0.3581989247311828,0.07373612519230177,2.4016786404421593,1.0705418942384346,1.3311367462037247,0.25982612196732724,0.2550629968177858,0.004763125149541414,0.1640872262689079,0.15346380935668122,0.01062341691222668
gpqa,q3-8bi|l31-8bi|g3-12i|phi4mii,4,1,cons,logodds_mean,fixed,102,93,93,0.9117647058823529,q3-8bi,initial_fit_accuracy,q3-8bi+l31-8bi+g3-12i+phi4mii--s70v0--d4eb66c3,2.6899349830226953,0.4411764705882353,0.4411764705882353,0.0,0.29194510417951614,0.35573476702508977,-0.06378966284557364,0.5226747569766594,0.4860417685881529,0.03663298838850654,0.6158018867924528,0.6056603773584905,0.010141509433962304,0.31637863534173793,0.3581989247311828,-0.041820289389444876,0.882630996487575,1.0705418942384346,-0.18791089775085956,0.25982612215318884,0.2550629968177858,0.004763125335403018,0.16408722692679054,0.15346380935668122,0.010623417570109317
gpqa,q3-8bi|l31-8bi|g3-12i|phi4mii,4,1,cons,shared_rho,fitted,102,93,93,0.9117647058823529,q3-8bi,initial_fit_accuracy,q3-8bi+l31-8bi+g3-12i+phi4mii--s70v0--d4eb66c3,5.626345860799604,0.4411764705882353,0.4411764705882353,0.0,0.3929995662448709,0.35573476702508977,0.03726479921978115,0.5226747569766594,0.4860417685881529,0.03663298838850654,0.6158018867924528,0.6056603773584905,0.010141509433962304,0.3869857597934045,0.3581989247311828,0.028786835062221683,1.375707010535459,1.0705418942384346,0.30516511629702436,0.2598261217785883,0.2550629968177858,0.004763124960802501,0.16408722560084116,0.15346380935668122,0.010623416244159939
gpqa,q3-8bi|l31-8bi|g3-12i|phi4mii,4,1,cons,shared_scale,fitted,102,93,93,0.9117647058823529,q3-8bi,initial_fit_accuracy,q3-8bi+l31-8bi+g3-12i+phi4mii--s70v0--d4eb66c3,1.0000000361234687,0.4411764705882353,0.4411764705882353,0.0,0.16408723030260217,0.35573476702508977,-0.1916475367224876,0.5226747569766594,0.4860417685881529,0.03663298838850654,0.6158018867924528,0.6056603773584905,0.010141509433962304,0.25982612310687503,0.3581989247311828,-0.09837280162430778,0.7139980780717988,1.0705418942384346,-0.3565438161666358,0.25982612221804163,0.2550629968177858,0.004763125400255808,0.16408722715634555,0.15346380935668122,0.01062341779966433
gpqa,q3-8bi|l31-8bi|g3-12i|phi4mii,4,1,cons,kahn,fitted,102,93,93,0.9117647058823529,q3-8bi,initial_fit_accuracy,q3-8bi+l31-8bi+g3-12i+phi4mii--s70v0--d4eb66c3,0.9392495475551093,0.4411764705882353,0.4411764705882353,0.0,0.1332781939477204,0.35573476702508977,-0.22245657307736938,0.549884932086145,0.4860417685881529,0.06384316349799207,0.6639150943396226,0.6056603773584905,0.05825471698113205,0.23468912895049013,0.3581989247311828,-0.12350979578069268,0.6595463039012788,1.0705418942384346,-0.4109955903371558,0.23601270437321725,0.2550629968177858,-0.019050292444568573,0.12848854833496487,0.15346380935668122,-0.02497526102171635
gpqa,q3-8bi|l31-8bi|g3-12i|phi4mii,4,1,cons,blp,fitted,102,93,93,0.9117647058823529,q3-8bi,initial_fit_accuracy,q3-8bi+l31-8bi+g3-12i+phi4mii--s70v0--d4eb66c3,1.0191871258735155,0.4411764705882353,0.4411764705882353,0.0,0.140424855869742,0.35573476702508977,-0.21530991115534778,0.5365478762528634,0.4860417685881529,0.050506107664710476,0.6587264150943396,0.6056603773584905,0.05306603773584906,0.23968977299438177,0.3581989247311828,-0.11850915173680104,0.6719661106524348,1.0705418942384346,-0.39857578358599977,0.2391997077973258,0.2550629968177858,-0.015863289020460025,0.13886306160394737,0.15346380935668122,-0.014600747752733845
gpqa,q3-8bi|l31-8bi|g3-12i|phi4mii,4,1,cons,logistic_pool,fitted,102,93,93,0.9117647058823529,q3-8bi,initial_fit_accuracy,q3-8bi+l31-8bi+g3-12i+phi4mii--s70v0--d4eb66c3,0.8701755779861251,0.4411764705882353,0.4411764705882353,0.0,0.10321080068695698,0.35573476702508977,-0.2525239663381328,0.5426883741770829,0.4860417685881529,0.05664660558893003,0.6563679245283018,0.6056603773584905,0.050707547169811296,0.23240378930071207,0.3581989247311828,-0.12579513543047074,0.6538913372700487,1.0705418942384346,-0.41665055696838593,0.23493974432074552,0.2550629968177858,-0.020123252497040306,0.10956599086641816,0.15346380935668122,-0.04389781849026306
gpqa,q3-8bi|l31-8bi|g3-12i|phi4mii,4,1,cons,blp_equal,fitted,102,93,93,0.9117647058823529,q3-8bi,initial_fit_accuracy,q3-8bi+l31-8bi+g3-12i+phi4mii--s70v0--d4eb66c3,1.0242975595275223,0.4411764705882353,0.4411764705882353,0.0,0.14262571688036557,0.35573476702508977,-0.2131090501447242,0.5185429230961387,0.4860417685881529,0.0325011545079858,0.6122641509433963,0.6056603773584905,0.006603773584905714,0.24793297340118242,0.3581989247311828,-0.11026595133000039,0.6890681723780948,1.0705418942384346,-0.3814737218603398,0.2475755156086027,0.2550629968177858,-0.007487481209183133,0.1410335297846385,0.15346380935668122,-0.012430279572042707
gpqa,q3-8bi|l31-8bi|g3-12i|phi4mii,4,1,cons,kahn_diagonal,fitted,102,93,93,0.9117647058823529,q3-8bi,initial_fit_accuracy,q3-8bi+l31-8bi+g3-12i+phi4mii--s70v0--d4eb66c3,1.2933540972843165,0.4411764705882353,0.4411764705882353,0.0,0.1369034884832903,0.35573476702508977,-0.21883127854179948,0.5561320710515979,0.4860417685881529,0.070090302463445,0.6818396226415094,0.6056603773584905,0.07617924528301889,0.24347128639687726,0.3581989247311828,-0.11472763833430555,0.6851717228615406,1.0705418942384346,-0.385370171376894,0.23619139114226997,0.2550629968177858,-0.01887160567551585,0.15820071729115032,0.15346380935668122,0.004736907934469098
gpqa,q3-8bi|l31-8bi|g3-12i|phi4mii,4,1,cons,reference_stream_target,fixed,102,93,93,0.9117647058823529,q3-8bi,initial_fit_accuracy,q3-8bi+l31-8bi+g3-12i+phi4mii--s70v0--d4eb66c3,4.538076666988367,0.4411764705882353,0.4411764705882353,0.0,0.35573476702508977,0.35573476702508977,0.0,0.4860417685881529,0.4860417685881529,0.0,0.6056603773584905,0.6056603773584905,0.0,0.3581989247311828,0.3581989247311828,0.0,1.0705418942384346,1.0705418942384346,0.0,0.2550629968177858,0.2550629968177858,0.0,0.15346380935668122,0.15346380935668122,0.0
gsm8k,g2-9i|g3-12i,2,1,cons,mean,fixed,911,911,911,1.0,g3-12i,initial_fit_accuracy,g2-9i+g3-12i--s70v0--a0af5f6b,0.6536498211415919,0.9275521405049396,0.9275521405049396,0.0,0.06802963776039614,0.05552506403219928,0.012504573728196862,0.9781282522720859,0.9605538338674812,0.01757441840460472,0.8534875381029228,0.737591895284203,0.11589564281871978,0.05139567325279636,0.05475515306744725,-0.003359479814650887,0.20602376347381815,0.21914595301900489,-0.013122189545186735,0.048593188564936204,0.05395485119009688,-0.005361662625160676,0.010773415718306499,0.018642561479967474,-0.007869145761660975
gsm8k,g2-9i|g3-12i,2,1,cons,logodds_sum,fixed,911,911,911,1.0,g3-12i,initial_fit_accuracy,g2-9i+g3-12i--s70v0--a0af5f6b,1.342809123397834,0.9275521405049396,0.9275521405049396,0.0,0.035662399207758565,0.05552506403219928,-0.019862664824440712,0.9781404359214086,0.9605538338674812,0.01758660205392748,0.8536668459745382,0.737591895284203,0.11607495069033524,0.05103997730994272,0.05475515306744725,-0.0037151757575045324,0.19491005519448262,0.21914595301900489,-0.024235897824522262,0.04914671275310809,0.05395485119009688,-0.004808138436988789,0.013848256417458578,0.018642561479967474,-0.004794305062508896
gsm8k,g2-9i|g3-12i,2,1,cons,logodds_mean,fixed,911,911,911,1.0,g3-12i,initial_fit_accuracy,g2-9i+g3-12i--s70v0--a0af5f6b,0.6714045616208419,0.9275521405049396,0.9275521405049396,0.0,0.07055437352943894,0.05552506403219928,0.015029309497239664,0.9781404359214086,0.9605538338674812,0.01758660205392748,0.8536668459745382,0.737591895284203,0.11607495069033524,0.05118094151333362,0.05475515306744725,-0.0035742115541136307,0.2056270215747015,0.21914595301900489,-0.013518931444303384,0.04914671275357884,0.05395485119009688,-0.0048081384365180405,0.013848256409532645,0.018642561479967474,-0.0047943050704348286
gsm8k,g2-9i|g3-12i,2,1,cons,shared_rho,fitted,911,911,911,1.0,g3-12i,initial_fit_accuracy,g2-9i+g3-12i--s70v0--a0af5f6b,1.2504814136744304,0.9275521405049396,0.9275521405049396,0.0,0.031419035301649835,0.05552506403219928,-0.024106028730549442,0.9781404359214086,0.9605538338674812,0.01758660205392748,0.8536668459745382,0.737591895284203,0.11607495069033524,0.05050511034285327,0.05475515306744725,-0.004250042724593978,0.18886840871146254,0.21914595301900489,-0.030277544307542342,0.049146712606897215,0.05395485119009688,-0.004808138583199666,0.01384825887906918,0.018642561479967474,-0.004794302600898293
gsm8k,g2-9i|g3-12i,2,1,cons,shared_scale,fitted,911,911,911,1.0,g3-12i,initial_fit_accuracy,g2-9i+g3-12i--s70v0--a0af5f6b,1.0000000220846885,0.9275521405049396,0.9275521405049396,0.0,0.013848256420903359,0.05552506403219928,-0.04167680761129592,0.9781404359214086,0.9605538338674812,0.01758660205392748,0.8536668459745382,0.737591895284203,0.11607495069033524,0.049146712752894915,0.05475515306744725,-0.005608440314552335,0.18034030962272618,0.21914595301900489,-0.038805643396278705,0.04914671266349381,0.05395485119009688,-0.00480813852660307,0.01384825792620705,0.018642561479967474,-0.004794303553760424
gsm8k,g2-9i|g3-12i,2,1,cons,kahn,fitted,911,911,911,1.0,g3-12i,initial_fit_accuracy,g2-9i+g3-12i--s70v0--a0af5f6b,2.1412103250162002,0.9275521405049396,0.9275521405049396,0.0,0.05864249593657592,0.05552506403219928,0.00311743190437664,0.9782333670921832,0.9605538338674812,0.01767953322470206,0.8548861395015241,0.737591895284203,0.11729424421732115,0.061429685381434555,0.05475515306744725,0.006674532313987305,0.3346948783893876,0.21914595301900489,0.11554892537038272,0.05520059883323693,0.05395485119009688,0.0012457476431400466,0.039070822674085945,0.018642561479967474,0.02042826119411847
gsm8k,g2-9i|g3-12i,2,1,cons,blp,fitted,911,911,911,1.0,g3-12i,initial_fit_accuracy,g2-9i+g3-12i--s70v0--a0af5f6b,0.9989884704574474,0.9275521405049396,0.9275521405049396,0.0,0.019915138714276474,0.05552506403219928,-0.0356099253179228,0.9782439632545303,0.9605538338674812,0.01769012938704917,0.8550475165859781,0.737591895284203,0.11745562130177511,0.04894972785969975,0.05475515306744725,-0.005805425207747503,0.17786114780390996,0.21914595301900489,-0.04128480521509492,0.04895515016507324,0.05395485119009688,-0.004999701025023638,0.01986021596509557,0.018642561479967474,0.001217654485128096
gsm8k,g2-9i|g3-12i,2,1,cons,logistic_pool,fitted,911,911,911,1.0,g3-12i,initial_fit_accuracy,g2-9i+g3-12i--s70v0--a0af5f6b,0.9907239415915757,0.9275521405049396,0.9275521405049396,0.0,0.021621440555694788,0.05552506403219928,-0.03390362347650449,0.9782334039785281,0.9605538338674812,0.017679570111046927,0.8549040702886856,0.737591895284203,0.11731217500448266,0.049571637612314465,0.05475515306744725,-0.005183515455132785,0.18226462888823555,0.21914595301900489,-0.03688132413076933,0.04962438339131744,0.05395485119009688,-0.004330467798779443,0.021391668733119984,0.018642561479967474,0.00274910725315251
gsm8k,g2-9i|g3-12i,2,1,cons,blp_equal,fitted,911,911,911,1.0,g3-12i,initial_fit_accuracy,g2-9i+g3-12i--s70v0--a0af5f6b,0.9975582512998797,0.9275521405049396,0.9275521405049396,0.0,0.0129284698263151,0.05552506403219928,-0.04259659420588418,0.9781282522720859,0.9605538338674812,0.01757441840460472,0.8534875381029228,0.737591895284203,0.11589564281871978,0.04851112794971063,0.05475515306744725,-0.006244025117736619,0.1767982946086807,0.21914595301900489,-0.042347658410324174,0.04851576816577055,0.05395485119009688,-0.00543908302432633,0.013095910210978518,0.018642561479967474,-0.005546651268988956
gsm8k,g2-9i|g3-12i,2,1,cons,kahn_diagonal,fitted,911,911,911,1.0,g3-12i,initial_fit_accuracy,g2-9i+g3-12i--s70v0--a0af5f6b,2.2320822846312516,0.9275521405049396,0.9275521405049396,0.0,0.05896603211540074,0.05552506403219928,0.003440968083201462,0.9782429523542753,0.9605538338674812,0.01768911848679411,0.855011655011655,0.737591895284203,0.117419759727452,0.061441534046116845,0.05475515306744725,0.0066863809786695955,0.3468231831933574,0.21914595301900489,0.12767723017435254,0.05526327982564752,0.05395485119009688,0.0013084286355506403,0.039331229577295956,0.018642561479967474,0.020688668097328482
gsm8k,g2-9i|g3-12i,2,1,cons,reference_stream_target,fixed,911,911,911,1.0,g3-12i,initial_fit_accuracy,g2-9i+g3-12i--s70v0--a0af5f6b,0.7530492098985058,0.9275521405049396,0.9275521405049396,0.0,0.05552506403219928,0.05552506403219928,0.0,0.9605538338674812,0.9605538338674812,0.0,0.737591895284203,0.737591895284203,0.0,0.05475515306744725,0.05475515306744725,0.0,0.21914595301900489,0.21914595301900489,0.0,0.05395485119009688,0.05395485119009688,0.0,0.018642561479967474,0.018642561479967474,0.0
gsm8k,g2-9i|g3-12i|phi4mii,3,1,cons,mean,fixed,911,910,910,0.9989023051591658,g3-12i,initial_fit_accuracy,g2-9i+g3-12i+phi4mii--s70v0--e21fc54f,0.6541190557350381,0.9385290889132821,0.9385290889132821,0.0,0.06606227106200324,0.05952380952380984,0.006538461538193402,0.9826560674964108,0.9650926483161586,0.01756341918025217,0.858628389154705,0.7190430622009569,0.13958532695374803,0.04556305114635238,0.04955738705738705,-0.003994335911034666,0.19107890710864625,0.20584858807408787,-0.014769680965441623,0.04177392185393244,0.048093304326982785,-0.006319382473050347,0.019199629105637318,0.015393587972426516,0.0038060411332108014
gsm8k,g2-9i|g3-12i|phi4mii,3,1,cons,logodds_sum,fixed,911,910,910,0.9989023051591658,g3-12i,initial_fit_accuracy,g2-9i+g3-12i+phi4mii--s70v0--e21fc54f,2.0107985543636477,0.9385290889132821,0.9385290889132821,0.0,0.040841512829773025,0.05952380952380984,-0.018682296694036815,0.9826800963561582,0.9650926483161586,0.017587448039999565,0.8590111642743221,0.7190430622009569,0.13996810207336519,0.0467434567519436,0.04955738705738705,-0.0028139303054434475,0.21739851781416827,0.20584858807408787,0.0115499297400804,0.04235879864540601,0.048093304326982785,-0.005734505681576775,0.013429967570819051,0.015393587972426516,-0.0019636204016074653
gsm8k,g2-9i|g3-12i|phi4mii,3,1,cons,logodds_mean,fixed,911,910,910,0.9989023051591658,g3-12i,initial_fit_accuracy,g2-9i+g3-12i+phi4mii--s70v0--e21fc54f,0.6702661851915379,0.9385290889132821,0.9385290889132821,0.0,0.06330794039207467,0.05952380952380984,0.0037841308682648317,0.9826800963561582,0.9650926483161586,0.017587448039999565,0.8590111642743221,0.7190430622009569,0.13996810207336519,0.045225048543267025,0.04955738705738705,-0.004332338514120022,0.19003236741341786,0.20584858807408787,-0.01581622066067001,0.04235879864385389,0.048093304326982785,-0.005734505683128895,0.013429967615700717,0.015393587972426516,-0.001963620356725799
gsm8k,g2-9i|g3-12i|phi4mii,3,1,cons,shared_rho,fitted,911,910,910,0.9989023051591658,g3-12i,initial_fit_accuracy,g2-9i+g3-12i+phi4mii--s70v0--e21fc54f,1.1745996205346658,0.9385290889132821,0.9385290889132821,0.0,0.019577867674217653,0.05952380952380984,-0.03994594184959219,0.9826800963561582,0.9650926483161586,0.017587448039999565,0.8590111642743221,0.7190430622009569,0.13996810207336519,0.04306843095588827,0.04955738705738705,-0.006488956101498779,0.15972421626464717,0.20584858807408787,-0.046124371809440706,0.04235879863959048,0.048093304326982785,-0.005734505687392304,0.013429967738978615,0.015393587972426516,-0.001963620233447901
gsm8k,g2-9i|g3-12i|phi4mii,3,1,cons,shared_scale,fitted,911,910,910,0.9989023051591658,g3-12i,initial_fit_accuracy,g2-9i+g3-12i+phi4mii--s70v0--e21fc54f,1.0000000035414442,0.9385290889132821,0.9385290889132821,0.0,0.013429965990596824,0.05952380952380984,-0.04609384353321302,0.9826800963561582,0.9650926483161586,0.017587448039999565,0.8590111642743221,0.7190430622009569,0.13996810207336519,0.042358798700078526,0.04955738705738705,-0.007198588357308522,0.15833488040294852,0.20584858807408787,-0.047513707671139355,0.04235879869094169,0.048093304326982785,-0.005734505636041096,0.013429966254136163,0.015393587972426516,-0.001963621718290353
gsm8k,g2-9i|g3-12i|phi4mii,3,1,cons,kahn,fitted,911,910,910,0.9989023051591658,g3-12i,initial_fit_accuracy,g2-9i+g3-12i+phi4mii--s70v0--e21fc54f,2.213374108034367,0.9385290889132821,0.9385290889132821,0.0,0.054875070824090655,0.05952380952380984,-0.004648738699719185,0.9826084293476794,0.9650926483161586,0.01751578103152085,0.8578096757044126,0.7190430622009569,0.13876661350345565,0.05617380370143956,0.04955738705738705,0.006616416644052513,0.34679758912393344,0.20584858807408787,0.14094900104984556,0.050706159159578545,0.048093304326982785,0.002612854832595761,0.041534210271919066,0.015393587972426516,0.02614062229949255
gsm8k,g2-9i|g3-12i|phi4mii,3,1,cons,blp,fitted,911,910,910,0.9989023051591658,g3-12i,initial_fit_accuracy,g2-9i+g3-12i+phi4mii--s70v0--e21fc54f,1.0033437506053555,0.9385290889132821,0.9385290889132821,0.0,0.022578472172672677,0.05952380952380984,-0.03694533735113716,0.9826764808943244,0.9650926483161586,0.01758383257816576,0.858936735778841,0.7190430622009569,0.13989367357788407,0.044043320994789706,0.04955738705738705,-0.005514066062597342,0.16282648269989364,0.20584858807408787,-0.043022105374194236,0.04402721658066401,0.048093304326982785,-0.004066087746318774,0.022797677515098893,0.015393587972426516,0.007404089542672377
gsm8k,g2-9i|g3-12i|phi4mii,3,1,cons,logistic_pool,fitted,911,910,910,0.9989023051591658,g3-12i,initial_fit_accuracy,g2-9i+g3-12i+phi4mii--s70v0--e21fc54f,0.9943049286696557,0.9385290889132821,0.9385290889132821,0.0,0.02561123722339799,0.05952380952380984,-0.03391257230041185,0.9826586651815937,0.9650926483161586,0.01756601686543513,0.8586177565124934,0.7190430622009569,0.13957469431153646,0.0446723536538498,0.04955738705738705,-0.004885033403537249,0.16717065355504596,0.20584858807408787,-0.03867793451904192,0.04470054571005886,0.048093304326982785,-0.0033927586169239243,0.020096576963050648,0.015393587972426516,0.004702988990624131
gsm8k,g2-9i|g3-12i|phi4mii,3,1,cons,blp_equal,fitted,911,910,910,0.9989023051591658,g3-12i,initial_fit_accuracy,g2-9i+g3-12i+phi4mii--s70v0--e21fc54f,0.9975605802262605,0.9385290889132821,0.9385290889132821,0.0,0.020695411073126124,0.05952380952380984,-0.03882839845068371,0.9826560674964108,0.9650926483161586,0.01756341918025217,0.858628389154705,0.7190430622009569,0.13958532695374803,0.04166306649783721,0.04955738705738705,-0.00789432055954984,0.15503011376415268,0.20584858807408787,-0.05081847430993519,0.04166414898171926,0.048093304326982785,-0.006429155345263525,0.02052229354322982,0.015393587972426516,0.005128705570803303
gsm8k,g2-9i|g3-12i|phi4mii,3,1,cons,kahn_diagonal,fitted,911,910,910,0.9989023051591658,g3-12i,initial_fit_accuracy,g2-9i+g3-12i+phi4mii--s70v0--e21fc54f,3.0457078588641444,0.9385290889132821,0.9385290889132821,0.0,0.06230677552080444,0.05952380952380984,0.0027829659969946033,0.9827089565864818,0.9650926483161586,0.017616308270323233,0.8594471026049973,0.7190430622009569,0.14040404040404042,0.06178050016435361,0.04955738705738705,0.012223113106966561,0.4459985091171236,0.20584858807408787,0.2401499210430357,0.053711571533895094,0.048093304326982785,0.00561826720691231,0.049446423928958066,0.015393587972426516,0.03405283595653155
gsm8k,g2-9i|g3-12i|phi4mii,3,1,cons,reference_stream_target,fixed,911,910,910,0.9989023051591658,g3-12i,initial_fit_accuracy,g2-9i+g3-12i+phi4mii--s70v0--e21fc54f,0.7268914078570775,0.9385290889132821,0.9385290889132821,0.0,0.05952380952380984,0.05952380952380984,0.0,0.9650926483161586,0.9650926483161586,0.0,0.7190430622009569,0.7190430622009569,0.0,0.04955738705738705,0.04955738705738705,0.0,0.20584858807408787,0.20584858807408787,0.0,0.048093304326982785,0.048093304326982785,0.0,0.015393587972426516,0.015393587972426516,0.0
gsm8k,g2-9i|phi4mii,2,1,cons,mean,fixed,911,911,911,1.0,phi4mii,initial_fit_accuracy,g2-9i+phi4mii--s70v0--fc2f61b0,0.7157815334234781,0.9121844127332601,0.9121844127332601,0.0,0.06151664837146747,0.055708013172338276,0.005808635199129192,0.9686875963250076,0.9608923103557645,0.00779528596924306,0.8361386883273165,0.7911853188929001,0.04495336943441641,0.05352977497252662,0.05792627149652396,-0.004396496523997345,0.2136038588493344,0.22632542427242508,-0.012721565423090692,0.050949685870983585,0.05691473483946783,-0.005965048968484245,0.018175647422809724,0.030449754279227397,-0.012274106856417673
gsm8k,g2-9i|phi4mii,2,1,cons,logodds_sum,fixed,911,911,911,1.0,phi4mii,initial_fit_accuracy,g2-9i+phi4mii--s70v0--fc2f61b0,1.472020887782064,0.9121844127332601,0.9121844127332601,0.0,0.03641412883115826,0.055708013172338276,-0.01929388434118002,0.9687187586671538,0.9608923103557645,0.007826448311389345,0.8364996991576414,0.7911853188929001,0.04531438026474133,0.053242676084296614,0.05792627149652396,-0.004683595412227348,0.21264097999767442,0.22632542427242508,-0.013684444274750657,0.05109980273813423,0.05691473483946783,-0.005814932101333603,0.02268793144453853,0.030449754279227397,-0.007761822834688868
gsm8k,g2-9i|phi4mii,2,1,cons,logodds_mean,fixed,911,911,911,1.0,phi4mii,initial_fit_accuracy,g2-9i+phi4mii--s70v0--fc2f61b0,0.7360104444786568,0.9121844127332601,0.9121844127332601,0.0,0.06101941865047296,0.055708013172338276,0.005311405478134683,0.9687187586671538,0.9608923103557645,0.007826448311389345,0.8364996991576414,0.7911853188929001,0.04531438026474133,0.05315613950447953,0.05792627149652396,-0.00477013199204443,0.21263579087384882,0.22632542427242508,-0.013689633398576262,0.05109980273701241,0.05691473483946783,-0.005814932102455421,0.022687931518292327,0.030449754279227397,-0.00776182276093507
gsm8k,g2-9i|phi4mii,2,1,cons,shared_rho,fitted,911,911,911,1.0,phi4mii,initial_fit_accuracy,g2-9i+phi4mii--s70v0--fc2f61b0,1.21915156884532,0.9121844127332601,0.9121844127332601,0.0,0.025285841286100036,0.055708013172338276,-0.03042217188623824,0.9687187586671538,0.9608923103557645,0.007826448311389345,0.8364996991576414,0.7911853188929001,0.04531438026474133,0.051926372326883026,0.05792627149652396,-0.005999899169640936,0.19642854013341074,0.22632542427242508,-0.02989688413901434,0.05109980274206943,0.05691473483946783,-0.005814932097398397,0.022687931185818248,0.030449754279227397,-0.0077618230934091495
gsm8k,g2-9i|phi4mii,2,1,cons,shared_scale,fitted,911,911,911,1.0,phi4mii,initial_fit_accuracy,g2-9i+phi4mii--s70v0--fc2f61b0,1.0000000011804815,0.9121844127332601,0.9121844127332601,0.0,0.022687929192561077,0.055708013172338276,-0.033020083979777196,0.9687187586671538,0.9608923103557645,0.007826448311389345,0.8364996991576414,0.7911853188929001,0.04531438026474133,0.051099802772388556,0.05792627149652396,-0.006826468724135407,0.19243797162904425,0.22632542427242508,-0.03388745264338083,0.0510998027707309,0.05691473483946783,-0.005814932068736928,0.022687929301464245,0.030449754279227397,-0.007761824977763152
gsm8k,g2-9i|phi4mii,2,1,cons,kahn,fitted,911,911,911,1.0,phi4mii,initial_fit_accuracy,g2-9i+phi4mii--s70v0--fc2f61b0,2.200254786043059,0.9121844127332601,0.9121844127332601,0.0,0.057127068524640064,0.055708013172338276,0.0014190553523017874,0.9686839041139444,0.9608923103557645,0.007791593758179949,0.836101083032491,0.7911853188929001,0.044915764139590864,0.060777067995143735,0.05792627149652396,0.002850796498619773,0.3606668159622051,0.22632542427242508,0.13434139168978004,0.05638787986466466,0.05691473483946783,-0.000526854974803169,0.03709560501802966,0.030449754279227397,0.006645850738802261
gsm8k,g2-9i|phi4mii,2,1,cons,blp,fitted,911,911,911,1.0,phi4mii,initial_fit_accuracy,g2-9i+phi4mii--s70v0--fc2f61b0,1.011911135478075,0.9121844127332601,0.9121844127332601,0.0,0.018492002857322835,0.055708013172338276,-0.03721601031501544,0.9687108240934919,0.9608923103557645,0.00781851373772735,0.836401925391095,0.7911853188929001,0.04521660649819492,0.05201599163281324,0.05792627149652396,-0.005910279863710725,0.19820803004367732,0.22632542427242508,-0.02811739422874776,0.05198927535056374,0.05691473483946783,-0.004925459488904091,0.019399952529431504,0.030449754279227397,-0.011049801749795893
gsm8k,g2-9i|phi4mii,2,1,cons,logistic_pool,fitted,911,911,911,1.0,phi4mii,initial_fit_accuracy,g2-9i+phi4mii--s70v0--fc2f61b0,0.9894985014657686,0.9121844127332601,0.9121844127332601,0.0,0.02389020606280699,0.055708013172338276,-0.03181780710953129,0.9686839041139444,0.9608923103557645,0.007791593758179949,0.836101083032491,0.7911853188929001,0.044915764139590864,0.05165741172779077,0.05792627149652396,-0.00626885976873319,0.19820133876763682,0.22632542427242508,-0.02812408550478826,0.05167920229516072,0.05691473483946783,-0.005235532544307107,0.022940149607099922,0.030449754279227397,-0.007509604672127475
gsm8k,g2-9i|phi4mii,2,1,cons,blp_equal,fitted,911,911,911,1.0,phi4mii,initial_fit_accuracy,g2-9i+phi4mii--s70v0--fc2f61b0,1.0119449432256185,0.9121844127332601,0.9121844127332601,0.0,0.01844457129294952,0.055708013172338276,-0.03726344187938876,0.9686875963250076,0.9608923103557645,0.00779528596924306,0.8361386883273165,0.7911853188929001,0.04495336943441641,0.05200679390152099,0.05792627149652396,-0.00591947759500297,0.1982050943017528,0.22632542427242508,-0.028120329970672292,0.05198035314666772,0.05691473483946783,-0.0049343816928001105,0.019355168091278806,0.030449754279227397,-0.01109458618794859
gsm8k,g2-9i|phi4mii,2,1,cons,kahn_diagonal,fitted,911,911,911,1.0,phi4mii,initial_fit_accuracy,g2-9i+phi4mii--s70v0--fc2f61b0,2.521823541621442,0.9121844127332601,0.9121844127332601,0.0,0.06055573503644573,0.055708013172338276,0.0048477218641074515,0.9687536541887439,0.9608923103557645,0.007861343832979428,0.8368983152827918,0.7911853188929001,0.04571299638989168,0.06308904572814097,0.05792627149652396,0.005162774231617012,0.4174059177681453,0.22632542427242508,0.1910804934957202,0.057687078782948105,0.05691473483946783,0.0007723439434802748,0.04152361537966417,0.030449754279227397,0.01107386110043677
gsm8k,g2-9i|phi4mii,2,1,cons,reference_stream_target,fixed,911,911,911,1.0,phi4mii,initial_fit_accuracy,g2-9i+phi4mii--s70v0--fc2f61b0,0.8376871969426151,0.9121844127332601,0.9121844127332601,0.0,0.055708013172338276,0.055708013172338276,0.0,0.9608923103557645,0.9608923103557645,0.0,0.7911853188929001,0.7911853188929001,0.0,0.05792627149652396,0.05792627149652396,0.0,0.22632542427242508,0.22632542427242508,0.0,0.05691473483946783,0.05691473483946783,0.0,0.030449754279227397,0.030449754279227397,0.0
gsm8k,q3-4bi|l31-8bi|g3-12i,3,1,cons,mean,fixed,911,911,911,1.0,q3-4bi,initial_fit_accuracy,q3-4bi+l31-8bi+g3-12i--s70v0--dd9f3252,0.5154263648450491,0.9527991218441273,0.9527991218441273,0.0,0.10315282351488064,0.055525064032199374,0.04762775948268127,0.9801533894094833,0.9657449733742831,0.014408416035200156,0.7841335333833458,0.6418792198049512,0.14225431357839458,0.0509674282771285,0.04451000121966093,0.006457427057467574,0.21723168261688539,0.193405466796894,0.023826215819991392,0.042156575229916206,0.04291115619317096,-0.0007545809632547515,0.01835424229149947,0.01458055564902976,0.0037736866424697094
gsm8k,q3-4bi|l31-8bi|g3-12i,3,1,cons,logodds_sum,fixed,911,911,911,1.0,q3-4bi,initial_fit_accuracy,q3-4bi+l31-8bi+g3-12i--s70v0--dd9f3252,1.6795171561235245,0.9527991218441273,0.9527991218441273,0.0,0.042412516956713844,0.055525064032199374,-0.01311254707548553,0.9803116578672364,0.9657449733742831,0.014566684492953286,0.7872012646018648,0.6418792198049512,0.14532204479691357,0.045267652675876964,0.04451000121966093,0.0007576514562160352,0.21699731528707208,0.193405466796894,0.02359184849017809,0.04213029578228466,0.04291115619317096,-0.0007808604108862985,0.015396548845433913,0.01458055564902976,0.0008159931964041526
gsm8k,q3-4bi|l31-8bi|g3-12i,3,1,cons,logodds_mean,fixed,911,911,911,1.0,q3-4bi,initial_fit_accuracy,q3-4bi+l31-8bi+g3-12i--s70v0--dd9f3252,0.5598390502852127,0.9527991218441273,0.9527991218441273,0.0,0.09078468648133493,0.055525064032199374,0.03525962244913556,0.9803116578672364,0.9657449733742831,0.014566684492953286,0.7872012646018648,0.6418792198049512,0.14532204479691357,0.04745470557858365,0.04451000121966093,0.0029447043589227243,0.20522801140717883,0.193405466796894,0.01182254461028484,0.042130295794731314,0.04291115619317096,-0.0007808603984396437,0.015396549132255929,0.01458055564902976,0.0008159934832261684
gsm8k,q3-4bi|l31-8bi|g3-12i,3,1,cons,shared_rho,fitted,911,911,911,1.0,q3-4bi,initial_fit_accuracy,q3-4bi+l31-8bi+g3-12i--s70v0--dd9f3252,1.1743948815736711,0.9527991218441273,0.9527991218441273,0.0,0.02778063201936749,0.055525064032199374,-0.027744432012831884,0.9803116578672364,0.9657449733742831,0.014566684492953286,0.7872012646018648,0.6418792198049512,0.14532204479691357,0.042961757449195406,0.04451000121966093,-0.0015482437704655225,0.17205872506615505,0.193405466796894,-0.021346741730738944,0.04213029565530167,0.04291115619317096,-0.0007808605378692851,0.015396545919219845,0.01458055564902976,0.0008159902701900847
gsm8k,q3-4bi|l31-8bi|g3-12i,3,1,cons,shared_scale,fitted,911,911,911,1.0,q3-4bi,initial_fit_accuracy,q3-4bi+l31-8bi+g3-12i--s70v0--dd9f3252,0.9999999965901418,0.9527991218441273,0.9527991218441273,0.0,0.01539654718615697,0.055525064032199374,-0.040128516846042406,0.9803116578672364,0.9657449733742831,0.014566684492953286,0.7872012646018648,0.6418792198049512,0.14532204479691357,0.04213029571028996,0.04451000121966093,-0.002379705509370972,0.1643091736280722,0.193405466796894,-0.029096293168821785,0.042130295723823104,0.04291115619317096,-0.0007808604693478535,0.01539654749823699,0.01458055564902976,0.0008159918492072291
gsm8k,q3-4bi|l31-8bi|g3-12i,3,1,cons,kahn,fitted,911,911,911,1.0,q3-4bi,initial_fit_accuracy,q3-4bi+l31-8bi+g3-12i--s70v0--dd9f3252,2.1747433047861624,0.9527991218441273,0.9527991218441273,0.0,0.05790690274789116,0.055525064032199374,0.002381838715691788,0.9807738199175934,0.9657449733742831,0.01502884654331027,0.7950782338441753,0.6418792198049512,0.1531990140392241,0.057562992474767254,0.04451000121966093,0.013052991255106325,0.38338567941559176,0.193405466796894,0.18998021261869777,0.05261414649750472,0.04291115619317096,0.009702990304333761,0.03961788695483675,0.01458055564902976,0.025037331305806987
gsm8k,q3-4bi|l31-8bi|g3-12i,3,1,cons,blp,fitted,911,911,911,1.0,q3-4bi,initial_fit_accuracy,q3-4bi+l31-8bi+g3-12i--s70v0--dd9f3252,1.0035054702759678,0.9527991218441273,0.9527991218441273,0.0,0.02094780433997143,0.055525064032199374,-0.03457725969222794,0.9807581566087658,0.9657449733742831,0.015013183234482641,0.7947567248955096,0.6418792198049512,0.15287750509055842,0.04220890392769813,0.04451000121966093,-0.002301097291962796,0.16355900542711924,0.193405466796894,-0.029846461369774757,0.04219199256040256,0.04291115619317096,-0.0007191636327683951,0.02066379843145568,0.01458055564902976,0.00608324278242592
gsm8k,q3-4bi|l31-8bi|g3-12i,3,1,cons,logistic_pool,fitted,911,911,911,1.0,q3-4bi,initial_fit_accuracy,q3-4bi+l31-8bi+g3-12i--s70v0--dd9f3252,0.9953270365948863,0.9527991218441273,0.9527991218441273,0.0,0.02035138599689354,0.055525064032199374,-0.035173678035305835,0.9807818308759491,0.9657449733742831,0.015036857501665946,0.795265780730897,0.6418792198049512,0.15338656092594583,0.04311666391559483,0.04451000121966093,-0.0013933373040661001,0.16714836548890463,0.193405466796894,-0.02625710130798936,0.04314321219644126,0.04291115619317096,0.00023205600327030201,0.020776564434755937,0.01458055564902976,0.006196008785726176
gsm8k,q3-4bi|l31-8bi|g3-12i,3,1,cons,blp_equal,fitted,911,911,911,1.0,q3-4bi,initial_fit_accuracy,q3-4bi+l31-8bi+g3-12i--s70v0--dd9f3252,0.9928920533132548,0.9527991218441273,0.9527991218441273,0.0,0.012045049546806835,0.055525064032199374,-0.04348001448539254,0.9801533894094833,0.9657449733742831,0.014408416035200156,0.7841335333833458,0.6418792198049512,0.14225431357839458,0.04054551870773263,0.04451000121966093,-0.003964482511928297,0.1607132991734948,0.193405466796894,-0.03269216762339919,0.040549082868106434,0.04291115619317096,-0.002362073325064523,0.012598053472722531,0.01458055564902976,-0.00198250217630723
gsm8k,q3-4bi|l31-8bi|g3-12i,3,1,cons,kahn_diagonal,fitted,911,911,911,1.0,q3-4bi,initial_fit_accuracy,q3-4bi+l31-8bi+g3-12i--s70v0--dd9f3252,2.750684087288453,0.9527991218441273,0.9527991218441273,0.0,0.06029999281188363,0.055525064032199374,0.004774928779684259,0.980794906454978,0.9657449733742831,0.01504993308069491,0.7955337048547851,0.6418792198049512,0.15365448504983392,0.06060876463648704,0.04451000121966093,0.01609876341682611,0.4861486646039795,0.193405466796894,0.29274319780708546,0.054512400641628496,0.04291115619317096,0.011601244448457539,0.045941204472497645,0.01458055564902976,0.03136064882346788
gsm8k,q3-4bi|l31-8bi|g3-12i,3,1,cons,reference_stream_target,fixed,911,911,911,1.0,q3-4bi,initial_fit_accuracy,q3-4bi+l31-8bi+g3-12i--s70v0--dd9f3252,0.751110795672783,0.9527991218441273,0.9527991218441273,0.0,0.055525064032199374,0.055525064032199374,0.0,0.9657449733742831,0.9657449733742831,0.0,0.6418792198049512,0.6418792198049512,0.0,0.04451000121966093,0.04451000121966093,0.0,0.193405466796894,0.193405466796894,0.0,0.04291115619317096,0.04291115619317096,0.0,0.01458055564902976,0.01458055564902976,0.0
gsm8k,q3-4bi|q3-8bi,2,1,cons,mean,fixed,911,911,911,1.0,q3-4bi,initial_fit_accuracy,q3-4bi+q3-8bi--s70v0--157241d8,0.7586854882904658,0.9495060373216246,0.9495060373216246,0.0,0.05689718258292204,0.04656055616538613,0.01033662641753591,0.9695379585859315,0.960188292642178,0.009349665943753527,0.7046996732847449,0.6102035687358632,0.09449610454888169,0.04264239541403854,0.045790645200634215,-0.0031482497865956763,0.18553388550293187,0.19678954698855272,-0.01125566148562085,0.04067750452979911,0.04415022405670812,-0.0034727195269090086,0.018305059755040994,0.0098461952505252,0.008458864504515794
gsm8k,q3-4bi|q3-8bi,2,1,cons,logodds_sum,fixed,911,911,911,1.0,q3-4bi,initial_fit_accuracy,q3-4bi+q3-8bi--s70v0--157241d8,1.545836657806795,0.9495060373216246,0.9495060373216246,0.0,0.03421046582807723,0.04656055616538613,-0.012350090337308904,0.9695355465997318,0.960188292642178,0.00934725395755387,0.7046494093993466,0.6102035687358632,0.09444584066348338,0.04376616016506822,0.045790645200634215,-0.002024485035565994,0.19336846693853227,0.19678954698855272,-0.003421080050020453,0.041580309368529605,0.04415022405670812,-0.0025699146881785137,0.01615001509748569,0.0098461952505252,0.00630381984696049
gsm8k,q3-4bi|q3-8bi,2,1,cons,logodds_mean,fixed,911,911,911,1.0,q3-4bi,initial_fit_accuracy,q3-4bi+q3-8bi--s70v0--157241d8,0.7729183334872046,0.9495060373216246,0.9495060373216246,0.0,0.05887423056538527,0.04656055616538613,0.012313674399999142,0.9695355465997318,0.960188292642178,0.00934725395755387,0.7046494093993466,0.6102035687358632,0.09444584066348338,0.04324963438243552,0.045790645200634215,-0.0025410108181986926,0.1870483387008258,0.19678954698855272,-0.009741208287726927,0.04158030936431557,0.04415022405670812,-0.0025699146923925525,0.016150015798348075,0.0098461952505252,0.0063038205478228755
gsm8k,q3-4bi|q3-8bi,2,1,cons,shared_rho,fitted,911,911,911,1.0,q3-4bi,initial_fit_accuracy,q3-4bi+q3-8bi--s70v0--157241d8,1.3544958265086355,0.9495060373216246,0.9495060373216246,0.0,0.027013755914115554,0.04656055616538613,-0.019546800251270577,0.9695355465997318,0.960188292642178,0.00934725395755387,0.7046494093993466,0.6102035687358632,0.09444584066348338,0.04293274773011335,0.045790645200634215,-0.0028578974705208635,0.17898011879329098,0.19678954698855272,-0.01780942819526174,0.041580309386464155,0.04415022405670812,-0.002569914670243964,0.01615001211467101,0.0098461952505252,0.006303816864145811
gsm8k,q3-4bi|q3-8bi,2,1,cons,shared_scale,fitted,911,911,911,1.0,q3-4bi,initial_fit_accuracy,q3-4bi+q3-8bi--s70v0--157241d8,0.9999999788173117,0.9495060373216246,0.9495060373216246,0.0,0.016150012453123218,0.04656055616538613,-0.030410543712262914,0.9695355465997318,0.960188292642178,0.00934725395755387,0.7046494093993466,0.6102035687358632,0.09444584066348338,0.041580309384443015,0.045790645200634215,-0.0042103358161912005,0.1692287005272035,0.19678954698855272,-0.02756084646134921,0.041580309399483414,0.04415022405670812,-0.0025699146572247047,0.016150009949356583,0.0098461952505252,0.006303814698831383
gsm8k,q3-4bi|q3-8bi,2,1,cons,kahn,fitted,911,911,911,1.0,q3-4bi,initial_fit_accuracy,q3-4bi+q3-8bi--s70v0--157241d8,1.733332618057745,0.9495060373216246,0.9495060373216246,0.0,0.044267970461728895,0.04656055616538613,-0.0022925857036572364,0.9695014355449993,0.960188292642178,0.00931314290282137,0.7039582809751194,0.6102035687358632,0.09375471223925613,0.048981943332075194,0.045790645200634215,0.0031912981314409783,0.28129419869276256,0.19678954698855272,0.08450465170420984,0.04701801973232596,0.04415022405670812,0.002867795675617839,0.037376444058141486,0.0098461952505252,0.027530248807616287
gsm8k,q3-4bi|q3-8bi,2,1,cons,blp,fitted,911,911,911,1.0,q3-4bi,initial_fit_accuracy,q3-4bi+q3-8bi--s70v0--157241d8,1.0097073415807565,0.9495060373216246,0.9495060373216246,0.0,0.017119218505849663,0.04656055616538613,-0.02944133765953647,0.9695150068165447,0.960188292642178,0.009326714174366701,0.7042347323448103,0.6102035687358632,0.09403116360894703,0.040900701045957645,0.045790645200634215,-0.00488994415467657,0.1659284044510267,0.19678954698855272,-0.030861142537526032,0.04088948652398719,0.04415022405670812,-0.0032607375327209295,0.018131082289277095,0.0098461952505252,0.008284887038751895
gsm8k,q3-4bi|q3-8bi,2,1,cons,logistic_pool,fitted,911,911,911,1.0,q3-4bi,initial_fit_accuracy,q3-4bi+q3-8bi--s70v0--157241d8,0.9974072994948748,0.9495060373216246,0.9495060373216246,0.0,0.021908198440873973,0.04656055616538613,-0.02465235772451216,0.9695014355449993,0.960188292642178,0.00931314290282137,0.7039582809751194,0.6102035687358632,0.09375471223925613,0.042024185932971525,0.045790645200634215,-0.0037664592676626904,0.17040365539655622,0.19678954698855272,-0.026385891591996502,0.04202732161370672,0.04415022405670812,-0.0021229024430014024,0.021624788759012834,0.0098461952505252,0.011778593508487634
gsm8k,q3-4bi|q3-8bi,2,1,cons,blp_equal,fitted,911,911,911,1.0,q3-4bi,initial_fit_accuracy,q3-4bi+q3-8bi--s70v0--157241d8,1.010834830935432,0.9495060373216246,0.9495060373216246,0.0,0.012927045389713579,0.04656055616538613,-0.03363351077567255,0.9695379585859315,0.960188292642178,0.009349665943753527,0.7046996732847449,0.6102035687358632,0.09449610454888169,0.040019295196549266,0.045790645200634215,-0.005771350004084949,0.1638902515563254,0.19678954698855272,-0.03289929543222733,0.0400165788955025,0.04415022405670812,-0.004133645161205617,0.014052117956865085,0.0098461952505252,0.004205922706339885
gsm8k,q3-4bi|q3-8bi,2,1,cons,kahn_diagonal,fitted,911,911,911,1.0,q3-4bi,initial_fit_accuracy,q3-4bi+q3-8bi--s70v0--157241d8,1.8283759031054538,0.9495060373216246,0.9495060373216246,0.0,0.04623461698155068,0.04656055616538613,-0.0003259391838354511,0.969506442165301,0.960188292642178,0.009318149523123043,0.7040588087459161,0.6102035687358632,0.09385524001005285,0.0496851877314392,0.045790645200634215,0.003894542530804984,0.2980210183747821,0.19678954698855272,0.1012314713862294,0.04742525477307601,0.04415022405670812,0.0032750307163678938,0.039042594886757785,0.0098461952505252,0.029196399636232585
gsm8k,q3-4bi|q3-8bi,2,1,cons,reference_stream_target,fixed,911,911,911,1.0,q3-4bi,initial_fit_accuracy,q3-4bi+q3-8bi--s70v0--157241d8,0.7851202489672847,0.9495060373216246,0.9495060373216246,0.0,0.04656055616538613,0.04656055616538613,0.0,0.960188292642178,0.960188292642178,0.0,0.6102035687358632,0.6102035687358632,0.0,0.045790645200634215,0.045790645200634215,0.0,0.19678954698855272,0.19678954698855272,0.0,0.04415022405670812,0.04415022405670812,0.0,0.0098461952505252,0.0098461952505252,0.0
gsm8k,q3-4bi|q3-8bi|l31-8bi,3,1,cons,mean,fixed,911,911,911,1.0,q3-4bi,initial_fit_accuracy,q3-4bi+q3-8bi+l31-8bi--s70v0--94d67ca0,0.5462144213758116,0.9549945115257958,0.9549945115257958,0.0,0.09821319673113203,0.061379436516648914,0.03683376021448312,0.9760440778337913,0.9692630796592765,0.0067809981745148296,0.7363470703672554,0.6635688253434259,0.07277824502382957,0.04628528546839419,0.041582814977436273,0.0047024704909579135,0.20690705516524166,0.18396041309855912,0.022946642066682538,0.03556141773690562,0.039895871294818405,-0.004334453557912787,0.012699967411467228,0.01761024460210207,-0.004910277190634842
gsm8k,q3-4bi|q3-8bi|l31-8bi,3,1,cons,logodds_sum,fixed,911,911,911,1.0,q3-4bi,initial_fit_accuracy,q3-4bi+q3-8bi+l31-8bi--s70v0--94d67ca0,1.7916523085831644,0.9549945115257958,0.9549945115257958,0.0,0.0314853969856117,0.061379436516648914,-0.02989403953103721,0.9760939979783785,0.9692630796592765,0.006830918319101986,0.737314269694421,0.6635688253434259,0.07374544435099517,0.036318755643078016,0.041582814977436273,-0.005264059334358258,0.19514777945621942,0.18396041309855912,0.011187366357660294,0.035155083679796556,0.039895871294818405,-0.004740787615021849,0.012355082911184747,0.01761024460210207,-0.005255161690917323
gsm8k,q3-4bi|q3-8bi|l31-8bi,3,1,cons,logodds_mean,fixed,911,911,911,1.0,q3-4bi,initial_fit_accuracy,q3-4bi+q3-8bi+l31-8bi--s70v0--94d67ca0,0.597217423168231,0.9549945115257958,0.9549945115257958,0.0,0.08685577052811215,0.061379436516648914,0.025476334011463236,0.9760939979783785,0.9692630796592765,0.006830918319101986,0.737314269694421,0.6635688253434259,0.07374544435099517,0.04229567106359918,0.041582814977436273,0.000712856086162908,0.19367778502980063,0.18396041309855912,0.009717371931241503,0.03515508365366116,0.039895871294818405,-0.004740787641157249,0.012355081089838366,0.01761024460210207,-0.005255163512263704
gsm8k,q3-4bi|q3-8bi|l31-8bi,3,1,cons,shared_rho,fitted,911,911,911,1.0,q3-4bi,initial_fit_accuracy,q3-4bi+q3-8bi+l31-8bi--s70v0--94d67ca0,1.2308243408008106,0.9549945115257958,0.9549945115257958,0.0,0.02102782186207482,0.061379436516648914,-0.0403516146545741,0.9760939979783785,0.9692630796592765,0.006830918319101986,0.737314269694421,0.6635688253434259,0.07374544435099517,0.0353087028236577,0.041582814977436273,-0.0062741121537785716,0.1540522888697575,0.18396041309855912,-0.029908124228801625,0.0351550836772337,0.039895871294818405,-0.004740787617584702,0.012355082732582514,0.01761024460210207,-0.0052551618695195566
gsm8k,q3-4bi|q3-8bi|l31-8bi,3,1,cons,shared_scale,fitted,911,911,911,1.0,q3-4bi,initial_fit_accuracy,q3-4bi+q3-8bi+l31-8bi--s70v0--94d67ca0,0.9999999791654639,0.9549945115257958,0.9549945115257958,0.0,0.01235508075259711,0.061379436516648914,-0.0490243557640518,0.9760939979783785,0.9692630796592765,0.006830918319101986,0.737314269694421,0.6635688253434259,0.07374544435099517,0.03515508364882858,0.041582814977436273,-0.006427731328607696,0.14866813668450918,0.18396041309855912,-0.035292276414049945,0.0351550836238614,0.039895871294818405,-0.0047407876709570085,0.012355079013126156,0.01761024460210207,-0.005255165588975914
gsm8k,q3-4bi|q3-8bi|l31-8bi,3,1,cons,kahn,fitted,911,911,911,1.0,q3-4bi,initial_fit_accuracy,q3-4bi+q3-8bi+l31-8bi--s70v0--94d67ca0,1.7325046758731126,0.9549945115257958,0.9549945115257958,0.0,0.04003665141030303,0.061379436516648914,-0.021342785106345886,0.9765405500965773,0.9692630796592765,0.007277470437300759,0.7454443509952341,0.6635688253434259,0.08187552565180822,0.04372337032009924,0.041582814977436273,0.0021405553426629698,0.2662333742130093,0.18396041309855912,0.08227296111445018,0.04222955245335838,0.039895871294818405,0.002333681158539977,0.035342395038599976,0.01761024460210207,0.017732150436497906
gsm8k,q3-4bi|q3-8bi|l31-8bi,3,1,cons,blp,fitted,911,911,911,1.0,q3-4bi,initial_fit_accuracy,q3-4bi+q3-8bi+l31-8bi--s70v0--94d67ca0,1.002916503877759,0.9549945115257958,0.9549945115257958,0.0,0.007640189700282108,0.061379436516648914,-0.053739246816366805,0.9764361227911426,0.9692630796592765,0.007173043131866064,0.7432296047098402,0.6635688253434259,0.07966077936641436,0.0357795963483324,0.041582814977436273,-0.005803218629103872,0.15014533539448968,0.18396041309855912,-0.03381507770406944,0.035780652020259165,0.039895871294818405,-0.00411521927455924,0.007915735535499612,0.01761024460210207,-0.009694509066602458
gsm8k,q3-4bi|q3-8bi|l31-8bi,3,1,cons,logistic_pool,fitted,911,911,911,1.0,q3-4bi,initial_fit_accuracy,q3-4bi+q3-8bi+l31-8bi--s70v0--94d67ca0,0.9967602407173688,0.9549945115257958,0.9549945115257958,0.0,0.010837512380390775,0.061379436516648914,-0.05054192413625814,0.9764371465174682,0.9692630796592765,0.007174066858191663,0.7432576394729464,0.6635688253434259,0.07968881412952056,0.035405903798347314,0.041582814977436273,-0.006176911179088959,0.14924447948655412,0.18396041309855912,-0.03471593361200501,0.03540468636748688,0.039895871294818405,-0.004491184927331526,0.010524262980794985,0.01761024460210207,-0.0070859816213070855
gsm8k,q3-4bi|q3-8bi|l31-8bi,3,1,cons,blp_equal,fitted,911,911,911,1.0,q3-4bi,initial_fit_accuracy,q3-4bi+q3-8bi+l31-8bi--s70v0--94d67ca0,0.9954097999127408,0.9549945115257958,0.9549945115257958,0.0,0.011320165389901212,0.061379436516648914,-0.0500592711267477,0.9760440778337913,0.9692630796592765,0.0067809981745148296,0.7363470703672554,0.6635688253434259,0.07277824502382957,0.03547973699266889,0.041582814977436273,-0.006103077984767384,0.1519473669061645,0.18396041309855912,-0.03201304619239462,0.03546301306021411,0.039895871294818405,-0.004432858234604292,0.011576318285439934,0.01761024460210207,-0.006033926316662136
gsm8k,q3-4bi|q3-8bi|l31-8bi,3,1,cons,kahn_diagonal,fitted,911,911,911,1.0,q3-4bi,initial_fit_accuracy,q3-4bi+q3-8bi+l31-8bi--s70v0--94d67ca0,2.1493547516115656,0.9549945115257958,0.9549945115257958,0.0,0.04504129004821308,0.061379436516648914,-0.016338146468435837,0.9765515352002663,0.9692630796592765,0.00728845554098978,0.7456966638631903,0.6635688253434259,0.08212783851976446,0.04630285053001089,0.041582814977436273,0.0047200355525746154,0.3327741489338604,0.18396041309855912,0.1488137358353013,0.04458827223452306,0.039895871294818405,0.004692400939704654,0.04126969724008577,0.01761024460210207,0.0236594526379837
gsm8k,q3-4bi|q3-8bi|l31-8bi,3,1,cons,reference_stream_target,fixed,911,911,911,1.0,q3-4bi,initial_fit_accuracy,q3-4bi+q3-8bi+l31-8bi--s70v0--94d67ca0,0.7372513606835847,0.9549945115257958,0.9549945115257958,0.0,0.061379436516648914,0.061379436516648914,0.0,0.9692630796592765,0.9692630796592765,0.0,0.6635688253434259,0.6635688253434259,0.0,0.041582814977436273,0.041582814977436273,0.0,0.18396041309855912,0.18396041309855912,0.0,0.039895871294818405,0.039895871294818405,0.0,0.01761024460210207,0.01761024460210207,0.0
gsm8k,q3-4bi|q3-8bi|l31-8bi|g2-9i,4,1,cons,mean,fixed,911,911,911,1.0,q3-4bi,initial_fit_accuracy,q3-4bi+q3-8bi+l31-8bi+g2-9i--s70v0--f146ec06,0.5355981211241148,0.9549945115257958,0.9549945115257958,0.0,0.09482711306240332,0.06448957189901268,0.030337541163390644,0.9868484247617078,0.9745023883457358,0.012346036415971984,0.8434398654331371,0.723170731707317,0.12026913372582004,0.040402964538337416,0.036826137333821195,0.003576827204516221,0.18702156331953712,0.16986064982349866,0.01716091349603846,0.030883628675583575,0.03449959421696867,-0.0036159655413850918,0.009668548949037015,0.02134625454076007,-0.011677705591723056
gsm8k,q3-4bi|q3-8bi|l31-8bi|g2-9i,4,1,cons,logodds_sum,fixed,911,911,911,1.0,q3-4bi,initial_fit_accuracy,q3-4bi+q3-8bi+l31-8bi+g2-9i--s70v0--f146ec06,2.29443306528102,0.9549945115257958,0.9549945115257958,0.0,0.030201245689705707,0.06448957189901268,-0.03428832620930697,0.9869379338372641,0.9745023883457358,0.012435545491528366,0.845332211942809,0.723170731707317,0.122161480235492,0.03292799621724963,0.036826137333821195,-0.0038981411165715657,0.20040805887285193,0.16986064982349866,0.03054740904935327,0.030525329942837687,0.03449959421696867,-0.00397426427413098,0.007567381647036825,0.02134625454076007,-0.013778872893723246
gsm8k,q3-4bi|q3-8bi|l31-8bi|g2-9i,4,1,cons,logodds_mean,fixed,911,911,911,1.0,q3-4bi,initial_fit_accuracy,q3-4bi+q3-8bi+l31-8bi+g2-9i--s70v0--f146ec06,0.5736082675378281,0.9549945115257958,0.9549945115257958,0.0,0.08230747506595222,0.06448957189901268,0.01781790316693954,0.9869379338372641,0.9745023883457358,0.012435545491528366,0.845332211942809,0.723170731707317,0.122161480235492,0.03718719362992658,0.036826137333821195,0.0003610562961053887,0.17612033309858513,0.16986064982349866,0.0062596832750864695,0.03052532994220036,0.03449959421696867,-0.003974264274768307,0.007567381797418268,0.02134625454076007,-0.013778872743341802
gsm8k,q3-4bi|q3-8bi|l31-8bi|g2-9i,4,1,cons,shared_rho,fitted,911,911,911,1.0,q3-4bi,initial_fit_accuracy,q3-4bi+q3-8bi+l31-8bi+g2-9i--s70v0--f146ec06,1.3047791503343613,0.9549945115257958,0.9549945115257958,0.0,0.019855552608263445,0.06448957189901268,-0.044634019290749234,0.9869379338372641,0.9745023883457358,0.012435545491528366,0.845332211942809,0.723170731707317,0.122161480235492,0.031077867992823055,0.036826137333821195,-0.00574826934099814,0.13172681484144863,0.16986064982349866,-0.03813383498205003,0.030525329948004488,0.03449959421696867,-0.003974264268964179,0.007567380427844056,0.02134625454076007,-0.013778874112916015
gsm8k,q3-4bi|q3-8bi|l31-8bi|g2-9i,4,1,cons,shared_scale,fitted,911,911,911,1.0,q3-4bi,initial_fit_accuracy,q3-4bi+q3-8bi+l31-8bi+g2-9i--s70v0--f146ec06,1.0000000202814971,0.9549945115257958,0.9549945115257958,0.0,0.0075673800266674585,0.06448957189901268,-0.05692219187234522,0.9869379338372641,0.9745023883457358,0.012435545491528366,0.845332211942809,0.723170731707317,0.122161480235492,0.03052532994970615,0.036826137333821195,-0.006300807384115044,0.12486414541180199,0.16986064982349866,-0.04499650441169667,0.030525329943615266,0.03449959421696867,-0.003974264273353401,0.007567381463548355,0.02134625454076007,-0.013778873077211717
gsm8k,q3-4bi|q3-8bi|l31-8bi|g2-9i,4,1,cons,kahn,fitted,911,911,911,1.0,q3-4bi,initial_fit_accuracy,q3-4bi+q3-8bi+l31-8bi+g2-9i--s70v0--f146ec06,1.8756579349228735,0.9549945115257958,0.9549945115257958,0.0,0.031687318129484006,0.06448957189901268,-0.03280225376952867,0.9873124709146633,0.9745023883457358,0.012810082568927572,0.8525371460611157,0.723170731707317,0.1293664143537987,0.035515540018101144,0.036826137333821195,-0.001310597315720051,0.1865020037041011,0.16986064982349866,0.01664135388060245,0.03410705401763531,0.03449959421696867,-0.0003925401993333591,0.035615497092040094,0.02134625454076007,0.014269242551280023
gsm8k,q3-4bi|q3-8bi|l31-8bi|g2-9i,4,1,cons,blp,fitted,911,911,911,1.0,q3-4bi,initial_fit_accuracy,q3-4bi+q3-8bi+l31-8bi+g2-9i--s70v0--f146ec06,1.000654776345762,0.9549945115257958,0.9549945115257958,0.0,0.008620013843074686,0.06448957189901268,-0.05586955805593799,0.9871541724722841,0.9745023883457358,0.012651784126548327,0.8493972525932156,0.723170731707317,0.12622652088589859,0.03000989932765863,0.036826137333821195,-0.006816238006162566,0.12345032322185409,0.16986064982349866,-0.04641032660164457,0.030010219768948836,0.03449959421696867,-0.00448937444801983,0.008665768057571454,0.02134625454076007,-0.012680486483188617
gsm8k,q3-4bi|q3-8bi|l31-8bi|g2-9i,4,1,cons,logistic_pool,fitted,911,911,911,1.0,q3-4bi,initial_fit_accuracy,q3-4bi+q3-8bi+l31-8bi+g2-9i--s70v0--f146ec06,0.9968604724594297,0.9549945115257958,0.9549945115257958,0.0,0.011803052926055945,0.06448957189901268,-0.05268651897295673,0.9871567325351691,0.9745023883457358,0.012654344189433342,0.8494252873563218,0.723170731707317,0.12625455564900478,0.030086277458688263,0.036826137333821195,-0.006739859875132932,0.124024154610638,0.16986064982349866,-0.045836495212860665,0.0300883045445932,0.03449959421696867,-0.004411289672375467,0.011562678831914456,0.02134625454076007,-0.009783575708845615
gsm8k,q3-4bi|q3-8bi|l31-8bi|g2-9i,4,1,cons,blp_equal,fitted,911,911,911,1.0,q3-4bi,initial_fit_accuracy,q3-4bi+q3-8bi+l31-8bi+g2-9i--s70v0--f146ec06,0.9959810774697864,0.9549945115257958,0.9549945115257958,0.0,0.009715223251658642,0.06448957189901268,-0.05477434864735404,0.9868484247617078,0.9745023883457358,0.012346036415971984,0.8434398654331371,0.723170731707317,0.12026913372582004,0.031388936680988945,0.036826137333821195,-0.00543720065283225,0.1280006967512035,0.16986064982349866,-0.04185995307229515,0.03138466937682794,0.03449959421696867,-0.003114924840140726,0.00940155336903986,0.02134625454076007,-0.011944701171720211
gsm8k,q3-4bi|q3-8bi|l31-8bi|g2-9i,4,1,cons,kahn_diagonal,fitted,911,911,911,1.0,q3-4bi,initial_fit_accuracy,q3-4bi+q3-8bi+l31-8bi+g2-9i--s70v0--f146ec06,2.666194640717572,0.9549945115257958,0.9549945115257958,0.0,0.03786390165239284,0.06448957189901268,-0.02662567024661984,0.987198449854459,0.9745023883457358,0.012696061508723266,0.8503504345388282,0.723170731707317,0.12717970283151114,0.03819047264285067,0.036826137333821195,0.0013643353090294769,0.2764484526110035,0.16986064982349866,0.10658780278750482,0.0380854862351361,0.03449959421696867,0.003585892018167433,0.0484024952636917,0.02134625454076007,0.027056240722931627
gsm8k,q3-4bi|q3-8bi|l31-8bi|g2-9i,4,1,cons,reference_stream_target,fixed,911,911,911,1.0,q3-4bi,initial_fit_accuracy,q3-4bi+q3-8bi+l31-8bi+g2-9i--s70v0--f146ec06,0.7367955463680113,0.9549945115257958,0.9549945115257958,0.0,0.06448957189901268,0.06448957189901268,0.0,0.9745023883457358,0.9745023883457358,0.0,0.723170731707317,0.723170731707317,0.0,0.036826137333821195,0.036826137333821195,0.0,0.16986064982349866,0.16986064982349866,0.0,0.03449959421696867,0.03449959421696867,0.0,0.02134625454076007,0.02134625454076007,0.0
gsm8k,q3-4bi|q3-8bi|l31-8bi|g2-9i|g3-12i|phi4mii,6,1,cons,mean,fixed,911,911,911,1.0,q3-4bi,initial_fit_accuracy,q3-4bi+q3-8bi+l31-8bi+g2-9i+g3-12i+phi4mii--s70v0--db9c4369,0.5332047864101325,0.9615806805708014,0.9615806805708014,0.0,0.0855378704717954,0.06631906330040316,0.019218807171392238,0.9887974970811907,0.9747647916941901,0.014032705387000632,0.8415035877364645,0.6758969341161122,0.16560665362035232,0.03913594645685533,0.03755793389437736,0.0015780125624779706,0.17877047599637058,0.17278875901263205,0.005981716983738533,0.03346105881382287,0.0352892606171054,-0.0018282018032825254,0.011457178362255502,0.02397422546210805,-0.01251704709985255
gsm8k,q3-4bi|q3-8bi|l31-8bi|g2-9i|g3-12i|phi4mii,6,1,cons,logodds_sum,fixed,911,911,911,1.0,q3-4bi,initial_fit_accuracy,q3-4bi+q3-8bi+l31-8bi+g2-9i+g3-12i+phi4mii--s70v0--db9c4369,3.3498690253253653,0.9615806805708014,0.9615806805708014,0.0,0.03719017317374094,0.06631906330040316,-0.02912889012666222,0.9889231366292592,0.9747647916941901,0.014158344935069178,0.8444227005870841,0.6758969341161122,0.16852576647097195,0.037729801544037996,0.03755793389437736,0.00017186764966063695,0.32407813113056544,0.17278875901263205,0.1512893721179334,0.033784193329637564,0.0352892606171054,-0.001505067287467833,0.011859393731269966,0.02397422546210805,-0.012114831730838086
gsm8k,q3-4bi|q3-8bi|l31-8bi|g2-9i|g3-12i|phi4mii,6,1,cons,logodds_mean,fixed,911,911,911,1.0,q3-4bi,initial_fit_accuracy,q3-4bi+q3-8bi+l31-8bi+g2-9i+g3-12i+phi4mii--s70v0--db9c4369,0.5705785816637873,0.9615806805708014,0.9615806805708014,0.0,0.07772044250294245,0.06631906330040316,0.011401379202539294,0.9889231366292592,0.9747647916941901,0.014158344935069178,0.8444227005870841,0.6758969341161122,0.16852576647097195,0.037721107495650934,0.03755793389437736,0.00016317360127357516,0.17321124282318512,0.17278875901263205,0.0004224838105530704,0.03369147731029569,0.0352892606171054,-0.001597783306809708,0.011141621341321108,0.02397422546210805,-0.012832604120786944
gsm8k,q3-4bi|q3-8bi|l31-8bi|g2-9i|g3-12i|phi4mii,6,1,cons,shared_rho,fitted,911,911,911,1.0,q3-4bi,initial_fit_accuracy,q3-4bi+q3-8bi+l31-8bi+g2-9i+g3-12i+phi4mii--s70v0--db9c4369,1.2682442416823074,0.9615806805708014,0.9615806805708014,0.0,0.023688246724331685,0.06631906330040316,-0.04263081657607147,0.9889231366292592,0.9747647916941901,0.014158344935069178,0.8444227005870841,0.6758969341161122,0.16852576647097195,0.034668682157599676,0.03755793389437736,-0.002889251736777683,0.14162090894415075,0.17278875901263205,-0.0311678500684813,0.03369147722908528,0.0352892606171054,-0.0015977833880201145,0.011818399923807907,0.02397422546210805,-0.012155825538300144
gsm8k,q3-4bi|q3-8bi|l31-8bi|g2-9i|g3-12i|phi4mii,6,1,cons,shared_scale,fitted,911,911,911,1.0,q3-4bi,initial_fit_accuracy,q3-4bi+q3-8bi+l31-8bi+g2-9i+g3-12i+phi4mii--s70v0--db9c4369,0.9999999788125881,0.9615806805708014,0.9615806805708014,0.0,0.01181840105849399,0.06631906330040316,-0.054500662241909165,0.9889231366292592,0.9747647916941901,0.014158344935069178,0.8444227005870841,0.6758969341161122,0.16852576647097195,0.03369147727876734,0.03755793389437736,-0.0038664566156100186,0.131295506084736,0.17278875901263205,-0.041493252927896046,0.033691477348436374,0.0352892606171054,-0.001597783268669023,0.01181840265061177,0.02397422546210805,-0.012155822811496282
gsm8k,q3-4bi|q3-8bi|l31-8bi|g2-9i|g3-12i|phi4mii,6,1,cons,kahn,fitted,911,911,911,1.0,q3-4bi,initial_fit_accuracy,q3-4bi+q3-8bi+l31-8bi+g2-9i+g3-12i+phi4mii--s70v0--db9c4369,2.4758535141971842,0.9615806805708014,0.9615806805708014,0.0,0.05227474414413413,0.06631906330040316,-0.014044319156269025,0.9720406211841254,0.9747647916941901,-0.002724170510064683,0.7560665362035225,0.6758969341161122,0.08016960208741031,0.05056260786912036,0.03755793389437736,0.013004673974743003,0.40013013677483106,0.17278875901263205,0.227341377762199,0.04670662596833076,0.0352892606171054,0.01141736535122536,0.038670871038610596,0.02397422546210805,0.014696645576502545
gsm8k,q3-4bi|q3-8bi|l31-8bi|g2-9i|g3-12i|phi4mii,6,1,cons,blp,fitted,911,911,911,1.0,q3-4bi,initial_fit_accuracy,q3-4bi+q3-8bi+l31-8bi+g2-9i+g3-12i+phi4mii--s70v0--db9c4369,1.0019390907684638,0.9615806805708014,0.9615806805708014,0.0,0.016445891028312905,0.06631906330040316,-0.04987317227209025,0.9884174299335571,0.9747647916941901,0.013652638239367021,0.8324200913242009,0.6758969341161122,0.15652315720808874,0.034400765818193055,0.03755793389437736,-0.003157168076184304,0.13370548265830653,0.17278875901263205,-0.039083276354325514,0.03439347854326745,0.0352892606171054,-0.0008957820738379474,0.016321149457513937,0.02397422546210805,-0.007653076004594115
gsm8k,q3-4bi|q3-8bi|l31-8bi|g2-9i|g3-12i|phi4mii,6,1,cons,logistic_pool,fitted,911,911,911,1.0,q3-4bi,initial_fit_accuracy,q3-4bi+q3-8bi+l31-8bi+g2-9i+g3-12i+phi4mii--s70v0--db9c4369,0.993420826536488,0.9615806805708014,0.9615806805708014,0.0,0.017225096501828772,0.06631906330040316,-0.04909396679857439,0.9878002860225731,0.9747647916941901,0.013035494328383024,0.8141878669275929,0.6758969341161122,0.13829093281148075,0.03596803172257336,0.03755793389437736,-0.0015899021718039988,0.14068672265787116,0.17278875901263205,-0.03210203635476089,0.03600341189601116,0.0352892606171054,0.0007141512789057627,0.017687811959428503,0.02397422546210805,-0.006286413502679548
gsm8k,q3-4bi|q3-8bi|l31-8bi|g2-9i|g3-12i|phi4mii,6,1,cons,blp_equal,fitted,911,911,911,1.0,q3-4bi,initial_fit_accuracy,q3-4bi+q3-8bi+l31-8bi+g2-9i+g3-12i+phi4mii--s70v0--db9c4369,1.0026954039607265,0.9615806805708014,0.9615806805708014,0.0,0.008678603067681652,0.06631906330040316,-0.057640460232721506,0.9887974970811907,0.9747647916941901,0.014032705387000632,0.8415035877364645,0.6758969341161122,0.16560665362035232,0.03250810926337928,0.03755793389437736,-0.0050498246309980815,0.126315945243138,0.17278875901263205,-0.046472813769494054,0.03250246116850091,0.0352892606171054,-0.0027867994486044864,0.00849437629957216,0.02397422546210805,-0.015479849162535891
gsm8k,q3-4bi|q3-8bi|l31-8bi|g2-9i|g3-12i|phi4mii,6,1,cons,kahn_diagonal,fitted,911,911,911,1.0,q3-4bi,initial_fit_accuracy,q3-4bi+q3-8bi+l31-8bi+g2-9i+g3-12i+phi4mii--s70v0--db9c4369,4.2397760358669,0.9615806805708014,0.9615806805708014,0.0,0.05890816378230516,0.06631906330040316,-0.007410899518098001,0.98898119529704,0.9747647916941901,0.014216403602849925,0.845955642530985,0.6758969341161122,0.1700587084148728,0.0560738868834838,0.03755793389437736,0.018515952989106445,0.5998421972757093,0.17278875901263205,0.4270534382630773,0.051120887952474485,0.0352892606171054,0.015831627335369088,0.061981843773041966,0.02397422546210805,0.03800761831093391
gsm8k,q3-4bi|q3-8bi|l31-8bi|g2-9i|g3-12i|phi4mii,6,1,cons,reference_stream_target,fixed,911,911,911,1.0,q3-4bi,initial_fit_accuracy,q3-4bi+q3-8bi+l31-8bi+g2-9i+g3-12i+phi4mii--s70v0--db9c4369,0.7407085408608323,0.9615806805708014,0.9615806805708014,0.0,0.06631906330040316,0.06631906330040316,0.0,0.9747647916941901,0.9747647916941901,0.0,0.6758969341161122,0.6758969341161122,0.0,0.03755793389437736,0.03755793389437736,0.0,0.17278875901263205,0.17278875901263205,0.0,0.0352892606171054,0.0352892606171054,0.0,0.02397422546210805,0.02397422546210805,0.0
gsm8k,q3-4bi|q3-8bi|l31-8bi|g2-9i|phi4mii,5,1,cons,mean,fixed,911,910,910,0.9989023051591658,q3-4bi,initial_fit_accuracy,q3-4bi+q3-8bi+l31-8bi+g2-9i+phi4mii--s70v0--9040b735,0.5575054695762816,0.9549945115257958,0.9549945115257958,0.0,0.08622710622696658,0.06630036630036695,0.01992673992659963,0.9869221167718748,0.9743225687274798,0.012599548044395004,0.8530550955682169,0.721027814420837,0.13202728114737994,0.03865873015870988,0.04003357753357754,-0.0013748473748676562,0.1796701459865758,0.18000630503591775,-0.00033615904934194973,0.03121218922273002,0.03804369045537181,-0.006831501232641788,0.00989939266631388,0.031589687309372526,-0.021690294643058647
gsm8k,q3-4bi|q3-8bi|l31-8bi|g2-9i|phi4mii,5,1,cons,logodds_sum,fixed,911,910,910,0.9989023051591658,q3-4bi,initial_fit_accuracy,q3-4bi+q3-8bi+l31-8bi+g2-9i+phi4mii--s70v0--9040b735,2.9666072141621385,0.9549945115257958,0.9549945115257958,0.0,0.035848500832289965,0.06630036630036695,-0.03045186546807699,0.987012867345609,0.9743225687274798,0.012690298618129203,0.8548373515956104,0.721027814420837,0.1338095371747734,0.03589985990952367,0.04003357753357754,-0.004133717624053866,0.251662664681977,0.18000630503591775,0.07165635964605926,0.031360723602362896,0.03804369045537181,-0.006682966853008912,0.01535006255078698,0.031589687309372526,-0.016239624758585546
gsm8k,q3-4bi|q3-8bi|l31-8bi|g2-9i|phi4mii,5,1,cons,logodds_mean,fixed,911,910,910,0.9989023051591658,q3-4bi,initial_fit_accuracy,q3-4bi+q3-8bi+l31-8bi+g2-9i+phi4mii--s70v0--9040b735,0.5933214286740585,0.9549945115257958,0.9549945115257958,0.0,0.07923477065900404,0.06630036630036695,0.012934404358637089,0.987012867345609,0.9743225687274798,0.012690298618129203,0.8548373515956104,0.721027814420837,0.1338095371747734,0.03661840981851628,0.04003357753357754,-0.003415167715061257,0.17203555394138906,0.18000630503591775,-0.007970751094528689,0.031360723641547454,0.03804369045537181,-0.006682966813824354,0.015350060925481447,0.031589687309372526,-0.01623962638389108
gsm8k,q3-4bi|q3-8bi|l31-8bi|g2-9i|phi4mii,5,1,cons,shared_rho,fitted,911,910,910,0.9989023051591658,q3-4bi,initial_fit_accuracy,q3-4bi+q3-8bi+l31-8bi+g2-9i+phi4mii--s70v0--9040b735,1.3215796964497328,0.9549945115257958,0.9549945115257958,0.0,0.021819060019813173,0.06630036630036695,-0.04448130628055378,0.987012867345609,0.9743225687274798,0.012690298618129203,0.8548373515956104,0.721027814420837,0.1338095371747734,0.03235111776410244,0.04003357753357754,-0.007682459769475097,0.13189428513888085,0.18000630503591775,-0.048112019897036895,0.03136072366785243,0.03804369045537181,-0.006682966787519375,0.015350059834484795,0.031589687309372526,-0.016239627474887733
gsm8k,q3-4bi|q3-8bi|l31-8bi|g2-9i|phi4mii,5,1,cons,shared_scale,fitted,911,910,910,0.9989023051591658,q3-4bi,initial_fit_accuracy,q3-4bi+q3-8bi+l31-8bi+g2-9i+phi4mii--s70v0--9040b735,0.9999999964704196,0.9549945115257958,0.9549945115257958,0.0,0.015350061672028521,0.06630036630036695,-0.05095030462833843,0.987012867345609,0.9743225687274798,0.012690298618129203,0.8548373515956104,0.721027814420837,0.1338095371747734,0.0313607236235539,0.04003357753357754,-0.008672853910023634,0.12479833333269305,0.18000630503591775,-0.055207971703224695,0.031360723629348684,0.03804369045537181,-0.006682966826023123,0.015350061431424403,0.031589687309372526,-0.016239625877948125
gsm8k,q3-4bi|q3-8bi|l31-8bi|g2-9i|phi4mii,5,1,cons,kahn,fitted,911,910,910,0.9989023051591658,q3-4bi,initial_fit_accuracy,q3-4bi+q3-8bi+l31-8bi+g2-9i+phi4mii--s70v0--9040b735,2.027756810272295,0.9549945115257958,0.9549945115257958,0.0,0.03453763637750745,0.06630036630036695,-0.0317627299228595,0.9872195134291075,0.9743225687274798,0.012896944701627722,0.8582334615060765,0.721027814420837,0.13720564708523952,0.03645820968895283,0.04003357753357754,-0.0035753678446247064,0.23151896979569309,0.18000630503591775,0.05151266475977534,0.03456741659492902,0.03804369045537181,-0.0034762738604427884,0.032715483502074726,0.031589687309372526,0.0011257961927021998
gsm8k,q3-4bi|q3-8bi|l31-8bi|g2-9i|phi4mii,5,1,cons,blp,fitted,911,910,910,0.9989023051591658,q3-4bi,initial_fit_accuracy,q3-4bi+q3-8bi+l31-8bi+g2-9i+phi4mii--s70v0--9040b735,1.000772160071313,0.9549945115257958,0.9549945115257958,0.0,0.011130175787180197,0.06630036630036695,-0.05517019051318676,0.9869416326513794,0.9743225687274798,0.012619063923899554,0.8496168851216706,0.721027814420837,0.12858907070083359,0.03266971546664348,0.04003357753357754,-0.007363862066934054,0.13251502233713974,0.18000630503591775,-0.047491282698778,0.03266899519921658,0.03804369045537181,-0.005374695256155228,0.011077523033491627,0.031589687309372526,-0.0205121642758809
gsm8k,q3-4bi|q3-8bi|l31-8bi|g2-9i|phi4mii,5,1,cons,logistic_pool,fitted,911,910,910,0.9989023051591658,q3-4bi,initial_fit_accuracy,q3-4bi+q3-8bi+l31-8bi+g2-9i+phi4mii--s70v0--9040b735,0.9963088608915971,0.9549945115257958,0.9549945115257958,0.0,0.008178895880182504,0.06630036630036695,-0.05812147042018445,0.9867438329593676,0.9743225687274798,0.01242126423188783,0.8493642819051896,0.721027814420837,0.12833646748435268,0.0326351535075072,0.04003357753357754,-0.007398424026070334,0.13178515603012053,0.18000630503591775,-0.048221149005797215,0.032641466196297354,0.03804369045537181,-0.0054022242590744535,0.007870608821020784,0.031589687309372526,-0.023719078488351742
gsm8k,q3-4bi|q3-8bi|l31-8bi|g2-9i|phi4mii,5,1,cons,blp_equal,fitted,911,910,910,0.9989023051591658,q3-4bi,initial_fit_accuracy,q3-4bi+q3-8bi+l31-8bi+g2-9i+phi4mii--s70v0--9040b735,0.9963328294777232,0.9549945115257958,0.9549945115257958,0.0,0.0134040173745375,0.06630036630036695,-0.05289634892582945,0.9869221167718748,0.9743225687274798,0.012599548044395004,0.8530550955682169,0.721027814420837,0.13202728114737994,0.03103606661490937,0.04003357753357754,-0.008997510918668166,0.1236592373531103,0.18000630503591775,-0.05634706768280745,0.031034232296262176,0.03804369045537181,-0.007009458159109631,0.013147648599353409,0.031589687309372526,-0.018442038710019117
gsm8k,q3-4bi|q3-8bi|l31-8bi|g2-9i|phi4mii,5,1,cons,kahn_diagonal,fitted,911,910,910,0.9989023051591658,q3-4bi,initial_fit_accuracy,q3-4bi+q3-8bi+l31-8bi+g2-9i+phi4mii--s70v0--9040b735,3.5069049753336,0.9549945115257958,0.9549945115257958,0.0,0.047943575298964744,0.06630036630036695,-0.01835679100140221,0.9872881704476999,0.9743225687274798,0.012965601720220099,0.8598894159252295,0.721027814420837,0.13886160150439253,0.046591423972034834,0.04003357753357754,0.006557846438457297,0.3949077269866936,0.18000630503591775,0.21490142195077583,0.042582242186406875,0.03804369045537181,0.004538551731035068,0.05562336177283941,0.031589687309372526,0.02403367446346688
gsm8k,q3-4bi|q3-8bi|l31-8bi|g2-9i|phi4mii,5,1,cons,reference_stream_target,fixed,911,910,910,0.9989023051591658,q3-4bi,initial_fit_accuracy,q3-4bi+q3-8bi+l31-8bi+g2-9i+phi4mii--s70v0--9040b735,0.786512373396569,0.9549945115257958,0.9549945115257958,0.0,0.06630036630036695,0.06630036630036695,0.0,0.9743225687274798,0.9743225687274798,0.0,0.721027814420837,0.721027814420837,0.0,0.04003357753357754,0.04003357753357754,0.0,0.18000630503591775,0.18000630503591775,0.0,0.03804369045537181,0.03804369045537181,0.0,0.031589687309372526,0.031589687309372526,0.0
gsm8k,q3-4bi|q3-8bi|l32-3bi|l31-8bi|g2-9i,5,1,cons,mean,fixed,911,911,911,1.0,q3-4bi,initial_fit_accuracy,q3-4bi+q3-8bi+l32-3bi+l31-8bi+g2-9i--s70v0--fca2369f,0.46951687763041267,0.960482985729967,0.960482985729967,0.0,0.11868825466515182,0.06595316502012505,0.05273508964502677,0.9862190753285968,0.9769942651838208,0.009224810144775941,0.8174761904761905,0.7141587301587301,0.10331746031746036,0.04902434748139677,0.03524057811928284,0.01378376936211393,0.2137312157351668,0.16679902999835527,0.046932185736811516,0.036677179236968865,0.03268607799048666,0.0039911012464822065,0.01861063393139414,0.028685162735869876,-0.010074528804475735
gsm8k,q3-4bi|q3-8bi|l32-3bi|l31-8bi|g2-9i,5,1,cons,logodds_sum,fixed,911,911,911,1.0,q3-4bi,initial_fit_accuracy,q3-4bi+q3-8bi+l32-3bi+l31-8bi+g2-9i--s70v0--fca2369f,2.6495183535544093,0.960482985729967,0.960482985729967,0.0,0.04029201281443675,0.06595316502012505,-0.0256611522056883,0.9864508409141918,0.9769942651838208,0.009456575730370953,0.822031746031746,0.7141587301587301,0.1078730158730159,0.04094433095831021,0.03524057811928284,0.005703752839027368,0.2603747907559344,0.16679902999835527,0.09357576075757912,0.03645404280842586,0.03268607799048666,0.003767964817939201,0.01818139365719695,0.028685162735869876,-0.010503769078672925
gsm8k,q3-4bi|q3-8bi|l32-3bi|l31-8bi|g2-9i,5,1,cons,logodds_mean,fixed,911,911,911,1.0,q3-4bi,initial_fit_accuracy,q3-4bi+q3-8bi+l32-3bi+l31-8bi+g2-9i--s70v0--fca2369f,0.5299036725743371,0.960482985729967,0.960482985729967,0.0,0.10195193043936784,0.06595316502012505,0.035998765419242795,0.9864508409141918,0.9769942651838208,0.009456575730370953,0.822031746031746,0.7141587301587301,0.1078730158730159,0.04426751201153649,0.03524057811928284,0.009026933892253647,0.19766036941972562,0.16679902999835527,0.030861339421370343,0.036454042801057567,0.03268607799048666,0.0037679648105709077,0.018181393850106795,0.028685162735869876,-0.010503768885763081
gsm8k,q3-4bi|q3-8bi|l32-3bi|l31-8bi|g2-9i,5,1,cons,shared_rho,fitted,911,911,911,1.0,q3-4bi,initial_fit_accuracy,q3-4bi+q3-8bi+l32-3bi+l31-8bi+g2-9i--s70v0--fca2369f,1.284504825518933,0.960482985729967,0.960482985729967,0.0,0.02693622207556863,0.06595316502012505,-0.03901694294455642,0.9864508409141918,0.9769942651838208,0.009456575730370953,0.822031746031746,0.7141587301587301,0.1078730158730159,0.037419244532715584,0.03524057811928284,0.002178666413432742,0.14976391876029674,0.16679902999835527,-0.017035111238058537,0.036454042838381835,0.03268607799048666,0.0037679648478951763,0.018181392872712778,0.028685162735869876,-0.010503769863157097
gsm8k,q3-4bi|q3-8bi|l32-3bi|l31-8bi|g2-9i,5,1,cons,shared_scale,fitted,911,911,911,1.0,q3-4bi,initial_fit_accuracy,q3-4bi+q3-8bi+l32-3bi+l31-8bi+g2-9i--s70v0--fca2369f,0.9999999926576335,0.960482985729967,0.960482985729967,0.0,0.018181394156874905,0.06595316502012505,-0.04777177086325014,0.9864508409141918,0.9769942651838208,0.009456575730370953,0.822031746031746,0.7141587301587301,0.1078730158730159,0.036454042789344526,0.03524057811928284,0.0012134646700616841,0.14071809685121897,0.16679902999835527,-0.026080933147136304,0.03645404280472827,0.03268607799048666,0.0037679648142416103,0.018181393753983616,0.028685162735869876,-0.01050376898188626
gsm8k,q3-4bi|q3-8bi|l32-3bi|l31-8bi|g2-9i,5,1,cons,kahn,fitted,911,911,911,1.0,q3-4bi,initial_fit_accuracy,q3-4bi+q3-8bi+l32-3bi+l31-8bi+g2-9i--s70v0--fca2369f,2.100309131071791,0.960482985729967,0.960482985729967,0.0,0.042765678687288804,0.06595316502012505,-0.023187486332836245,0.9867209762474674,0.9769942651838208,0.009726711063646531,0.831031746031746,0.7141587301587301,0.1168730158730159,0.041451304852760634,0.03524057811928284,0.006210726733477792,0.2792065091573119,0.16679902999835527,0.1124074791589566,0.039742071963484414,0.03268607799048666,0.007055993972997755,0.04068544576209704,0.028685162735869876,0.012000283026227163
gsm8k,q3-4bi|q3-8bi|l32-3bi|l31-8bi|g2-9i,5,1,cons,blp,fitted,911,911,911,1.0,q3-4bi,initial_fit_accuracy,q3-4bi+q3-8bi+l32-3bi+l31-8bi+g2-9i--s70v0--fca2369f,0.998692303572588,0.960482985729967,0.960482985729967,0.0,0.015305012305689345,0.06595316502012505,-0.05064815271443571,0.9863981890624292,0.9769942651838208,0.009403923878608333,0.8240793650793651,0.7141587301587301,0.10992063492063497,0.03326101092270184,0.03524057811928284,-0.001979567196581003,0.13551292563212888,0.16679902999835527,-0.03128610436622639,0.03326041987415214,0.03268607799048666,0.0005743418836654801,0.01586554725278147,0.028685162735869876,-0.012819615483088406
gsm8k,q3-4bi|q3-8bi|l32-3bi|l31-8bi|g2-9i,5,1,cons,logistic_pool,fitted,911,911,911,1.0,q3-4bi,initial_fit_accuracy,q3-4bi+q3-8bi+l32-3bi+l31-8bi+g2-9i--s70v0--fca2369f,0.9944833805100977,0.960482985729967,0.960482985729967,0.0,0.018323094089586173,0.06595316502012505,-0.04763007093053888,0.9863656129763154,0.9769942651838208,0.0093713477924946,0.8223650793650794,0.7141587301587301,0.1082063492063493,0.03416619408773822,0.03524057811928284,-0.0010743840315446188,0.13673037897726653,0.16679902999835527,-0.030068651021088744,0.034172277114226955,0.03268607799048666,0.0014861991237402963,0.018358443762367286,0.028685162735869876,-0.01032671897350259
gsm8k,q3-4bi|q3-8bi|l32-3bi|l31-8bi|g2-9i,5,1,cons,blp_equal,fitted,911,911,911,1.0,q3-4bi,initial_fit_accuracy,q3-4bi+q3-8bi+l32-3bi+l31-8bi+g2-9i--s70v0--fca2369f,0.9921002108240133,0.960482985729967,0.960482985729967,0.0,0.014251422653621214,0.06595316502012505,-0.051701742366503836,0.9862190753285968,0.9769942651838208,0.009224810144775941,0.8174761904761905,0.7141587301587301,0.10331746031746036,0.0347174940602622,0.03524057811928284,-0.0005230840590206426,0.13729833025290744,0.16679902999835527,-0.029500699745447834,0.034705083163515935,0.03268607799048666,0.0020190051730292757,0.013822267187755703,0.028685162735869876,-0.014862895548114173
gsm8k,q3-4bi|q3-8bi|l32-3bi|l31-8bi|g2-9i,5,1,cons,kahn_diagonal,fitted,911,911,911,1.0,q3-4bi,initial_fit_accuracy,q3-4bi+q3-8bi+l32-3bi+l31-8bi+g2-9i--s70v0--fca2369f,3.4322293854348476,0.960482985729967,0.960482985729967,0.0,0.05556494060659702,0.06595316502012505,-0.010388224413528026,0.9866200942658189,0.9769942651838208,0.00962582908199805,0.8284920634920635,0.7141587301587301,0.1143333333333334,0.05505493374944942,0.03524057811928284,0.019814355630166577,0.45138486227884267,0.16679902999835527,0.2845858322804874,0.048549523966867014,0.03268607799048666,0.015863445976380355,0.057988669594722715,0.028685162735869876,0.02930350685885284
gsm8k,q3-4bi|q3-8bi|l32-3bi|l31-8bi|g2-9i,5,1,cons,reference_stream_target,fixed,911,911,911,1.0,q3-4bi,initial_fit_accuracy,q3-4bi+q3-8bi+l32-3bi+l31-8bi+g2-9i--s70v0--fca2369f,0.7752630838152682,0.960482985729967,0.960482985729967,0.0,0.06595316502012505,0.06595316502012505,0.0,0.9769942651838208,0.9769942651838208,0.0,0.7141587301587301,0.7141587301587301,0.0,0.03524057811928284,0.03524057811928284,0.0,0.16679902999835527,0.16679902999835527,0.0,0.03268607799048666,0.03268607799048666,0.0,0.028685162735869876,0.028685162735869876,0.0
gsm8k,q3-4bi|q3-8bi|l32-3bi|l31-8bi|g2-9i|phi4mii,6,1,cons,mean,fixed,911,911,911,1.0,q3-4bi,initial_fit_accuracy,q3-4bi+q3-8bi+l32-3bi+l31-8bi+g2-9i+phi4mii--s70v0--7db344bb,0.4791235706179685,0.9560922063666301,0.9560922063666301,0.0,0.1048329064518565,0.06009879253567556,0.04473411391618094,0.9850694682126129,0.9712612371331593,0.013808231079453614,0.8314293915040184,0.6781572904707233,0.15327210103329514,0.045411203602042094,0.03883857787535065,0.006572625726691442,0.2031428743706928,0.17756354943648917,0.025579324934203646,0.03467836638333372,0.036434230076909796,-0.001755863693576075,0.008515117841838296,0.01769910431545347,-0.009183986473615173
gsm8k,q3-4bi|q3-8bi|l32-3bi|l31-8bi|g2-9i|phi4mii,6,1,cons,logodds_sum,fixed,911,911,911,1.0,q3-4bi,initial_fit_accuracy,q3-4bi+q3-8bi+l32-3bi+l31-8bi+g2-9i+phi4mii--s70v0--7db344bb,3.1229349280166288,0.9560922063666301,0.9560922063666301,0.0,0.03924758619382985,0.06009879253567556,-0.02085120634184571,0.9851552390221907,0.9712612371331593,0.013894001889031449,0.8334242250287026,0.6781572904707233,0.15526693455797935,0.039675893910227286,0.03883857787535065,0.000837316034876634,0.31185877093771663,0.17756354943648917,0.13429522150122747,0.03492859478185346,0.036434230076909796,-0.0015056352950563387,0.01172443267962128,0.01769910431545347,-0.00597467163583219
gsm8k,q3-4bi|q3-8bi|l32-3bi|l31-8bi|g2-9i|phi4mii,6,1,cons,logodds_mean,fixed,911,911,911,1.0,q3-4bi,initial_fit_accuracy,q3-4bi+q3-8bi+l32-3bi+l31-8bi+g2-9i+phi4mii--s70v0--7db344bb,0.5284486201135767,0.9560922063666301,0.9560922063666301,0.0,0.0899097614474569,0.06009879253567556,0.029810968911781338,0.9851552390221907,0.9712612371331593,0.013894001889031449,0.8334242250287026,0.6781572904707233,0.15526693455797935,0.04153775034987299,0.03883857787535065,0.0026991724745223378,0.18920675661394865,0.17756354943648917,0.01164320717745948,0.03488580957048316,0.036434230076909796,-0.0015484205064266385,0.01143686271285393,0.01769910431545347,-0.00626224160259954
gsm8k,q3-4bi|q3-8bi|l32-3bi|l31-8bi|g2-9i|phi4mii,6,1,cons,shared_rho,fitted,911,911,911,1.0,q3-4bi,initial_fit_accuracy,q3-4bi+q3-8bi+l32-3bi+l31-8bi+g2-9i+phi4mii--s70v0--7db344bb,1.345833411266202,0.9560922063666301,0.9560922063666301,0.0,0.027674329677694894,0.06009879253567556,-0.03242446285798066,0.9851552390221907,0.9712612371331593,0.013894001889031449,0.8334242250287026,0.6781572904707233,0.15526693455797935,0.03619368416559344,0.03883857787535065,-0.0026448937097572137,0.1515851716772872,0.17756354943648917,-0.025978377759201976,0.034885809702836494,0.036434230076909796,-0.0015484203740733019,0.011436865791163335,0.01769910431545347,-0.006262238524290134
gsm8k,q3-4bi|q3-8bi|l32-3bi|l31-8bi|g2-9i|phi4mii,6,1,cons,shared_scale,fitted,911,911,911,1.0,q3-4bi,initial_fit_accuracy,q3-4bi+q3-8bi+l32-3bi+l31-8bi+g2-9i+phi4mii--s70v0--7db344bb,1.0000000211828814,0.9560922063666301,0.9560922063666301,0.0,0.011436864336666292,0.06009879253567556,-0.04866192819900927,0.9851552390221907,0.9712612371331593,0.013894001889031449,0.8334242250287026,0.6781572904707233,0.15526693455797935,0.034885809640292316,0.03883857787535065,-0.003952768235058336,0.13623017975060278,0.17756354943648917,-0.041333369685886384,0.03488580957629507,0.036434230076909796,-0.001548420500614725,0.01143686284802904,0.01769910431545347,-0.006262241467424429
gsm8k,q3-4bi|q3-8bi|l32-3bi|l31-8bi|g2-9i|phi4mii,6,1,cons,kahn,fitted,911,911,911,1.0,q3-4bi,initial_fit_accuracy,q3-4bi+q3-8bi+l32-3bi+l31-8bi+g2-9i+phi4mii--s70v0--7db344bb,1.7487806508179227,0.9560922063666301,0.9560922063666301,0.0,0.0419938866195377,0.06009879253567556,-0.018104905916137858,0.984467100195038,0.9712612371331593,0.013205863061878764,0.8225889781859931,0.6781572904707233,0.14443168771526982,0.04495077123866675,0.03883857787535065,0.006112193363316094,0.21395266614110262,0.17756354943648917,0.03638911670461345,0.041807777381870706,0.036434230076909796,0.00537354730496091,0.031080846807234337,0.01769910431545347,0.013381742491780868
gsm8k,q3-4bi|q3-8bi|l32-3bi|l31-8bi|g2-9i|phi4mii,6,1,cons,blp,fitted,911,911,911,1.0,q3-4bi,initial_fit_accuracy,q3-4bi+q3-8bi+l32-3bi+l31-8bi+g2-9i+phi4mii--s70v0--7db344bb,0.9950250606586745,0.9560922063666301,0.9560922063666301,0.0,0.009502565868034031,0.06009879253567556,-0.050596226667641526,0.9840777564155596,0.9712612371331593,0.012816519282400352,0.8151262916188289,0.6781572904707233,0.13696900114810562,0.033481227224900725,0.03883857787535065,-0.005357350650449927,0.13642663250296042,0.17756354943648917,-0.04113691693352875,0.033481934633868136,0.036434230076909796,-0.0029522954430416595,0.009841259377657402,0.01769910431545347,-0.007857844937796067
gsm8k,q3-4bi|q3-8bi|l32-3bi|l31-8bi|g2-9i|phi4mii,6,1,cons,logistic_pool,fitted,911,911,911,1.0,q3-4bi,initial_fit_accuracy,q3-4bi+q3-8bi+l32-3bi+l31-8bi+g2-9i+phi4mii--s70v0--7db344bb,0.9937115098321161,0.9560922063666301,0.9560922063666301,0.0,0.010560542366488483,0.06009879253567556,-0.04953825016918707,0.9792680195962733,0.9712612371331593,0.008006782463114037,0.7902698048220437,0.6781572904707233,0.11211251435132041,0.03431463450273352,0.03883857787535065,-0.004523943372617134,0.14081057750810874,0.17756354943648917,-0.036752971928380423,0.03432165275976737,0.036434230076909796,-0.002112577317142428,0.01054899811968613,0.01769910431545347,-0.00715010619576734
gsm8k,q3-4bi|q3-8bi|l32-3bi|l31-8bi|g2-9i|phi4mii,6,1,cons,blp_equal,fitted,911,911,911,1.0,q3-4bi,initial_fit_accuracy,q3-4bi+q3-8bi+l32-3bi+l31-8bi+g2-9i+phi4mii--s70v0--7db344bb,0.9956727267545362,0.9560922063666301,0.9560922063666301,0.0,0.005900277325724478,0.06009879253567556,-0.05419851520995108,0.9850694682126129,0.9712612371331593,0.013808231079453614,0.8314293915040184,0.6781572904707233,0.15327210103329514,0.03357578457527981,0.03883857787535065,-0.005262793300070845,0.13326025778777928,0.17756354943648917,-0.044303291648709886,0.03357974338698853,0.036434230076909796,-0.0028544866899212692,0.006158321984396342,0.01769910431545347,-0.011540782331057127
gsm8k,q3-4bi|q3-8bi|l32-3bi|l31-8bi|g2-9i|phi4mii,6,1,cons,kahn_diagonal,fitted,911,911,911,1.0,q3-4bi,initial_fit_accuracy,q3-4bi+q3-8bi+l32-3bi+l31-8bi+g2-9i+phi4mii--s70v0--7db344bb,3.3396532281642464,0.9560922063666301,0.9560922063666301,0.0,0.0605557746208473,0.06009879253567556,0.00045698208517173933,0.9852547121941755,0.9712612371331593,0.013993475061016225,0.8351607347876004,0.6781572904707233,0.15700344431687718,0.058677132672205035,0.03883857787535065,0.019838554796854382,0.42361732746331127,0.17756354943648917,0.2460537780268221,0.05282415374419521,0.036434230076909796,0.016389923667285415,0.07518476296436061,0.01769910431545347,0.05748565864890714
gsm8k,q3-4bi|q3-8bi|l32-3bi|l31-8bi|g2-9i|phi4mii,6,1,cons,reference_stream_target,fixed,911,911,911,1.0,q3-4bi,initial_fit_accuracy,q3-4bi+q3-8bi+l32-3bi+l31-8bi+g2-9i+phi4mii--s70v0--7db344bb,0.7498185410757977,0.9560922063666301,0.9560922063666301,0.0,0.06009879253567556,0.06009879253567556,0.0,0.9712612371331593,0.9712612371331593,0.0,0.6781572904707233,0.6781572904707233,0.0,0.03883857787535065,0.03883857787535065,0.0,0.17756354943648917,0.17756354943648917,0.0,0.036434230076909796,0.036434230076909796,0.0,0.01769910431545347,0.01769910431545347,0.0
gsm8k,q3-8bi|g2-9i|phi4mii,3,1,cons,mean,fixed,911,910,910,0.9989023051591658,q3-8bi,initial_fit_accuracy,q3-8bi+g2-9i+phi4mii--s70v0--d610b66c,0.6273228011680998,0.9506037321624589,0.9506037321624589,0.0,0.07442002441973623,0.06318681318681381,0.011233211232922424,0.984175128165932,0.9720388417724835,0.012136286393448548,0.8421836865767501,0.7243031470777136,0.11788053949903654,0.039022859856153516,0.04015567765567765,-0.0011328177995241356,0.1753924157205857,0.17972347244159487,-0.004331056721009169,0.03395007652658567,0.03815037766327987,-0.004200301136694201,0.012516374576737588,0.020363956861049082,-0.007847582284311493
gsm8k,q3-8bi|g2-9i|phi4mii,3,1,cons,logodds_sum,fixed,911,910,910,0.9989023051591658,q3-8bi,initial_fit_accuracy,q3-8bi+g2-9i+phi4mii--s70v0--d610b66c,1.9321817893529853,0.9506037321624589,0.9506037321624589,0.0,0.03015562912567944,0.06318681318681381,-0.03303118406113437,0.9841770435438255,0.9720388417724835,0.012138201771342061,0.842247912652537,0.7243031470777136,0.11794476557482336,0.03477616624587692,0.04015567765567765,-0.0053795114098007316,0.1820008362125978,0.17972347244159487,0.0022773637710029326,0.03343663415996375,0.03815037766327987,-0.004713743503316117,0.011813498878136998,0.020363956861049082,-0.008550457982912084
gsm8k,q3-8bi|g2-9i|phi4mii,3,1,cons,logodds_mean,fixed,911,910,910,0.9989023051591658,q3-8bi,initial_fit_accuracy,q3-8bi+g2-9i+phi4mii--s70v0--d610b66c,0.6440605918856815,0.9506037321624589,0.9506037321624589,0.0,0.06859890043821755,0.06318681318681381,0.005412087251403741,0.9841770435438255,0.9720388417724835,0.012138201771342061,0.842247912652537,0.7243031470777136,0.11794476557482336,0.03786364426540279,0.04015567765567765,-0.00229203339027486,0.17264724642351378,0.17972347244159487,-0.007076226018081083,0.03343663415495273,0.03815037766327987,-0.004713743508327137,0.011813498272377704,0.020363956861049082,-0.008550458588671378
gsm8k,q3-8bi|g2-9i|phi4mii,3,1,cons,shared_rho,fitted,911,910,910,0.9989023051591658,q3-8bi,initial_fit_accuracy,q3-8bi+g2-9i+phi4mii--s70v0--d610b66c,1.0721506616649088,0.9506037321624589,0.9506037321624589,0.0,0.00992826745357694,0.06318681318681381,-0.05325854573323687,0.9841770435438255,0.9720388417724835,0.012138201771342061,0.842247912652537,0.7243031470777136,0.11794476557482336,0.03343486500100079,0.04015567765567765,-0.006720812654676861,0.13515271882613897,0.17972347244159487,-0.0445707536154559,0.033436634140810495,0.03815037766327987,-0.004713743522469373,0.011813496562788671,0.020363956861049082,-0.00855046029826041
gsm8k,q3-8bi|g2-9i|phi4mii,3,1,cons,shared_scale,fitted,911,910,910,0.9989023051591658,q3-8bi,initial_fit_accuracy,q3-8bi+g2-9i+phi4mii--s70v0--d610b66c,1.0000000144444576,0.9506037321624589,0.9506037321624589,0.0,0.01181349650388455,0.06318681318681381,-0.05137331668292926,0.9841770435438255,0.9720388417724835,0.012138201771342061,0.842247912652537,0.7243031470777136,0.11794476557482336,0.03343663414032871,0.04015567765567765,-0.006719043515348945,0.13561894500026417,0.17972347244159487,-0.0441045274413307,0.033436634150533544,0.03815037766327987,-0.004713743512746324,0.011813497738162244,0.020363956861049082,-0.008550459122886838
gsm8k,q3-8bi|g2-9i|phi4mii,3,1,cons,kahn,fitted,911,910,910,0.9989023051591658,q3-8bi,initial_fit_accuracy,q3-8bi+g2-9i+phi4mii--s70v0--d610b66c,2.2627023423767842,0.9506037321624589,0.9506037321624589,0.0,0.0347006778701911,0.06318681318681381,-0.02848613531662271,0.9842579087011665,0.9720388417724835,0.01221906692868302,0.8438021836865768,0.7243031470777136,0.11949903660886319,0.037867047970763505,0.04015567765567765,-0.0022886296849141466,0.22652545673213628,0.17972347244159487,0.046801984290541415,0.03550040480672624,0.03815037766327987,-0.002649972856553627,0.026454839005178112,0.020363956861049082,0.0060908821441290305
gsm8k,q3-8bi|g2-9i|phi4mii,3,1,cons,blp,fitted,911,910,910,0.9989023051591658,q3-8bi,initial_fit_accuracy,q3-8bi+g2-9i+phi4mii--s70v0--d610b66c,1.0028455568511687,0.9506037321624589,0.9506037321624589,0.0,0.012922010897968059,0.06318681318681381,-0.05026480228884575,0.9842228130722526,0.9720388417724835,0.012183971299769114,0.8431085420680796,0.7243031470777136,0.11880539499036602,0.035497427737015246,0.04015567765567765,-0.004658249918662406,0.14017261669733838,0.17972347244159487,-0.039550855744256486,0.035491454136856074,0.03815037766327987,-0.002658923526423794,0.013140831543293421,0.020363956861049082,-0.007223125317755661
gsm8k,q3-8bi|g2-9i|phi4mii,3,1,cons,logistic_pool,fitted,911,910,910,0.9989023051591658,q3-8bi,initial_fit_accuracy,q3-8bi+g2-9i+phi4mii--s70v0--d610b66c,0.9944686623663239,0.9506037321624589,0.9506037321624589,0.0,0.016262519040391096,0.06318681318681381,-0.04692429414642271,0.984250618888204,0.9720388417724835,0.012211777115720523,0.8436737315350032,0.7243031470777136,0.11937058445728965,0.03560208699310926,0.04015567765567765,-0.004553590662568392,0.1407669331312521,0.17972347244159487,-0.038956539310342764,0.03561777754294825,0.03815037766327987,-0.0025326001203316156,0.013150519561648363,0.020363956861049082,-0.007213437299400719
gsm8k,q3-8bi|g2-9i|phi4mii,3,1,cons,blp_equal,fitted,911,910,910,0.9989023051591658,q3-8bi,initial_fit_accuracy,q3-8bi+g2-9i+phi4mii--s70v0--d610b66c,0.9992454542483888,0.9506037321624589,0.9506037321624589,0.0,0.00851389141961993,0.06318681318681381,-0.05467292176719388,0.984175128165932,0.9720388417724835,0.012136286393448548,0.8421836865767501,0.7243031470777136,0.11788053949903654,0.034638347159345786,0.04015567765567765,-0.005517330496331865,0.13626105437107458,0.17972347244159487,-0.04346241807052029,0.034638742266075724,0.03815037766327987,-0.0035116353972041436,0.00845861639891419,0.020363956861049082,-0.011905340462134891
gsm8k,q3-8bi|g2-9i|phi4mii,3,1,cons,kahn_diagonal,fitted,911,910,910,0.9989023051591658,q3-8bi,initial_fit_accuracy,q3-8bi+g2-9i+phi4mii--s70v0--d610b66c,3.294897460239301,0.9506037321624589,0.9506037321624589,0.0,0.04150171970589123,0.06318681318681381,-0.021685093480922582,0.984287466395328,0.9720388417724835,0.012248624622844595,0.8444701348747592,0.7243031470777136,0.1201669877970456,0.04184925702613835,0.04015567765567765,0.0016935793704606975,0.28689991924345537,0.17972347244159487,0.1071764468018605,0.03719558656597336,0.03815037766327987,-0.0009547910973065066,0.04072538799101285,0.020363956861049082,0.020361431129963768
gsm8k,q3-8bi|g2-9i|phi4mii,3,1,cons,reference_stream_target,fixed,911,910,910,0.9989023051591658,q3-8bi,initial_fit_accuracy,q3-8bi+g2-9i+phi4mii--s70v0--d610b66c,0.7361924742255159,0.9506037321624589,0.9506037321624589,0.0,0.06318681318681381,0.06318681318681381,0.0,0.9720388417724835,0.9720388417724835,0.0,0.7243031470777136,0.7243031470777136,0.0,0.04015567765567765,0.04015567765567765,0.0,0.17972347244159487,0.17972347244159487,0.0,0.03815037766327987,0.03815037766327987,0.0,0.020363956861049082,0.020363956861049082,0.0
gsm8k,q3-8bi|l31-8bi,2,1,cons,mean,fixed,911,911,911,1.0,q3-8bi,initial_fit_accuracy,q3-8bi+l31-8bi--s70v0--2c0191fc,0.6117039335363943,0.9484083424807903,0.9484083424807903,0.0,0.10043907793620896,0.057354555433590075,0.043084522502618884,0.9741174999074411,0.9686476076351856,0.005469892272255472,0.7470449172576832,0.7028294917257684,0.04421542553191482,0.053222954018781084,0.04298542505183559,0.010237528966945492,0.22311681183979654,0.18639433343225034,0.036722478407546194,0.04315011855353833,0.04131056675130931,0.0018395518022290142,0.025388323446283393,0.02607539216832287,-0.0006870687220394758
gsm8k,q3-8bi|l31-8bi,2,1,cons,logodds_sum,fixed,911,911,911,1.0,q3-8bi,initial_fit_accuracy,q3-8bi+l31-8bi--s70v0--2c0191fc,1.302431398484472,0.9484083424807903,0.9484083424807903,0.0,0.01775675176232267,0.057354555433590075,-0.039597803671267404,0.9742056925121261,0.9686476076351856,0.005558084876940428,0.748719464144996,0.7028294917257684,0.045889972419227654,0.04048904779012623,0.04298542505183559,-0.0024963772617093635,0.16967123328888262,0.18639433343225034,-0.016723100143367725,0.04104064531061192,0.04131056675130931,-0.0002699214406973946,0.019937674602138945,0.02607539216832287,-0.0061377175661839235
gsm8k,q3-8bi|l31-8bi,2,1,cons,logodds_mean,fixed,911,911,911,1.0,q3-8bi,initial_fit_accuracy,q3-8bi+l31-8bi--s70v0--2c0191fc,0.6512157008657833,0.9484083424807903,0.9484083424807903,0.0,0.0875433172689293,0.057354555433590075,0.03018876183533923,0.9742056925121261,0.9686476076351856,0.005558084876940428,0.748719464144996,0.7028294917257684,0.045889972419227654,0.048766626485699724,0.04298542505183559,0.005781201433864132,0.21072493120403044,0.18639433343225034,0.024330597771780094,0.041040645325512604,0.04131056675130931,-0.00026992142579670975,0.019937674874515803,0.02607539216832287,-0.006137717293807066
gsm8k,q3-8bi|l31-8bi,2,1,cons,shared_rho,fitted,911,911,911,1.0,q3-8bi,initial_fit_accuracy,q3-8bi+l31-8bi--s70v0--2c0191fc,1.058374214116195,0.9484083424807903,0.9484083424807903,0.0,0.01404985144011617,0.057354555433590075,-0.04330470399347391,0.9742056925121261,0.9686476076351856,0.005558084876940428,0.748719464144996,0.7028294917257684,0.045889972419227654,0.040760197033303136,0.04298542505183559,-0.002225228018532456,0.16673564083595824,0.18639433343225034,-0.019658692596292104,0.041040645238691394,0.04131056675130931,-0.0002699215126179197,0.019937673287468753,0.02607539216832287,-0.006137718880854116
gsm8k,q3-8bi|l31-8bi,2,1,cons,shared_scale,fitted,911,911,911,1.0,q3-8bi,initial_fit_accuracy,q3-8bi+l31-8bi--s70v0--2c0191fc,1.0000000175757102,0.9484083424807903,0.9484083424807903,0.0,0.019937674482806894,0.057354555433590075,-0.03741688095078318,0.9742056925121261,0.9686476076351856,0.005558084876940428,0.748719464144996,0.7028294917257684,0.045889972419227654,0.041040645304090996,0.04298542505183559,-0.001944779747744596,0.16825205994184145,0.18639433343225034,-0.018142273490408894,0.04104064540913779,0.04131056675130931,-0.0002699213421715266,0.019937676403140963,0.02607539216832287,-0.006137715765181906
gsm8k,q3-8bi|l31-8bi,2,1,cons,kahn,fitted,911,911,911,1.0,q3-8bi,initial_fit_accuracy,q3-8bi+l31-8bi--s70v0--2c0191fc,1.5183657322159205,0.9484083424807903,0.9484083424807903,0.0,0.024094867203411727,0.057354555433590075,-0.033259688230178344,0.9752730319795397,0.9686476076351856,0.006625424344354092,0.766831658786446,0.7028294917257684,0.06400216706067763,0.04180159155645008,0.04298542505183559,-0.0011838334953855126,0.1765645652790305,0.18639433343225034,-0.009829768153219842,0.04162905431463263,0.04131056675130931,0.0003184875633233178,0.03785423776718329,0.02607539216832287,0.01177884559886042
gsm8k,q3-8bi|l31-8bi,2,1,cons,blp,fitted,911,911,911,1.0,q3-8bi,initial_fit_accuracy,q3-8bi+l31-8bi--s70v0--2c0191fc,1.0020461461490822,0.9484083424807903,0.9484083424807903,0.0,0.015425900777274588,0.057354555433590075,-0.041928654656315484,0.9750728866596894,0.9686476076351856,0.006425279024503738,0.7630639282899921,0.7028294917257684,0.06023443656422378,0.04042235892497414,0.04298542505183559,-0.0025630661268614546,0.16455640213640257,0.18639433343225034,-0.021837931295847768,0.0404287874124675,0.04131056675130931,-0.0008817793388418149,0.01565791456177287,0.02607539216832287,-0.010417477606549999
gsm8k,q3-8bi|l31-8bi,2,1,cons,logistic_pool,fitted,911,911,911,1.0,q3-8bi,initial_fit_accuracy,q3-8bi+l31-8bi--s70v0--2c0191fc,0.996280534910392,0.9484083424807903,0.9484083424807903,0.0,0.015770197462381,0.057354555433590075,-0.041584357971209074,0.9748618169705494,0.9686476076351856,0.006214209335363763,0.7593947005516154,0.7028294917257684,0.056565208825847035,0.04018553739154484,0.04298542505183559,-0.0027998876602907535,0.1648619159568431,0.18639433343225034,-0.02153241747540724,0.040173780967499254,0.04131056675130931,-0.0011367857838100598,0.015421105280602539,0.02607539216832287,-0.01065428688772033
gsm8k,q3-8bi|l31-8bi,2,1,cons,blp_equal,fitted,911,911,911,1.0,q3-8bi,initial_fit_accuracy,q3-8bi+l31-8bi--s70v0--2c0191fc,0.9971468520600295,0.9484083424807903,0.9484083424807903,0.0,0.016558424877705806,0.057354555433590075,-0.04079613055588427,0.9741174999074411,0.9686476076351856,0.005469892272255472,0.7470449172576832,0.7028294917257684,0.04421542553191482,0.04218925231912602,0.04298542505183559,-0.0007961727327095713,0.171539250080277,0.18639433343225034,-0.01485508335197333,0.042174575563267196,0.04131056675130931,0.0008640088119578823,0.016216093322943163,0.02607539216832287,-0.009859298845379706
gsm8k,q3-8bi|l31-8bi,2,1,cons,kahn_diagonal,fitted,911,911,911,1.0,q3-8bi,initial_fit_accuracy,q3-8bi+l31-8bi--s70v0--2c0191fc,1.6654401096561413,0.9484083424807903,0.9484083424807903,0.0,0.029557627300329303,0.057354555433590075,-0.027796928133260772,0.9752238070143838,0.9686476076351856,0.006576199379198178,0.7658958825847124,0.7028294917257684,0.06306639085894405,0.04355888587376569,0.04298542505183559,0.0005734608219300982,0.19023540931083802,0.18639433343225034,0.003841075878587674,0.043855529961503284,0.04131056675130931,0.0025449632101939706,0.04584672841548705,0.02607539216832287,0.019771336247164182
gsm8k,q3-8bi|l31-8bi,2,1,cons,reference_stream_target,fixed,911,911,911,1.0,q3-8bi,initial_fit_accuracy,q3-8bi+l31-8bi--s70v0--2c0191fc,0.8120579881098953,0.9484083424807903,0.9484083424807903,0.0,0.057354555433590075,0.057354555433590075,0.0,0.9686476076351856,0.9686476076351856,0.0,0.7028294917257684,0.7028294917257684,0.0,0.04298542505183559,0.04298542505183559,0.0,0.18639433343225034,0.18639433343225034,0.0,0.04131056675130931,0.04131056675130931,0.0,0.02607539216832287,0.02607539216832287,0.0
gsm8k,q3-8bi|l31-8bi|g2-9i|phi4mii,4,1,cons,mean,fixed,911,910,910,0.9989023051591658,q3-8bi,initial_fit_accuracy,q3-8bi+l31-8bi+g2-9i+phi4mii--s70v0--c5a31c62,0.5452891577509341,0.9495060373216246,0.9495060373216246,0.0,0.10128205128189714,0.060073260073260644,0.0412087912086365,0.9930842729933853,0.9743084012488915,0.0187758717444938,0.9175850442834138,0.754843498389694,0.1627415458937198,0.041472069597046336,0.03429487179487179,0.007177197802174545,0.18880638857371507,0.16408231908498172,0.024724069488733347,0.03191852617730376,0.031384602130696264,0.0005339240466074938,0.020021677823561873,0.018894526654401892,0.001127151169159981
gsm8k,q3-8bi|l31-8bi|g2-9i|phi4mii,4,1,cons,logodds_sum,fixed,911,910,910,0.9989023051591658,q3-8bi,initial_fit_accuracy,q3-8bi+l31-8bi+g2-9i+phi4mii--s70v0--c5a31c62,2.3860709369879145,0.9495060373216246,0.9495060373216246,0.0,0.03411017742216368,0.060073260073260644,-0.025963082651096966,0.993120779798732,0.9743084012488915,0.018812378549840525,0.9182266505636071,0.754843498389694,0.16338315217391308,0.03583148517720772,0.03429487179487179,0.001536613382335926,0.1864974930674001,0.16408231908498172,0.02241517398241838,0.032030438936637935,0.031384602130696264,0.0006458368059416714,0.0214339891203939,0.018894526654401892,0.002539462465992008
gsm8k,q3-8bi|l31-8bi|g2-9i|phi4mii,4,1,cons,logodds_mean,fixed,911,910,910,0.9989023051591658,q3-8bi,initial_fit_accuracy,q3-8bi+l31-8bi+g2-9i+phi4mii--s70v0--c5a31c62,0.5965177552786843,0.9495060373216246,0.9495060373216246,0.0,0.0921988114457357,0.060073260073260644,0.03212555137247506,0.993120779798732,0.9743084012488915,0.018812378549840525,0.9182266505636071,0.754843498389694,0.16338315217391308,0.038583833332607884,0.03429487179487179,0.004288961537736093,0.17866288665025887,0.16408231908498172,0.014580567565277147,0.032030438916120355,0.031384602130696264,0.0006458367854240907,0.02033509118573359,0.018894526654401892,0.0014405645313316992
gsm8k,q3-8bi|l31-8bi|g2-9i|phi4mii,4,1,cons,shared_rho,fitted,911,910,910,0.9989023051591658,q3-8bi,initial_fit_accuracy,q3-8bi+l31-8bi+g2-9i+phi4mii--s70v0--c5a31c62,1.18444180720193,0.9495060373216246,0.9495060373216246,0.0,0.014811293370340642,0.060073260073260644,-0.04526196670292,0.993120779798732,0.9743084012488915,0.018812378549840525,0.9182266505636071,0.754843498389694,0.16338315217391308,0.03244509593261901,0.03429487179487179,-0.001849775862252781,0.12224825379530885,0.16408231908498172,-0.04183406528967287,0.03203043892252042,0.031384602130696264,0.0006458367918241587,0.021433991297605287,0.018894526654401892,0.002539464643203395
gsm8k,q3-8bi|l31-8bi|g2-9i|phi4mii,4,1,cons,shared_scale,fitted,911,910,910,0.9989023051591658,q3-8bi,initial_fit_accuracy,q3-8bi+l31-8bi+g2-9i+phi4mii--s70v0--c5a31c62,0.9999999952625445,0.9495060373216246,0.9495060373216246,0.0,0.02143398882284599,0.060073260073260644,-0.03863927125041465,0.993120779798732,0.9743084012488915,0.018812378549840525,0.9182266505636071,0.754843498389694,0.16338315217391308,0.032030438938577016,0.03429487179487179,-0.002264432856294775,0.1238039051574882,0.16408231908498172,-0.040278413927493525,0.03203043894132466,0.031384602130696264,0.0006458368106283946,0.021433988397591613,0.018894526654401892,0.0025394617431897214
gsm8k,q3-8bi|l31-8bi|g2-9i|phi4mii,4,1,cons,kahn,fitted,911,910,910,0.9989023051591658,q3-8bi,initial_fit_accuracy,q3-8bi+l31-8bi+g2-9i+phi4mii--s70v0--c5a31c62,1.9916291014103575,0.9495060373216246,0.9495060373216246,0.0,0.03484290286361644,0.060073260073260644,-0.025230357209644207,0.9934105301606289,0.9743084012488915,0.01910212891173735,0.9230198268921095,0.754843498389694,0.16817632850241548,0.035647055501543935,0.03429487179487179,0.0013521837066721443,0.1820792200620492,0.16408231908498172,0.017996900977067493,0.03326798108719302,0.031384602130696264,0.0018833789564967549,0.03647080113334198,0.018894526654401892,0.01757627447894009
gsm8k,q3-8bi|l31-8bi|g2-9i|phi4mii,4,1,cons,blp,fitted,911,910,910,0.9989023051591658,q3-8bi,initial_fit_accuracy,q3-8bi+l31-8bi+g2-9i+phi4mii--s70v0--c5a31c62,1.0103367258882037,0.9495060373216246,0.9495060373216246,0.0,0.015630847771712173,0.060073260073260644,-0.04444241230154847,0.9930516411787244,0.9743084012488915,0.018743239929832844,0.9182895531400966,0.754843498389694,0.16344605475040264,0.029960344486477542,0.03429487179487179,-0.004334527308394249,0.11670928326719786,0.16408231908498172,-0.04737303581778386,0.02995813339745674,0.031384602130696264,-0.0014264687332395248,0.016115405698043598,0.018894526654401892,-0.002779120956358294
gsm8k,q3-8bi|l31-8bi|g2-9i|phi4mii,4,1,cons,logistic_pool,fitted,911,910,910,0.9989023051591658,q3-8bi,initial_fit_accuracy,q3-8bi+l31-8bi+g2-9i+phi4mii--s70v0--c5a31c62,0.9959482587642597,0.9495060373216246,0.9495060373216246,0.0,0.023213058406391283,0.060073260073260644,-0.03686020166686936,0.9930755250554681,0.9743084012488915,0.018767123806576635,0.9185411634460547,0.754843498389694,0.16369766505636074,0.030668989746938293,0.03429487179487179,-0.003625882047933498,0.12151061574772795,0.16408231908498172,-0.04257170333725377,0.030672812828100266,0.031384602130696264,-0.0007117893025959977,0.022888909765563445,0.018894526654401892,0.003994383111161553
gsm8k,q3-8bi|l31-8bi|g2-9i|phi4mii,4,1,cons,blp_equal,fitted,911,910,910,0.9989023051591658,q3-8bi,initial_fit_accuracy,q3-8bi+l31-8bi+g2-9i+phi4mii--s70v0--c5a31c62,1.0092197688499565,0.9495060373216246,0.9495060373216246,0.0,0.012331945562928515,0.060073260073260644,-0.04774131451033213,0.9930842729933853,0.9743084012488915,0.0187758717444938,0.9175850442834138,0.754843498389694,0.1627415458937198,0.03149048963344776,0.03429487179487179,-0.002804382161424028,0.12015857405973511,0.16408231908498172,-0.04392374502524661,0.03150034548170034,0.031384602130696264,0.00011574335100407451,0.013088046246451409,0.018894526654401892,-0.0058064804079504834
gsm8k,q3-8bi|l31-8bi|g2-9i|phi4mii,4,1,cons,kahn_diagonal,fitted,911,910,910,0.9989023051591658,q3-8bi,initial_fit_accuracy,q3-8bi+l31-8bi+g2-9i+phi4mii--s70v0--c5a31c62,3.13166051658604,0.9495060373216246,0.9495060373216246,0.0,0.040786743605341735,0.060073260073260644,-0.01928651646791891,0.9933079800581953,0.9743084012488915,0.018999578809303808,0.9210321054750402,0.754843498389694,0.16618860708534622,0.043815159530399245,0.03429487179487179,0.009520287735527454,0.3095348905543325,0.16408231908498172,0.14545257146935076,0.040910552420744935,0.031384602130696264,0.009525950290048671,0.05355202010634022,0.018894526654401892,0.03465749345193833
gsm8k,q3-8bi|l31-8bi|g2-9i|phi4mii,4,1,cons,reference_stream_target,fixed,911,910,910,0.9989023051591658,q3-8bi,initial_fit_accuracy,q3-8bi+l31-8bi+g2-9i+phi4mii--s70v0--c5a31c62,0.7520026442304162,0.9495060373216246,0.9495060373216246,0.0,0.060073260073260644,0.060073260073260644,0.0,0.9743084012488915,0.9743084012488915,0.0,0.754843498389694,0.754843498389694,0.0,0.03429487179487179,0.03429487179487179,0.0,0.16408231908498172,0.16408231908498172,0.0,0.031384602130696264,0.031384602130696264,0.0,0.018894526654401892,0.018894526654401892,0.0
gsm8k,q3-8bi|l31-8bi|g3-12i|phi4mii,4,1,cons,mean,fixed,911,911,911,1.0,q3-8bi,initial_fit_accuracy,q3-8bi+l31-8bi+g3-12i+phi4mii--s70v0--a24dfbba,0.5558251035609477,0.9495060373216246,0.9495060373216246,0.0,0.09325832418571502,0.0562568605927557,0.03700146359295932,0.9863528787878205,0.9686232326011348,0.01772964618668571,0.85818044734858,0.6961171148529781,0.1620633324956019,0.045945008537606545,0.04091200146359312,0.005033007074013426,0.20029131754870502,0.18212468229593134,0.018166635252773677,0.038204961720288824,0.03883348214994749,-0.0006285204296586633,0.01788357265443523,0.02007928384053075,-0.0021957111860955204
gsm8k,q3-8bi|l31-8bi|g3-12i|phi4mii,4,1,cons,logodds_sum,fixed,911,911,911,1.0,q3-8bi,initial_fit_accuracy,q3-8bi+l31-8bi+g3-12i+phi4mii--s70v0--a24dfbba,2.365972494149197,0.9495060373216246,0.9495060373216246,0.0,0.0400719744668671,0.0562568605927557,-0.0161848861258886,0.9863746287166227,0.9686232326011348,0.017751396115487927,0.8585825584317668,0.6961171148529781,0.16246544357878867,0.043000457323171336,0.04091200146359312,0.002088455859578217,0.24548510212617428,0.18212468229593134,0.06336041983024293,0.03881514235949525,0.03883348214994749,-1.8339790452237548e-05,0.013870333777199146,0.02007928384053075,-0.006208950063331603
gsm8k,q3-8bi|l31-8bi|g3-12i|phi4mii,4,1,cons,logodds_mean,fixed,911,911,911,1.0,q3-8bi,initial_fit_accuracy,q3-8bi+l31-8bi+g3-12i+phi4mii--s70v0--a24dfbba,0.5914931239113923,0.9495060373216246,0.9495060373216246,0.0,0.08330227950593132,0.0562568605927557,0.02704541891317562,0.9863746287166227,0.9686232326011348,0.017751396115487927,0.8585825584317668,0.6961171148529781,0.16246544357878867,0.04378708115484189,0.04091200146359312,0.002875079691248769,0.19202896991327983,0.18212468229593134,0.00990428761734849,0.038815142357726165,0.03883348214994749,-1.8339792221322426e-05,0.013870333821551228,0.02007928384053075,-0.006208950018979521
gsm8k,q3-8bi|l31-8bi|g3-12i|phi4mii,4,1,cons,shared_rho,fitted,911,911,911,1.0,q3-8bi,initial_fit_accuracy,q3-8bi+l31-8bi+g3-12i+phi4mii--s70v0--a24dfbba,1.3447816496680154,0.9495060373216246,0.9495060373216246,0.0,0.02817575864748934,0.0562568605927557,-0.02808110194526636,0.9863746287166227,0.9686232326011348,0.017751396115487927,0.8585825584317668,0.6961171148529781,0.16246544357878867,0.04022336931908694,0.04091200146359312,-0.0006886321445061794,0.15965606524927808,0.18212468229593134,-0.02246861704665326,0.03881514235598795,0.03883348214994749,-1.8339793959536166e-05,0.013870333865133023,0.02007928384053075,-0.006208949975397726
gsm8k,q3-8bi|l31-8bi|g3-12i|phi4mii,4,1,cons,shared_scale,fitted,911,911,911,1.0,q3-8bi,initial_fit_accuracy,q3-8bi+l31-8bi+g3-12i+phi4mii--s70v0--a24dfbba,1.0000000211828817,0.9495060373216246,0.9495060373216246,0.0,0.013870334327970388,0.0562568605927557,-0.04238652626478531,0.9863746287166227,0.9686232326011348,0.017751396115487927,0.8585825584317668,0.6961171148529781,0.16246544357878867,0.03881514233752564,0.04091200146359312,-0.0020968591260674754,0.14779084905371342,0.18212468229593134,-0.03433383324221792,0.0388151422782708,0.03883348214994749,-1.8339871676688324e-05,0.013870335813697664,0.02007928384053075,-0.006208948026833085
gsm8k,q3-8bi|l31-8bi|g3-12i|phi4mii,4,1,cons,kahn,fitted,911,911,911,1.0,q3-8bi,initial_fit_accuracy,q3-8bi+l31-8bi+g3-12i+phi4mii--s70v0--a24dfbba,2.1299378116442567,0.9495060373216246,0.9495060373216246,0.0,0.05308034718583991,0.0562568605927557,-0.0031765134069157847,0.9800595130086193,0.9686232326011348,0.011436280407484456,0.8272807237999498,0.6961171148529781,0.13116360894697165,0.05491902944085239,0.04091200146359312,0.014007027977259272,0.36804544996363964,0.18212468229593134,0.1859207676677083,0.05136021815505616,0.03883348214994749,0.012526736005108674,0.03890536990752142,0.02007928384053075,0.018826086066990672
gsm8k,q3-8bi|l31-8bi|g3-12i|phi4mii,4,1,cons,blp,fitted,911,911,911,1.0,q3-8bi,initial_fit_accuracy,q3-8bi+l31-8bi+g3-12i+phi4mii--s70v0--a24dfbba,0.9994269301912244,0.9495060373216246,0.9495060373216246,0.0,0.016322075239533468,0.0562568605927557,-0.03993478535322223,0.9860330554510403,0.9686232326011348,0.017409822849905443,0.8515833123900477,0.6961171148529781,0.15546619753706958,0.04248060310628903,0.04091200146359312,0.0015686016426959132,0.15771589807019587,0.18212468229593134,-0.024408784225735475,0.04248399854486236,0.03883348214994749,0.003650516394914871,0.016281912365339064,0.02007928384053075,-0.0037973714751916854
gsm8k,q3-8bi|l31-8bi|g3-12i|phi4mii,4,1,cons,logistic_pool,fitted,911,911,911,1.0,q3-8bi,initial_fit_accuracy,q3-8bi+l31-8bi+g3-12i+phi4mii--s70v0--a24dfbba,0.9960279588427902,0.9495060373216246,0.9495060373216246,0.0,0.012636619955291944,0.0562568605927557,-0.04362024063746375,0.9861825542492016,0.9686232326011348,0.01755932164806684,0.8523372706710228,0.6961171148529781,0.15622015581804471,0.041122718747632535,0.04091200146359312,0.00021071728403941614,0.15609871460292926,0.18212468229593134,-0.026025967693002083,0.041142498930192395,0.03883348214994749,0.0023090167802449074,0.013009549530979258,0.02007928384053075,-0.0070697343095514915
gsm8k,q3-8bi|l31-8bi|g3-12i|phi4mii,4,1,cons,blp_equal,fitted,911,911,911,1.0,q3-8bi,initial_fit_accuracy,q3-8bi+l31-8bi+g3-12i+phi4mii--s70v0--a24dfbba,0.9963722500161096,0.9495060373216246,0.9495060373216246,0.0,0.018600160137312926,0.0562568605927557,-0.03765670045544277,0.9863528787878205,0.9686232326011348,0.01772964618668571,0.85818044734858,0.6961171148529781,0.1620633324956019,0.03810965892865051,0.04091200146359312,-0.0028023425349426104,0.14404513688218812,0.18212468229593134,-0.03807954541374323,0.038116153794398026,0.03883348214994749,-0.0007173283555494611,0.01839504458087986,0.02007928384053075,-0.0016842392596508882
gsm8k,q3-8bi|l31-8bi|g3-12i|phi4mii,4,1,cons,kahn_diagonal,fitted,911,911,911,1.0,q3-8bi,initial_fit_accuracy,q3-8bi+l31-8bi+g3-12i+phi4mii--s70v0--a24dfbba,2.59261659388047,0.9495060373216246,0.9495060373216246,0.0,0.055779382946610404,0.0562568605927557,-0.000477477646145294,0.9862098981192053,0.9686232326011348,0.017586665518070532,0.8554787635084192,0.6961171148529781,0.1593616486554411,0.057987379273648394,0.04091200146359312,0.017075377810055276,0.4278615006201973,0.18212468229593134,0.24573681832426594,0.05393700289747914,0.03883348214994749,0.01510352074753165,0.05709687065399245,0.02007928384053075,0.037017586813461706
gsm8k,q3-8bi|l31-8bi|g3-12i|phi4mii,4,1,cons,reference_stream_target,fixed,911,911,911,1.0,q3-8bi,initial_fit_accuracy,q3-8bi+l31-8bi+g3-12i+phi4mii--s70v0--a24dfbba,0.7779915392241346,0.9495060373216246,0.9495060373216246,0.0,0.0562568605927557,0.0562568605927557,0.0,0.9686232326011348,0.9686232326011348,0.0,0.6961171148529781,0.6961171148529781,0.0,0.04091200146359312,0.04091200146359312,0.0,0.18212468229593134,0.18212468229593134,0.0,0.03883348214994749,0.03883348214994749,0.0,0.02007928384053075,0.02007928384053075,0.0
truthfulqa,g2-9i|g3-12i,2,1,cons,mean,fixed,421,419,419,0.995249406175772,g2-9i,initial_fit_accuracy,g2-9i+g3-12i--s70v0--5e34791b,1.499737006473505,0.7600950118764845,0.7600950118764845,0.0,0.07722752585542007,0.07072394590294337,0.006503579952476704,0.8746374182609902,0.8596451303949912,0.014992287865998932,0.7648200757575757,0.7393308080808081,0.025489267676767624,0.1501440267833404,0.14503712543092018,0.005106901352420229,0.46855087735823325,0.46284397900714963,0.005706898351083622,0.1478079285425221,0.14291747407496994,0.004890454467552152,0.09213242577060113,0.07510064634685404,0.01703177942374709
truthfulqa,g2-9i|g3-12i,2,1,cons,logodds_sum,fixed,421,419,419,0.995249406175772,g2-9i,initial_fit_accuracy,g2-9i+g3-12i--s70v0--5e34791b,3.0709334436033315,0.7600950118764845,0.7600950118764845,0.0,0.16425650402937697,0.07072394590294337,0.0935325581264336,0.8748091645516911,0.8596451303949912,0.015164034156699868,0.7656092171717171,0.7393308080808081,0.02627840909090906,0.1759238657892401,0.14503712543092018,0.030886740358319925,0.6802928525481349,0.46284397900714963,0.21744887354098524,0.14931311765886823,0.14291747407496994,0.006395643583898297,0.09617578757868699,0.07510064634685404,0.021075141231832947
truthfulqa,g2-9i|g3-12i,2,1,cons,logodds_mean,fixed,421,419,419,0.995249406175772,g2-9i,initial_fit_accuracy,g2-9i+g3-12i--s70v0--5e34791b,1.5354667415696954,0.7600950118764845,0.7600950118764845,0.0,0.08479882494538903,0.07072394590294337,0.014074879042445657,0.8748091645516911,0.8596451303949912,0.015164034156699868,0.7656092171717171,0.7393308080808081,0.02627840909090906,0.15285076641641254,0.14503712543092018,0.007813640985492365,0.4759975589941653,0.46284397900714963,0.013153579987015662,0.14931311779330642,0.14291747407496994,0.00639564371833648,0.09617578914696383,0.07510064634685404,0.02107514280010979
truthfulqa,g2-9i|g3-12i,2,1,cons,shared_rho,fitted,421,419,419,0.995249406175772,g2-9i,initial_fit_accuracy,g2-9i+g3-12i--s70v0--5e34791b,2.640553728083095,0.7600950118764845,0.7600950118764845,0.0,0.15342711796755326,0.07072394590294337,0.08270317206460989,0.8748091645516911,0.8596451303949912,0.015164034156699868,0.7656092171717171,0.7393308080808081,0.02627840909090906,0.1709198879608773,0.14503712543092018,0.02588276252995711,0.6099306827996388,0.46284397900714963,0.14708670379248917,0.14931311770163105,0.14291747407496994,0.006395643626661118,0.09617578807753305,0.07510064634685404,0.02107514173067901
truthfulqa,g2-9i|g3-12i,2,1,cons,shared_scale,fitted,421,419,419,0.995249406175772,g2-9i,initial_fit_accuracy,g2-9i+g3-12i--s70v0--5e34791b,1.000000027677615,0.7600950118764845,0.7600950118764845,0.0,0.09617578516199014,0.07072394590294337,0.025451839259046774,0.8748091645516911,0.8596451303949912,0.015164034156699868,0.7656092171717171,0.7393308080808081,0.02627840909090906,0.14931311745169984,0.14503712543092018,0.004275992020779662,0.4681724539218773,0.46284397900714963,0.0053284749147276544,0.14931311774073439,0.14291747407496994,0.00639564366576445,0.09617578853368937,0.07510064634685404,0.02107514218683533
truthfulqa,g2-9i|g3-12i,2,1,cons,kahn,fitted,421,419,419,0.995249406175772,g2-9i,initial_fit_accuracy,g2-9i+g3-12i--s70v0--5e34791b,1.1184483329087613,0.7600950118764845,0.7600950118764845,0.0,0.055139703558897316,0.07072394590294337,-0.015584242344046054,0.8756974100643047,0.8596451303949912,0.01605227966931344,0.7700599747474748,0.7393308080808081,0.030729166666666696,0.13965844312377723,0.14503712543092018,-0.005378682307142946,0.44605159929813337,0.46284397900714963,-0.01679237970901626,0.14109431027923797,0.14291747407496994,-0.001823163795731969,0.0705788525627351,0.07510064634685404,-0.004521793784118933
truthfulqa,g2-9i|g3-12i,2,1,cons,blp,fitted,421,419,419,0.995249406175772,g2-9i,initial_fit_accuracy,g2-9i+g3-12i--s70v0--5e34791b,1.0014049781002687,0.7600950118764845,0.7600950118764845,0.0,0.07816461166908811,0.07072394590294337,0.007440665766144744,0.8755945313023258,0.8596451303949912,0.015949400907334543,0.7696180555555555,0.7393308080808081,0.030287247474747425,0.14259168384408893,0.14503712543092018,-0.002445441586831243,0.45328382207920376,0.46284397900714963,-0.009560156927945873,0.14261326494372217,0.14291747407496994,-0.0003042091312477624,0.07835604107187565,0.07510064634685404,0.003255394725021607
truthfulqa,g2-9i|g3-12i,2,1,cons,logistic_pool,fitted,421,419,419,0.995249406175772,g2-9i,initial_fit_accuracy,g2-9i+g3-12i--s70v0--5e34791b,0.9941121864659559,0.7600950118764845,0.7600950118764845,0.0,0.08367600971288065,0.07072394590294337,0.012952063809937284,0.8760846404935844,0.8596451303949912,0.016439510098593124,0.7717013888888888,0.7393308080808081,0.03237058080808075,0.14318704311634495,0.14503712543092018,-0.0018500823145752299,0.45535896773301404,0.46284397900714963,-0.007485011274135589,0.1430944903845414,0.14291747407496994,0.00017701630957145387,0.0829028838574279,0.07510064634685404,0.0078022375105738645
truthfulqa,g2-9i|g3-12i,2,1,cons,blp_equal,fitted,421,419,419,0.995249406175772,g2-9i,initial_fit_accuracy,g2-9i+g3-12i--s70v0--5e34791b,1.0020456104815179,0.7600950118764845,0.7600950118764845,0.0,0.08874672903335332,0.07072394590294337,0.018022783130409947,0.8746374182609902,0.8596451303949912,0.014992287865998932,0.7648200757575757,0.7393308080808081,0.025489267676767624,0.14661536977744666,0.14503712543092018,0.0015782443465264806,0.4617310208035555,0.46284397900714963,-0.0011129582035941388,0.1466404679567557,0.14291747407496994,0.0037229938817857633,0.08905043633648108,0.07510064634685404,0.013949789989627037
truthfulqa,g2-9i|g3-12i,2,1,cons,kahn_diagonal,fitted,421,419,419,0.995249406175772,g2-9i,initial_fit_accuracy,g2-9i+g3-12i--s70v0--5e34791b,1.1674232013503294,0.7600950118764845,0.7600950118764845,0.0,0.05294712921002399,0.07072394590294337,-0.017776816692919382,0.87571712198412,0.8596451303949912,0.016071991589128753,0.7701546717171717,0.7393308080808081,0.03082386363636358,0.13965850405441546,0.14503712543092018,-0.005378621376504716,0.4462800637153901,0.46284397900714963,-0.016563915291759546,0.1414219927999856,0.14291747407496994,-0.0014954812749843338,0.07713883612478468,0.07510064634685404,0.0020381897779306463
truthfulqa,g2-9i|g3-12i,2,1,cons,reference_stream_target,fixed,421,419,419,0.995249406175772,g2-9i,initial_fit_accuracy,g2-9i+g3-12i--s70v0--5e34791b,1.681997500666204,0.7600950118764845,0.7600950118764845,0.0,0.07072394590294337,0.07072394590294337,0.0,0.8596451303949912,0.8596451303949912,0.0,0.7393308080808081,0.7393308080808081,0.0,0.14503712543092018,0.14503712543092018,0.0,0.46284397900714963,0.46284397900714963,0.0,0.14291747407496994,0.14291747407496994,0.0,0.07510064634685404,0.07510064634685404,0.0
truthfulqa,g2-9i|g3-12i|phi4mii,3,1,cons,mean,fixed,421,417,417,0.9904988123515439,g2-9i,initial_fit_accuracy,g2-9i+g3-12i+phi4mii--s70v0--0ce6b8fc,1.4408745878708717,0.7553444180522565,0.7553444180522565,0.0,0.0542899014123861,0.08213429256594723,-0.027844391153561132,0.8781801532226023,0.8509085133467434,0.0272716398758589,0.7626103805349088,0.7192999174131249,0.04331046312178388,0.15193955946354057,0.15455968558486544,-0.0026201261213248672,0.47080226742359077,0.49589160967435614,-0.025089342250765367,0.15108735691979333,0.14925223706431362,0.001835119855479711,0.06353176612511009,0.05583669084664817,0.007695075278461923
truthfulqa,g2-9i|g3-12i|phi4mii,3,1,cons,logodds_sum,fixed,421,417,417,0.9904988123515439,g2-9i,initial_fit_accuracy,g2-9i+g3-12i+phi4mii--s70v0--0ce6b8fc,4.4407425018401145,0.7553444180522565,0.7553444180522565,0.0,0.1764803796398964,0.08213429256594723,0.09434608707394918,0.8783626906579419,0.8509085133467434,0.02745417731119848,0.7633091925544756,0.7192999174131249,0.04400927514135067,0.18862113541934727,0.15455968558486544,0.03406144983448184,0.9157498248452371,0.49589160967435614,0.419858215170881,0.15213711582642092,0.14925223706431362,0.0028848787621073013,0.07191583037984853,0.05583669084664817,0.016079139533200358
truthfulqa,g2-9i|g3-12i|phi4mii,3,1,cons,logodds_mean,fixed,421,417,417,0.9904988123515439,g2-9i,initial_fit_accuracy,g2-9i+g3-12i+phi4mii--s70v0--0ce6b8fc,1.4802475009146239,0.7553444180522565,0.7553444180522565,0.0,0.06843277028762348,0.08213429256594723,-0.013701522278323747,0.8783626906579419,0.8509085133467434,0.02745417731119848,0.7633091925544756,0.7192999174131249,0.04400927514135067,0.15451617854984606,0.15455968558486544,-4.3507035019374474e-05,0.47825286201098155,0.49589160967435614,-0.017638747663374588,0.1521371158285418,0.14925223706431362,0.002884878764228188,0.0719158303940028,0.05583669084664817,0.016079139547354633
truthfulqa,g2-9i|g3-12i|phi4mii,3,1,cons,shared_rho,fitted,421,417,417,0.9904988123515439,g2-9i,initial_fit_accuracy,g2-9i+g3-12i+phi4mii--s70v0--0ce6b8fc,2.7984233369108593,0.7553444180522565,0.7553444180522565,0.0,0.1483270263955921,0.08213429256594723,0.06619273382964486,0.8783626906579419,0.8509085133467434,0.02745417731119848,0.7633091925544756,0.7192999174131249,0.04400927514135067,0.17481262167157283,0.15455968558486544,0.02025293608670739,0.6342805628774139,0.49589160967435614,0.13838895320305772,0.15213711597546412,0.14925223706431362,0.0028848789111504958,0.07191583137452771,0.05583669084664817,0.016079140527879544
truthfulqa,g2-9i|g3-12i|phi4mii,3,1,cons,shared_scale,fitted,421,417,417,0.9904988123515439,g2-9i,initial_fit_accuracy,g2-9i+g3-12i+phi4mii--s70v0--0ce6b8fc,1.000000011205409,0.7553444180522565,0.7553444180522565,0.0,0.07191582960961886,0.08213429256594723,-0.010218462956328375,0.8783626906579419,0.8509085133467434,0.02745417731119848,0.7633091925544756,0.7192999174131249,0.04400927514135067,0.1521371157110133,0.15455968558486544,-0.002422569873852143,0.47429822658371656,0.49589160967435614,-0.021593383090639573,0.15213711582779563,0.14925223706431362,0.0028848787634820072,0.07191583038902312,0.05583669084664817,0.01607913954237495
truthfulqa,g2-9i|g3-12i|phi4mii,3,1,cons,kahn,fitted,421,417,417,0.9904988123515439,g2-9i,initial_fit_accuracy,g2-9i+g3-12i+phi4mii--s70v0--0ce6b8fc,1.269318789717126,0.7553444180522565,0.7553444180522565,0.0,0.04930724613410791,0.08213429256594723,-0.03282704643183932,0.8816216624401685,0.8509085133467434,0.03071314909342504,0.7773966075852868,0.7192999174131249,0.0580966901721619,0.1484832103293461,0.15455968558486544,-0.006076475255519326,0.488285992053844,0.49589160967435614,-0.007605617620512151,0.14816282473682582,0.14925223706431362,-0.0010894123274877987,0.08252035510247474,0.05583669084664817,0.02668366425582657
truthfulqa,g2-9i|g3-12i|phi4mii,3,1,cons,blp,fitted,421,417,417,0.9904988123515439,g2-9i,initial_fit_accuracy,g2-9i+g3-12i+phi4mii--s70v0--0ce6b8fc,0.9997821808227852,0.7553444180522565,0.7553444180522565,0.0,0.07379950232892091,0.08213429256594723,-0.008334790237026324,0.8816089270247722,0.8509085133467434,0.030700413678028782,0.7775236643161172,0.7192999174131249,0.05822374690299226,0.1480490473055874,0.15455968558486544,-0.00651063827927803,0.48064227246890745,0.49589160967435614,-0.015249337205448688,0.14804718025438543,0.14925223706431362,-0.00120505680992819,0.07377563028558437,0.05583669084664817,0.0179389394389362
truthfulqa,g2-9i|g3-12i|phi4mii,3,1,cons,logistic_pool,fitted,421,417,417,0.9904988123515439,g2-9i,initial_fit_accuracy,g2-9i+g3-12i+phi4mii--s70v0--0ce6b8fc,0.981904284393169,0.7553444180522565,0.7553444180522565,0.0,0.08581274167086336,0.08213429256594723,0.0036784491049161316,0.8815077508718374,0.8509085133467434,0.03059923752509397,0.7769201448446732,0.7192999174131249,0.057620227431548265,0.14864599575298965,0.15455968558486544,-0.00591368983187579,0.4794136368158718,0.49589160967435614,-0.016477972858484347,0.1485009751067291,0.14925223706431362,-0.0007512619575845148,0.07888992449080989,0.05583669084664817,0.023053233644161723
truthfulqa,g2-9i|g3-12i|phi4mii,3,1,cons,blp_equal,fitted,421,417,417,0.9904988123515439,g2-9i,initial_fit_accuracy,g2-9i+g3-12i+phi4mii--s70v0--0ce6b8fc,1.0021126822196769,0.7553444180522565,0.7553444180522565,0.0,0.06507286669540281,0.08213429256594723,-0.01706142587054442,0.8781801532226023,0.8509085133467434,0.0272716398758589,0.7626103805349088,0.7192999174131249,0.04331046312178388,0.1537083109357938,0.15455968558486544,-0.0008513746490716456,0.48113879375963653,0.49589160967435614,-0.014752815914719608,0.1537244971774534,0.14925223706431362,0.004472260113139781,0.06528118318763221,0.05583669084664817,0.009444492340984038
truthfulqa,g2-9i|g3-12i|phi4mii,3,1,cons,kahn_diagonal,fitted,421,417,417,0.9904988123515439,g2-9i,initial_fit_accuracy,g2-9i+g3-12i+phi4mii--s70v0--0ce6b8fc,1.6571893343039832,0.7553444180522565,0.7553444180522565,0.0,0.0903505531435348,0.08213429256594723,0.008216260577587564,0.8809436332527987,0.8509085133467434,0.03003511990605523,0.7746331236897275,0.7192999174131249,0.05533320627660254,0.15811836863058684,0.15455968558486544,0.003558683045721406,0.5436911026409014,0.49589160967435614,0.04779949296654523,0.15344932799163624,0.14925223706431362,0.004197090927322622,0.09443583378257402,0.05583669084664817,0.03859914293592585
truthfulqa,g2-9i|g3-12i|phi4mii,3,1,cons,reference_stream_target,fixed,421,417,417,0.9904988123515439,g2-9i,initial_fit_accuracy,g2-9i+g3-12i+phi4mii--s70v0--0ce6b8fc,1.554010521707361,0.7553444180522565,0.7553444180522565,0.0,0.08213429256594723,0.08213429256594723,0.0,0.8509085133467434,0.8509085133467434,0.0,0.7192999174131249,0.7192999174131249,0.0,0.15455968558486544,0.15455968558486544,0.0,0.49589160967435614,0.49589160967435614,0.0,0.14925223706431362,0.14925223706431362,0.0,0.05583669084664817,0.05583669084664817,0.0
truthfulqa,g2-9i|phi4mii,2,1,cons,mean,fixed,421,415,415,0.9857482185273159,g2-9i,initial_fit_accuracy,g2-9i+phi4mii--s70v0--aa00eb9b,1.3518372212279486,0.7624703087885986,0.7624703087885986,0.0,0.06540160642587471,0.09160642570281141,-0.0262048192769367,0.8630796810068536,0.8354359946051644,0.027643686401689238,0.7140253198117584,0.6621594750447405,0.05186584476701794,0.15843624497991834,0.1626914323962517,-0.00425518741633335,0.4923106646511329,0.5171602865862795,-0.02484962193514667,0.15481764670420461,0.15600336014982374,-0.0011857134456191298,0.044041847847238504,0.023396820950747025,0.02064502689649148
truthfulqa,g2-9i|phi4mii,2,1,cons,logodds_sum,fixed,421,415,415,0.9857482185273159,g2-9i,initial_fit_accuracy,g2-9i+phi4mii--s70v0--aa00eb9b,2.748854707202478,0.7624703087885986,0.7624703087885986,0.0,0.166567931444595,0.09160642570281141,0.07496150574178359,0.8630870211963345,0.8354359946051644,0.027651026591170136,0.7141081725989262,0.6621594750447405,0.05194869755418574,0.1857813274907669,0.1626914323962517,0.0230898950945152,0.7242250119017793,0.5171602865862795,0.2070647253154998,0.15592042628605088,0.15600336014982374,-8.293386377286605e-05,0.054865317723531266,0.023396820950747025,0.03146849677278424
truthfulqa,g2-9i|phi4mii,2,1,cons,logodds_mean,fixed,421,415,415,0.9857482185273159,g2-9i,initial_fit_accuracy,g2-9i+phi4mii--s70v0--aa00eb9b,1.3744273377133527,0.7624703087885986,0.7624703087885986,0.0,0.07590216257545303,0.09160642570281141,-0.015704263127358384,0.8630870211963345,0.8354359946051644,0.027651026591170136,0.7141081725989262,0.6621594750447405,0.05194869755418574,0.16083521740042214,0.1626914323962517,-0.0018562149958295526,0.4995375725757997,0.5171602865862795,-0.017622714010479823,0.15592042630850564,0.15600336014982374,-8.293384131810577e-05,0.054865316820038465,0.023396820950747025,0.031468495869291443
truthfulqa,g2-9i|phi4mii,2,1,cons,shared_rho,fitted,421,415,415,0.9857482185273159,g2-9i,initial_fit_accuracy,g2-9i+phi4mii--s70v0--aa00eb9b,2.3180444888827405,0.7624703087885986,0.7624703087885986,0.0,0.1510419564608988,0.09160642570281141,0.059435530758087385,0.8630870211963345,0.8354359946051644,0.027651026591170136,0.7141081725989262,0.6621594750447405,0.05194869755418574,0.17972271781367638,0.1626914323962517,0.017031285417424685,0.6387491460722639,0.5171602865862795,0.1215888594859843,0.15592042624496844,0.15600336014982374,-8.293390485530905e-05,0.05486531937653352,0.023396820950747025,0.0314684984257865
truthfulqa,g2-9i|phi4mii,2,1,cons,shared_scale,fitted,421,415,415,0.9857482185273159,g2-9i,initial_fit_accuracy,g2-9i+phi4mii--s70v0--aa00eb9b,1.0000000212213696,0.7624703087885986,0.7624703087885986,0.0,0.054865316630465025,0.09160642570281141,-0.03674110907234639,0.8630870211963345,0.8354359946051644,0.027651026591170136,0.7141081725989262,0.6621594750447405,0.05194869755418574,0.1559204263132103,0.1626914323962517,-0.006771006083041403,0.48335569476557616,0.5171602865862795,-0.03380459182070339,0.15592042627199026,0.15600336014982374,-8.293387783347983e-05,0.05486531828927533,0.023396820950747025,0.0314684973385283
truthfulqa,g2-9i|phi4mii,2,1,cons,kahn,fitted,421,415,415,0.9857482185273159,g2-9i,initial_fit_accuracy,g2-9i+phi4mii--s70v0--aa00eb9b,1.2225114252955656,0.7624703087885986,0.7624703087885986,0.0,0.06204830408473251,0.09160642570281141,-0.0295581216180789,0.8649503833660648,0.8354359946051644,0.0295143887609004,0.7227414330218068,0.6621594750447405,0.060581957977066336,0.15739237325950506,0.1626914323962517,-0.005299059136746637,0.49901049990998,0.5171602865862795,-0.018149786676299573,0.15511817148150248,0.15600336014982374,-0.0008851886683212684,0.047120193748643596,0.023396820950747025,0.02372337279789657
truthfulqa,g2-9i|phi4mii,2,1,cons,blp,fitted,421,415,415,0.9857482185273159,g2-9i,initial_fit_accuracy,g2-9i+phi4mii--s70v0--aa00eb9b,1.0012624833152524,0.7624703087885986,0.7624703087885986,0.0,0.04402511134618555,0.09160642570281141,-0.04758131435662586,0.8649707703066694,0.8354359946051644,0.02953477570150498,0.7228408563664082,0.6621594750447405,0.06068138132166767,0.15448351596580925,0.1626914323962517,-0.008207916430442441,0.4859346892259722,0.5171602865862795,-0.031225597360307333,0.1544795005453794,0.15600336014982374,-0.0015238596044443442,0.0441893613101462,0.023396820950747025,0.020792540359399172
truthfulqa,g2-9i|phi4mii,2,1,cons,logistic_pool,fitted,421,415,415,0.9857482185273159,g2-9i,initial_fit_accuracy,g2-9i+phi4mii--s70v0--aa00eb9b,0.9868556690918913,0.7624703087885986,0.7624703087885986,0.0,0.0395073291917903,0.09160642570281141,-0.05209909651102111,0.8649503833660648,0.8354359946051644,0.0295143887609004,0.7227414330218068,0.6621594750447405,0.060581957977066336,0.15424874363936536,0.1626914323962517,-0.008442688756886335,0.48322857111248535,0.5171602865862795,-0.0339317154737942,0.15430309022298422,0.15600336014982374,-0.001700269926839526,0.03809735969498942,0.023396820950747025,0.014700538744242393
truthfulqa,g2-9i|phi4mii,2,1,cons,blp_equal,fitted,421,415,415,0.9857482185273159,g2-9i,initial_fit_accuracy,g2-9i+phi4mii--s70v0--aa00eb9b,0.9984195909196107,0.7624703087885986,0.7624703087885986,0.0,0.040388086851653064,0.09160642570281141,-0.05121833885115835,0.8630796810068536,0.8354359946051644,0.027643686401689238,0.7140253198117584,0.6621594750447405,0.05186584476701794,0.15511934807255334,0.1626914323962517,-0.007572084323698353,0.4822217326950899,0.5171602865862795,-0.03493855389118966,0.15511838321240354,0.15600336014982374,-0.0008849769374202066,0.04024383029261477,0.023396820950747025,0.016847009341867742
truthfulqa,g2-9i|phi4mii,2,1,cons,kahn_diagonal,fitted,421,415,415,0.9857482185273159,g2-9i,initial_fit_accuracy,g2-9i+phi4mii--s70v0--aa00eb9b,1.29765614307237,0.7624703087885986,0.7624703087885986,0.0,0.05625522290915913,0.09160642570281141,-0.03535120279365228,0.8651479113105971,0.8354359946051644,0.029711916705432717,0.7236031020083515,0.6621594750447405,0.06144362696361105,0.15795938458919437,0.1626914323962517,-0.004732047807057327,0.5060128138228049,0.5171602865862795,-0.011147472763474608,0.15504413649423363,0.15600336014982374,-0.000959223655590119,0.03954894190035398,0.023396820950747025,0.016152120949606958
truthfulqa,g2-9i|phi4mii,2,1,cons,reference_stream_target,fixed,421,415,415,0.9857482185273159,g2-9i,initial_fit_accuracy,g2-9i+phi4mii--s70v0--aa00eb9b,1.4233279339069376,0.7624703087885986,0.7624703087885986,0.0,0.09160642570281141,0.09160642570281141,0.0,0.8354359946051644,0.8354359946051644,0.0,0.6621594750447405,0.6621594750447405,0.0,0.1626914323962517,0.1626914323962517,0.0,0.5171602865862795,0.5171602865862795,0.0,0.15600336014982374,0.15600336014982374,0.0,0.023396820950747025,0.023396820950747025,0.0
truthfulqa,q3-4bi|l31-8bi|g3-12i,3,1,cons,mean,fixed,421,420,420,0.997624703087886,q3-4bi,initial_fit_accuracy,q3-4bi+l31-8bi+g3-12i--s70v0--6e015070,1.317038966680618,0.7577197149643705,0.7577197149643705,0.0,0.05686507936491665,0.08218253968253944,-0.02531746031762279,0.898900989932113,0.8615430604063312,0.03735792952578176,0.8133709458626218,0.7547786410161549,0.058592304846466936,0.13935898001174518,0.1431951058201058,-0.0038361258083606242,0.43455017257768896,0.466433474990577,-0.03188330241288806,0.14076082521360073,0.14034850110402014,0.0004123241095805863,0.08008729744400835,0.09348776895867045,-0.013400471514662102
truthfulqa,q3-4bi|l31-8bi|g3-12i,3,1,cons,logodds_sum,fixed,421,420,420,0.997624703087886,q3-4bi,initial_fit_accuracy,q3-4bi+l31-8bi+g3-12i--s70v0--6e015070,4.110170060326098,0.7577197149643705,0.7577197149643705,0.0,0.16852571264493063,0.08218253968253944,0.08634317296239119,0.8992510436939569,0.8615430604063312,0.0377079832876257,0.8146812183993094,0.7547786410161549,0.05990257738315452,0.17439126128522123,0.1431951058201058,0.03119615546511542,0.7708354367065196,0.466433474990577,0.3044019617159425,0.1418902549322994,0.14034850110402014,0.0015417538282792576,0.09467639932118385,0.09348776895867045,0.0011886303625134043
truthfulqa,q3-4bi|l31-8bi|g3-12i,3,1,cons,logodds_mean,fixed,421,420,420,0.997624703087886,q3-4bi,initial_fit_accuracy,q3-4bi+l31-8bi+g3-12i--s70v0--6e015070,1.3700566619097354,0.7577197149643705,0.7577197149643705,0.0,0.06979737354043093,0.08218253968253944,-0.012385166142108509,0.8992510436939569,0.8615430604063312,0.0377079832876257,0.8146812183993094,0.7547786410161549,0.05990257738315452,0.14179913352580803,0.1431951058201058,-0.001395972294297776,0.44067621437646165,0.466433474990577,-0.025757260614115374,0.14189025468145272,0.14034850110402014,0.0015417535774325808,0.09467639773372748,0.09348776895867045,0.0011886287750570296
truthfulqa,q3-4bi|l31-8bi|g3-12i,3,1,cons,shared_rho,fitted,421,420,420,0.997624703087886,q3-4bi,initial_fit_accuracy,q3-4bi+l31-8bi+g3-12i--s70v0--6e015070,3.047046515783527,0.7577197149643705,0.7577197149643705,0.0,0.15136946531830744,0.08218253968253944,0.069186925635768,0.8992510436939569,0.8615430604063312,0.0377079832876257,0.8146812183993094,0.7547786410161549,0.05990257738315452,0.16507962519551986,0.1431951058201058,0.021884519375414052,0.6104887358267219,0.466433474990577,0.1440552608361449,0.14189025458221374,0.14034850110402014,0.0015417534781936026,0.09467639710570443,0.09348776895867045,0.0011886281470339793
truthfulqa,q3-4bi|l31-8bi|g3-12i,3,1,cons,shared_scale,fitted,421,420,420,0.997624703087886,q3-4bi,initial_fit_accuracy,q3-4bi+l31-8bi+g3-12i--s70v0--6e015070,1.0000000163485792,0.7577197149643705,0.7577197149643705,0.0,0.09467639714700966,0.08218253968253944,0.012493857464470223,0.8992510436939569,0.8615430604063312,0.0377079832876257,0.8146812183993094,0.7547786410161549,0.05990257738315452,0.14189025458874094,0.1431951058201058,-0.0013048512313648675,0.44773617270311356,0.466433474990577,-0.01869730228746347,0.14189025481470469,0.14034850110402014,0.0015417537106845458,0.09467639857699849,0.09348776895867045,0.0011886296183280382
truthfulqa,q3-4bi|l31-8bi|g3-12i,3,1,cons,kahn,fitted,421,420,420,0.997624703087886,q3-4bi,initial_fit_accuracy,q3-4bi+l31-8bi+g3-12i--s70v0--6e015070,1.2122934467451398,0.7577197149643705,0.7577197149643705,0.0,0.05585375314099526,0.08218253968253944,-0.026328786541544177,0.9052718006539083,0.8615430604063312,0.043728740247577114,0.8390677025527192,0.7547786410161549,0.08428906153656435,0.12660283481762244,0.1431951058201058,-0.016592271002483366,0.4197668308750903,0.466433474990577,-0.04666664411548671,0.12854126314147848,0.14034850110402014,-0.011807237962541656,0.08361105890958233,0.09348776895867045,-0.00987671004908812
truthfulqa,q3-4bi|l31-8bi|g3-12i,3,1,cons,blp,fitted,421,420,420,0.997624703087886,q3-4bi,initial_fit_accuracy,q3-4bi+l31-8bi+g3-12i--s70v0--6e015070,1.000736915009805,0.7577197149643705,0.7577197149643705,0.0,0.08348490723970475,0.08218253968253944,0.0013023675571653126,0.9049655007377627,0.8615430604063312,0.0434224403314315,0.8379578246392897,0.7547786410161549,0.08317918362313481,0.1281828904652206,0.1431951058201058,-0.0150122153548852,0.42105091808011924,0.466433474990577,-0.04538255691045778,0.12819689043701418,0.14034850110402014,-0.012151610667005958,0.08358902615358309,0.09348776895867045,-0.00989874280508736
truthfulqa,q3-4bi|l31-8bi|g3-12i,3,1,cons,logistic_pool,fitted,421,420,420,0.997624703087886,q3-4bi,initial_fit_accuracy,q3-4bi+l31-8bi+g3-12i--s70v0--6e015070,0.9864700971650915,0.7577197149643705,0.7577197149643705,0.0,0.08920815685380004,0.08218253968253944,0.007025617171260601,0.9053150707690553,0.8615430604063312,0.043772010362724045,0.839098532494759,0.7547786410161549,0.08431989147860408,0.1279882094537703,0.1431951058201058,-0.015206896366335515,0.4207987108939041,0.466433474990577,-0.04563476409667294,0.12774334065473544,0.14034850110402014,-0.012605160449284697,0.08886064962727364,0.09348776895867045,-0.004627119331396812
truthfulqa,q3-4bi|l31-8bi|g3-12i,3,1,cons,blp_equal,fitted,421,420,420,0.997624703087886,q3-4bi,initial_fit_accuracy,q3-4bi+l31-8bi+g3-12i--s70v0--6e015070,0.9997142616074102,0.7577197149643705,0.7577197149643705,0.0,0.0779739756256048,0.08218253968253944,-0.0042085640569346355,0.898900989932113,0.8615430604063312,0.03735792952578176,0.8133709458626218,0.7547786410161549,0.058592304846466936,0.1397511947698868,0.1431951058201058,-0.0034439110502190173,0.443177265736493,0.466433474990577,-0.023256209254084004,0.1397466851723509,0.14034850110402014,-0.0006018159316692473,0.07792872509069552,0.09348776895867045,-0.015559043867974923
truthfulqa,q3-4bi|l31-8bi|g3-12i,3,1,cons,kahn_diagonal,fitted,421,420,420,0.997624703087886,q3-4bi,initial_fit_accuracy,q3-4bi+l31-8bi+g3-12i--s70v0--6e015070,1.359213811452095,0.7577197149643705,0.7577197149643705,0.0,0.0576827671713095,0.08218253968253944,-0.024499772511229943,0.9040985047061275,0.8615430604063312,0.0425554442997963,0.8346590208410408,0.7547786410161549,0.07988037982488594,0.1300429949145862,0.1431951058201058,-0.013152110905519598,0.4381291846387311,0.466433474990577,-0.02830429035184595,0.13214208384840787,0.14034850110402014,-0.008206417255612275,0.10035044062829984,0.09348776895867045,0.006862671669629394
truthfulqa,q3-4bi|l31-8bi|g3-12i,3,1,cons,reference_stream_target,fixed,421,420,420,0.997624703087886,q3-4bi,initial_fit_accuracy,q3-4bi+l31-8bi+g3-12i--s70v0--6e015070,1.7013639361966157,0.7577197149643705,0.7577197149643705,0.0,0.08218253968253944,0.08218253968253944,0.0,0.8615430604063312,0.8615430604063312,0.0,0.7547786410161549,0.7547786410161549,0.0,0.1431951058201058,0.1431951058201058,0.0,0.466433474990577,0.466433474990577,0.0,0.14034850110402014,0.14034850110402014,0.0,0.09348776895867045,0.09348776895867045,0.0
truthfulqa,q3-4bi|q3-8bi,2,1,cons,mean,fixed,421,421,421,1.0,q3-4bi,initial_fit_accuracy,q3-4bi+q3-8bi--s70v0--b1896c18,1.474712283113263,0.8004750593824228,0.8004750593824228,0.0,0.059976247031097406,0.09243863816310396,-0.03246239113200656,0.871130224873966,0.844569423553632,0.026560801320334004,0.6969584569732937,0.6290624558428712,0.06789600113042249,0.14457970440750503,0.15724795460543678,-0.012668250197931746,0.4605081847027079,0.50628302019012,-0.04577483548741207,0.14169113177673337,0.14985290586634487,-0.008161774089611495,0.05246313609507443,0.055279140602705355,-0.0028160045076309273
truthfulqa,q3-4bi|q3-8bi,2,1,cons,logodds_sum,fixed,421,421,421,1.0,q3-4bi,initial_fit_accuracy,q3-4bi+q3-8bi--s70v0--b1896c18,3.0203656930268195,0.8004750593824228,0.8004750593824228,0.0,0.15909254378847973,0.09243863816310396,0.06665390562537576,0.8713612377669077,0.844569423553632,0.0267918142132757,0.6982478451321181,0.6290624558428712,0.06918538928924689,0.16793015333441663,0.15724795460543678,0.010682198728979853,0.6892750831657196,0.50628302019012,0.18299206297559967,0.1423677607373733,0.14985290586634487,-0.007485145128971554,0.06311614699818564,0.055279140602705355,0.007837006395480288
truthfulqa,q3-4bi|q3-8bi,2,1,cons,logodds_mean,fixed,421,421,421,1.0,q3-4bi,initial_fit_accuracy,q3-4bi+q3-8bi--s70v0--b1896c18,1.5101828271588702,0.8004750593824228,0.8004750593824228,0.0,0.06509440263753208,0.09243863816310396,-0.027344235525571886,0.8713612377669077,0.844569423553632,0.0267918142132757,0.6982478451321181,0.6290624558428712,0.06918538928924689,0.146043515901799,0.15724795460543678,-0.01120443870363777,0.46476510282368366,0.50628302019012,-0.041517917366436285,0.14236776061385803,0.14985290586634487,-0.007485145252486836,0.06311614522205546,0.055279140602705355,0.0078370046193501
truthfulqa,q3-4bi|q3-8bi,2,1,cons,shared_rho,fitted,421,421,421,1.0,q3-4bi,initial_fit_accuracy,q3-4bi+q3-8bi--s70v0--b1896c18,2.880990127819895,0.8004750593824228,0.8004750593824228,0.0,0.15620042218504698,0.09243863816310396,0.06376178402194302,0.8713612377669077,0.844569423553632,0.0267918142132757,0.6982478451321181,0.6290624558428712,0.06918538928924689,0.16660527367261754,0.15724795460543678,0.009357319067180764,0.6634338136659538,0.50628302019012,0.15715079347583383,0.14236776061970324,0.14985290586634487,-0.007485145246641622,0.06311614530610897,0.055279140602705355,0.007837004703403615
truthfulqa,q3-4bi|q3-8bi,2,1,cons,shared_scale,fitted,421,421,421,1.0,q3-4bi,initial_fit_accuracy,q3-4bi+q3-8bi--s70v0--b1896c18,0.9999999949994025,0.8004750593824228,0.8004750593824228,0.0,0.06311614277600239,0.09243863816310396,-0.029322495387101577,0.8713612377669077,0.844569423553632,0.0267918142132757,0.6982478451321181,0.6290624558428712,0.06918538928924689,0.14236776044375465,0.15724795460543678,-0.014880194161682125,0.45348381296341445,0.50628302019012,-0.0527992072267055,0.1423677603955598,0.14985290586634487,-0.007485145470785076,0.0631161420829605,0.055279140602705355,0.007837001480255144
truthfulqa,q3-4bi|q3-8bi,2,1,cons,kahn,fitted,421,421,421,1.0,q3-4bi,initial_fit_accuracy,q3-4bi+q3-8bi--s70v0--b1896c18,1.1961812187695744,0.8004750593824228,0.8004750593824228,0.0,0.05738137899134207,0.09243863816310396,-0.0350572591717619,0.8714707218549472,0.844569423553632,0.02690129830131527,0.6989190334887664,0.6290624558428712,0.06985657764589515,0.14392087608838297,0.15724795460543678,-0.013327078517053809,0.46001584456383937,0.50628302019012,-0.04626717562628058,0.14419807464134957,0.14985290586634487,-0.005654831224995299,0.08108992918644793,0.055279140602705355,0.025810788583742576
truthfulqa,q3-4bi|q3-8bi,2,1,cons,blp,fitted,421,421,421,1.0,q3-4bi,initial_fit_accuracy,q3-4bi+q3-8bi--s70v0--b1896c18,1.002713770232316,0.8004750593824228,0.8004750593824228,0.0,0.06729149835232304,0.09243863816310396,-0.025147139810780927,0.871035606510483,0.844569423553632,0.026466182956850992,0.6964462342800621,0.6290624558428712,0.0673837784371909,0.1418122450543737,0.15724795460543678,-0.015435709551063076,0.45186245263517283,0.50628302019012,-0.05442056755494712,0.1418329492045895,0.14985290586634487,-0.008019956661755367,0.06768561795472285,0.055279140602705355,0.01240647735201749
truthfulqa,q3-4bi|q3-8bi,2,1,cons,logistic_pool,fitted,421,421,421,1.0,q3-4bi,initial_fit_accuracy,q3-4bi+q3-8bi--s70v0--b1896c18,0.9932177992200696,0.8004750593824228,0.8004750593824228,0.0,0.07036218338792649,0.09243863816310396,-0.022076454775177473,0.871503514082686,0.844569423553632,0.026934090529054044,0.6990956620036739,0.6290624558428712,0.07003320616080266,0.14139696611727506,0.15724795460543678,-0.015850988488161716,0.4516589390476172,0.50628302019012,-0.05462408114250272,0.14133194025833948,0.14985290586634487,-0.008520965608005387,0.06935932296577516,0.055279140602705355,0.0140801823630698
truthfulqa,q3-4bi|q3-8bi,2,1,cons,blp_equal,fitted,421,421,421,1.0,q3-4bi,initial_fit_accuracy,q3-4bi+q3-8bi--s70v0--b1896c18,1.0029968892147343,0.8004750593824228,0.8004750593824228,0.0,0.05413480184749185,0.09243863816310396,-0.038303836315612114,0.871130224873966,0.844569423553632,0.026560801320334004,0.6969584569732937,0.6290624558428712,0.06789600113042249,0.14201049055660714,0.15724795460543678,-0.015237464048829641,0.4520290397870384,0.50628302019012,-0.05425398040308155,0.14203209054111354,0.14985290586634487,-0.007820815325231323,0.05459461336343237,0.055279140602705355,-0.0006845272392729876
truthfulqa,q3-4bi|q3-8bi,2,1,cons,kahn_diagonal,fitted,421,421,421,1.0,q3-4bi,initial_fit_accuracy,q3-4bi+q3-8bi--s70v0--b1896c18,1.1961812187695744,0.8004750593824228,0.8004750593824228,0.0,0.05738137899134207,0.09243863816310396,-0.0350572591717619,0.8714707218549472,0.844569423553632,0.02690129830131527,0.6989190334887664,0.6290624558428712,0.06985657764589515,0.14392087608838297,0.15724795460543678,-0.013327078517053809,0.46001584456383937,0.50628302019012,-0.04626717562628058,0.14419807464134957,0.14985290586634487,-0.005654831224995299,0.08108992918644793,0.055279140602705355,0.025810788583742576
truthfulqa,q3-4bi|q3-8bi,2,1,cons,reference_stream_target,fixed,421,421,421,1.0,q3-4bi,initial_fit_accuracy,q3-4bi+q3-8bi--s70v0--b1896c18,1.633350828275913,0.8004750593824228,0.8004750593824228,0.0,0.09243863816310396,0.09243863816310396,0.0,0.844569423553632,0.844569423553632,0.0,0.6290624558428712,0.6290624558428712,0.0,0.15724795460543678,0.15724795460543678,0.0,0.50628302019012,0.50628302019012,0.0,0.14985290586634487,0.14985290586634487,0.0,0.055279140602705355,0.055279140602705355,0.0
truthfulqa,q3-4bi|q3-8bi|l31-8bi,3,1,cons,mean,fixed,421,417,417,0.9904988123515439,q3-4bi,initial_fit_accuracy,q3-4bi+q3-8bi+l31-8bi--s70v0--a6765c64,1.0618911229055708,0.8004750593824228,0.8004750593824228,0.0,0.06037836397533333,0.07733812949640277,-0.01695976552106944,0.9247611181781198,0.8564745045507691,0.06828661362735067,0.8149041899041899,0.6672386672386672,0.14766552266552269,0.12896171951325058,0.14669930722088995,-0.017737587707639363,0.4069554816912703,0.47475251180797373,-0.0677970301167034,0.12890095392668222,0.1418657184011522,-0.01296476447446998,0.06009839910986245,0.04848952184081351,0.01160887726904894
truthfulqa,q3-4bi|q3-8bi|l31-8bi,3,1,cons,logodds_sum,fixed,421,417,417,0.9904988123515439,q3-4bi,initial_fit_accuracy,q3-4bi+q3-8bi+l31-8bi--s70v0--a6765c64,3.4443032309188304,0.8004750593824228,0.8004750593824228,0.0,0.15796569372584865,0.07733812949640277,0.08062756422944588,0.9249064493694948,0.8564745045507691,0.06843194481872572,0.8157085657085658,0.6672386672386672,0.14846989846989855,0.16239331585997216,0.14669930722088995,0.015694008639082213,0.7440840900471042,0.47475251180797373,0.26933157823913045,0.13118671983395935,0.1418657184011522,-0.010678998567192843,0.06464106647072403,0.04848952184081351,0.016151544629910516
truthfulqa,q3-4bi|q3-8bi|l31-8bi,3,1,cons,logodds_mean,fixed,421,417,417,0.9904988123515439,q3-4bi,initial_fit_accuracy,q3-4bi+q3-8bi+l31-8bi--s70v0--a6765c64,1.1481010995346232,0.8004750593824228,0.8004750593824228,0.0,0.08285848558922537,0.07733812949640277,0.005520356092822601,0.9249064493694948,0.8564745045507691,0.06843194481872572,0.8157085657085658,0.6672386672386672,0.14846989846989855,0.13192915073921574,0.14669930722088995,-0.014770156481674207,0.41564973375366027,0.47475251180797373,-0.059102778054313465,0.13118671984875838,0.1418657184011522,-0.01067899855239382,0.06464106858421746,0.04848952184081351,0.016151546743403952
truthfulqa,q3-4bi|q3-8bi|l31-8bi,3,1,cons,shared_rho,fitted,421,417,417,0.9904988123515439,q3-4bi,initial_fit_accuracy,q3-4bi+q3-8bi+l31-8bi--s70v0--a6765c64,2.588163738906025,0.8004750593824228,0.8004750593824228,0.0,0.14761202297695172,0.07733812949640277,0.07027389348054895,0.9249064493694948,0.8564745045507691,0.06843194481872572,0.8157085657085658,0.6672386672386672,0.14846989846989855,0.15476899635060398,0.14669930722088995,0.008069689129714036,0.5878029446419856,0.47475251180797373,0.11305043283401184,0.13118671984450164,0.1418657184011522,-0.010678998556650554,0.0646410679762877,0.04848952184081351,0.01615154613547419
truthfulqa,q3-4bi|q3-8bi|l31-8bi,3,1,cons,shared_scale,fitted,421,417,417,0.9904988123515439,q3-4bi,initial_fit_accuracy,q3-4bi+q3-8bi+l31-8bi--s70v0--a6765c64,1.0000000232193036,0.8004750593824228,0.8004750593824228,0.0,0.06464106715990423,0.07733812949640277,-0.012697062336498546,0.9249064493694948,0.8564745045507691,0.06843194481872572,0.8157085657085658,0.6672386672386672,0.14846989846989855,0.13118671983878571,0.14669930722088995,-0.015512587382104231,0.41684371867360204,0.47475251180797373,-0.057908793134371694,0.13118671985627056,0.1418657184011522,-0.010678998544881635,0.064641069657063,0.04848952184081351,0.016151547816249487
truthfulqa,q3-4bi|q3-8bi|l31-8bi,3,1,cons,kahn,fitted,421,417,417,0.9904988123515439,q3-4bi,initial_fit_accuracy,q3-4bi+q3-8bi+l31-8bi--s70v0--a6765c64,1.3541645109615752,0.8004750593824228,0.8004750593824228,0.0,0.09223683285734284,0.07733812949640277,0.014898703360940069,0.9232750236840598,0.8564745045507691,0.06680051913329066,0.8098991848991849,0.6672386672386672,0.14266051766051768,0.14175645611900822,0.14669930722088995,-0.004942851101881723,0.48933761495631023,0.47475251180797373,0.014585103148336498,0.1369649365520351,0.1418657184011522,-0.004900781849117103,0.07423600307725048,0.04848952184081351,0.02574648123643697
truthfulqa,q3-4bi|q3-8bi|l31-8bi,3,1,cons,blp,fitted,421,417,417,0.9904988123515439,q3-4bi,initial_fit_accuracy,q3-4bi+q3-8bi+l31-8bi--s70v0--a6765c64,1.0059500782125759,0.8004750593824228,0.8004750593824228,0.0,0.07315563375956351,0.07733812949640277,-0.0041824957368392646,0.9225512464058561,0.8564745045507691,0.06607674185508694,0.807039182039182,0.6672386672386672,0.1398005148005148,0.13692158427058443,0.14669930722088995,-0.009777722950305517,0.4485658645600572,0.47475251180797373,-0.026186647247916528,0.13686821264378723,0.1418657184011522,-0.004997505757364962,0.07327266760431975,0.04848952184081351,0.024783145763506237
truthfulqa,q3-4bi|q3-8bi|l31-8bi,3,1,cons,logistic_pool,fitted,421,417,417,0.9904988123515439,q3-4bi,initial_fit_accuracy,q3-4bi+q3-8bi+l31-8bi--s70v0--a6765c64,0.9713744243933687,0.8004750593824228,0.8004750593824228,0.0,0.06902654341399767,0.07733812949640277,-0.008311586082405106,0.9230797798090287,0.8564745045507691,0.06660527525825954,0.809076934076934,0.6672386672386672,0.14183826683826684,0.13562008519043223,0.14669930722088995,-0.01107922203045772,0.4426293258501582,0.47475251180797373,-0.03212318595781555,0.1358373045304164,0.1418657184011522,-0.006028413870735799,0.06866037372379398,0.04848952184081351,0.02017085188298047
truthfulqa,q3-4bi|q3-8bi|l31-8bi,3,1,cons,blp_equal,fitted,421,417,417,0.9904988123515439,q3-4bi,initial_fit_accuracy,q3-4bi+q3-8bi+l31-8bi--s70v0--a6765c64,1.0098916979976802,0.8004750593824228,0.8004750593824228,0.0,0.06831583622411035,0.07733812949640277,-0.009022293272292425,0.9247611181781198,0.8564745045507691,0.06828661362735067,0.8149041899041899,0.6672386672386672,0.14766552266552269,0.13301881932602455,0.14669930722088995,-0.013680487894865395,0.4380377060794869,0.47475251180797373,-0.03671480572848684,0.13298953072798206,0.1418657184011522,-0.008876187673170138,0.06873126053129448,0.04848952184081351,0.020241738690480973
truthfulqa,q3-4bi|q3-8bi|l31-8bi,3,1,cons,kahn_diagonal,fitted,421,417,417,0.9904988123515439,q3-4bi,initial_fit_accuracy,q3-4bi+q3-8bi+l31-8bi--s70v0--a6765c64,1.5465769174527682,0.8004750593824228,0.8004750593824228,0.0,0.10652866281195453,0.07733812949640277,0.029190533315551756,0.9245751845517911,0.8564745045507691,0.06810068000102198,0.8148684398684398,0.6672386672386672,0.14762977262977262,0.14499587141015427,0.14669930722088995,-0.0017034358107356762,0.5287328758331354,0.47475251180797373,0.05398036402516171,0.13752468147525213,0.1418657184011522,-0.004341036925900071,0.09402081047485715,0.04848952184081351,0.04553128863404364
truthfulqa,q3-4bi|q3-8bi|l31-8bi,3,1,cons,reference_stream_target,fixed,421,417,417,0.9904988123515439,q3-4bi,initial_fit_accuracy,q3-4bi+q3-8bi+l31-8bi--s70v0--a6765c64,1.5065292105858852,0.8004750593824228,0.8004750593824228,0.0,0.07733812949640277,0.07733812949640277,0.0,0.8564745045507691,0.8564745045507691,0.0,0.6672386672386672,0.6672386672386672,0.0,0.14669930722088995,0.14669930722088995,0.0,0.47475251180797373,0.47475251180797373,0.0,0.1418657184011522,0.1418657184011522,0.0,0.04848952184081351,0.04848952184081351,0.0
truthfulqa,q3-4bi|q3-8bi|l31-8bi|g2-9i,4,1,cons,mean,fixed,421,415,415,0.9857482185273159,g2-9i,initial_fit_accuracy,q3-4bi+q3-8bi+l31-8bi+g2-9i--s70v0--443d4cc9,1.0479380342285547,0.8194774346793349,0.8194774346793349,0.0,0.043052208835192764,0.042771084337349455,0.0002811244978433089,0.9271299853052019,0.8908681938331148,0.03626179147208708,0.8053935860058309,0.7061062520246194,0.09928733398121148,0.11057371151271381,0.1267570281124498,-0.016183316599735986,0.36452565377842305,0.42269427535688286,-0.05816862157845981,0.11107685299735892,0.12714489606867482,-0.0160680430713159,0.04467183377984749,0.07748321650971535,-0.032811382729867854
truthfulqa,q3-4bi|q3-8bi|l31-8bi|g2-9i,4,1,cons,logodds_sum,fixed,421,415,415,0.9857482185273159,g2-9i,initial_fit_accuracy,q3-4bi+q3-8bi+l31-8bi+g2-9i--s70v0--443d4cc9,4.62730263902747,0.8194774346793349,0.8194774346793349,0.0,0.13185352619490354,0.042771084337349455,0.08908244185755408,0.9270865713995919,0.8908681938331148,0.03621837756647717,0.8049279235503726,0.7061062520246194,0.09882167152575316,0.13501662213310414,0.1267570281124498,0.008259594020654348,0.7691071417108096,0.42269427535688286,0.34641286635392676,0.11277527198715723,0.12714489606867482,-0.014369624081517596,0.058352836414791595,0.07748321650971535,-0.019130380094923752
truthfulqa,q3-4bi|q3-8bi|l31-8bi|g2-9i,4,1,cons,logodds_mean,fixed,421,415,415,0.9857482185273159,g2-9i,initial_fit_accuracy,q3-4bi+q3-8bi+l31-8bi+g2-9i--s70v0--443d4cc9,1.1568256379358075,0.8194774346793349,0.8194774346793349,0.0,0.03865061247552528,0.042771084337349455,-0.004120471861824175,0.9270865713995919,0.8908681938331148,0.03621837756647717,0.8049279235503726,0.7061062520246194,0.09882167152575316,0.1116514400681926,0.1267570281124498,-0.015105588044257198,0.3665871092434622,0.42269427535688286,-0.05610716611342065,0.1127752717249519,0.12714489606867482,-0.014369624343722923,0.05835283407301819,0.07748321650971535,-0.01913038243669716
truthfulqa,q3-4bi|q3-8bi|l31-8bi|g2-9i,4,1,cons,shared_rho,fitted,421,415,415,0.9857482185273159,g2-9i,initial_fit_accuracy,q3-4bi+q3-8bi+l31-8bi+g2-9i--s70v0--443d4cc9,3.3575791685491825,0.8194774346793349,0.8194774346793349,0.0,0.11901191975176141,0.042771084337349455,0.07624083541441196,0.9270865713995919,0.8908681938331148,0.03621837756647717,0.8049279235503726,0.7061062520246194,0.09882167152575316,0.12949926169307213,0.1267570281124498,0.0027422335806223386,0.5821811215688292,0.42269427535688286,0.1594868462119463,0.11277527193194012,0.12714489606867482,-0.014369624136734704,0.05835283592164436,0.07748321650971535,-0.01913038058807099
truthfulqa,q3-4bi|q3-8bi|l31-8bi|g2-9i,4,1,cons,shared_scale,fitted,421,415,415,0.9857482185273159,g2-9i,initial_fit_accuracy,q3-4bi+q3-8bi+l31-8bi+g2-9i--s70v0--443d4cc9,0.9999999975732508,0.8194774346793349,0.8194774346793349,0.0,0.05835283305618563,0.042771084337349455,0.015581748718836178,0.9270865713995919,0.8908681938331148,0.03621837756647717,0.8049279235503726,0.7061062520246194,0.09882167152575316,0.11277527161110423,0.1267570281124498,-0.01398175650134556,0.3740471764814073,0.42269427535688286,-0.04864709887547558,0.112775271577387,0.12714489606867482,-0.014369624491287827,0.05835283275510583,0.07748321650971535,-0.019130383754609515
truthfulqa,q3-4bi|q3-8bi|l31-8bi|g2-9i,4,1,cons,kahn,fitted,421,415,415,0.9857482185273159,g2-9i,initial_fit_accuracy,q3-4bi+q3-8bi+l31-8bi+g2-9i--s70v0--443d4cc9,1.226311738157682,0.8194774346793349,0.8194774346793349,0.0,0.06664427100706506,0.042771084337349455,0.023873186669715607,0.9277373519152963,0.8908681938331148,0.0368691580821815,0.8081875607385811,0.7061062520246194,0.1020813087139617,0.12181886017055442,0.1267570281124498,-0.0049381679418953744,0.4057655950607634,0.42269427535688286,-0.01692868029611949,0.12111228184553079,0.12714489606867482,-0.006032614223144037,0.08616794622414962,0.07748321650971535,0.008684729714434278
truthfulqa,q3-4bi|q3-8bi|l31-8bi|g2-9i,4,1,cons,blp,fitted,421,415,415,0.9857482185273159,g2-9i,initial_fit_accuracy,q3-4bi+q3-8bi+l31-8bi+g2-9i--s70v0--443d4cc9,1.0122603601007412,0.8194774346793349,0.8194774346793349,0.0,0.04960423609047237,0.042771084337349455,0.006833151753122914,0.9278764921278126,0.8908681938331148,0.03700829829469787,0.8083090379008746,0.7061062520246194,0.1022027858762552,0.11318533785252985,0.1267570281124498,-0.013571690259919944,0.37222728214188194,0.42269427535688286,-0.05046699321500092,0.11325743671971057,0.12714489606867482,-0.013887459348964251,0.05107401747570398,0.07748321650971535,-0.026409199034011364
truthfulqa,q3-4bi|q3-8bi|l31-8bi|g2-9i,4,1,cons,logistic_pool,fitted,421,415,415,0.9857482185273159,g2-9i,initial_fit_accuracy,q3-4bi+q3-8bi+l31-8bi+g2-9i--s70v0--443d4cc9,0.987934719849327,0.8194774346793349,0.8194774346793349,0.0,0.06475551059686994,0.042771084337349455,0.02198442625952049,0.9275281699102378,0.8908681938331148,0.03665997607712301,0.8068918043407839,0.7061062520246194,0.10078555231616448,0.11446441977396764,0.1267570281124498,-0.012292608338482156,0.376574316414403,0.42269427535688286,-0.04611995894247989,0.1143910344961046,0.12714489606867482,-0.012753861572570219,0.06334371869900858,0.07748321650971535,-0.014139497810706766
truthfulqa,q3-4bi|q3-8bi|l31-8bi|g2-9i,4,1,cons,blp_equal,fitted,421,415,415,0.9857482185273159,g2-9i,initial_fit_accuracy,q3-4bi+q3-8bi+l31-8bi+g2-9i--s70v0--443d4cc9,1.0104597367471986,0.8194774346793349,0.8194774346793349,0.0,0.05635387647566748,0.042771084337349455,0.013582792138318027,0.9271299853052019,0.8908681938331148,0.03626179147208708,0.8053935860058309,0.7061062520246194,0.09928733398121148,0.11269401729205064,0.1267570281124498,-0.014063010820399152,0.3696695872089131,0.42269427535688286,-0.05302468814796979,0.11277202959342424,0.12714489606867482,-0.014372866475250587,0.057725852085622045,0.07748321650971535,-0.0197573644240933
truthfulqa,q3-4bi|q3-8bi|l31-8bi|g2-9i,4,1,cons,kahn_diagonal,fitted,421,415,415,0.9857482185273159,g2-9i,initial_fit_accuracy,q3-4bi+q3-8bi+l31-8bi+g2-9i--s70v0--443d4cc9,1.4013446421170697,0.8194774346793349,0.8194774346793349,0.0,0.0768521845546313,0.042771084337349455,0.03408110021728185,0.9279895422551822,0.8908681938331148,0.03712134842206738,0.8094833171363783,0.7061062520246194,0.10337706511175893,0.1290518338333438,0.1267570281124498,0.0022948057208939943,0.439700497720261,0.42269427535688286,0.01700622236337812,0.12628187671979474,0.12714489606867482,-0.0008630193488800841,0.10481671683544083,0.07748321650971535,0.027333500325725485
truthfulqa,q3-4bi|q3-8bi|l31-8bi|g2-9i,4,1,cons,reference_stream_target,fixed,421,415,415,0.9857482185273159,g2-9i,initial_fit_accuracy,q3-4bi+q3-8bi+l31-8bi+g2-9i--s70v0--443d4cc9,1.4746701682475887,0.8194774346793349,0.8194774346793349,0.0,0.042771084337349455,0.042771084337349455,0.0,0.8908681938331148,0.8908681938331148,0.0,0.7061062520246194,0.7061062520246194,0.0,0.1267570281124498,0.1267570281124498,0.0,0.42269427535688286,0.42269427535688286,0.0,0.12714489606867482,0.12714489606867482,0.0,0.07748321650971535,0.07748321650971535,0.0
truthfulqa,q3-4bi|q3-8bi|l31-8bi|g2-9i|g3-12i|phi4mii,6,1,cons,mean,fixed,421,414,414,0.9833729216152018,g2-9i,initial_fit_accuracy,q3-4bi+q3-8bi+l31-8bi+g2-9i+g3-12i+phi4mii--s70v0--1aa3e8d6,1.0586090743251335,0.8147268408551069,0.8147268408551069,0.0,0.0847289318302536,0.06964573268921083,0.015083199141042766,0.9475897412346337,0.8743436490991175,0.07324609213551614,0.8371422893481717,0.6659578696343402,0.17118441971383147,0.11572098467226039,0.14301529790660225,-0.027294313234341866,0.37309429964908875,0.4680883766088502,-0.09499407695976148,0.11633585941630613,0.13940943878735904,-0.023073579371052907,0.08524900731152794,0.07165222736289606,0.013596779948631885
truthfulqa,q3-4bi|q3-8bi|l31-8bi|g2-9i|g3-12i|phi4mii,6,1,cons,logodds_sum,fixed,421,414,414,0.9833729216152018,g2-9i,initial_fit_accuracy,q3-4bi+q3-8bi+l31-8bi+g2-9i+g3-12i+phi4mii--s70v0--1aa3e8d6,7.0274956594623275,0.8147268408551069,0.8147268408551069,0.0,0.1579957300185917,0.06964573268921083,0.08834999732938088,0.9478254011473962,0.8743436490991175,0.07348175204827867,0.8380564387917329,0.6659578696343402,0.17209856915739263,0.15386126547166395,0.14301529790660225,0.010845967565061704,1.0989789793085374,0.4680883766088502,0.6308906026996872,0.11855272405667647,0.13940943878735904,-0.02085671473068257,0.06947194006224076,0.07165222736289606,-0.0021802873006552953
truthfulqa,q3-4bi|q3-8bi|l31-8bi|g2-9i|g3-12i|phi4mii,6,1,cons,logodds_mean,fixed,421,414,414,0.9833729216152018,g2-9i,initial_fit_accuracy,q3-4bi+q3-8bi+l31-8bi+g2-9i+g3-12i+phi4mii--s70v0--1aa3e8d6,1.1841048312318916,0.8147268408551069,0.8147268408551069,0.0,0.08486891933146135,0.06964573268921083,0.015223186642250516,0.9478254011473962,0.8743436490991175,0.07348175204827867,0.8380564387917329,0.6659578696343402,0.17209856915739263,0.1164973613598779,0.14301529790660225,-0.026517936546724352,0.3759397185289856,0.4680883766088502,-0.09214865807986461,0.11795771522713024,0.13940943878735904,-0.0214517235602288,0.06623553925959944,0.07165222736289606,-0.005416688103296624
truthfulqa,q3-4bi|q3-8bi|l31-8bi|g2-9i|g3-12i|phi4mii,6,1,cons,shared_rho,fitted,421,414,414,0.9833729216152018,g2-9i,initial_fit_accuracy,q3-4bi+q3-8bi+l31-8bi+g2-9i+g3-12i+phi4mii--s70v0--1aa3e8d6,3.622871328239277,0.8147268408551069,0.8147268408551069,0.0,0.1354376424429298,0.06964573268921083,0.06579190975371897,0.9478254011473962,0.8743436490991175,0.07348175204827867,0.8380564387917329,0.6659578696343402,0.17209856915739263,0.13818544780146266,0.14301529790660225,-0.004829850105139588,0.6007766809444266,0.4680883766088502,0.13268830433557638,0.11795771514076356,0.13940943878735904,-0.021451723646595477,0.06623553845845545,0.07165222736289606,-0.005416688904440609
truthfulqa,q3-4bi|q3-8bi|l31-8bi|g2-9i|g3-12i|phi4mii,6,1,cons,shared_scale,fitted,421,414,414,0.9833729216152018,g2-9i,initial_fit_accuracy,q3-4bi+q3-8bi+l31-8bi+g2-9i+g3-12i+phi4mii--s70v0--1aa3e8d6,1.0,0.8147268408551069,0.8147268408551069,0.0,0.06623553713323684,0.06964573268921083,-0.003410195555973994,0.9478254011473962,0.8743436490991175,0.07348175204827867,0.8380564387917329,0.6659578696343402,0.17209856915739263,0.11795771499792362,0.14301529790660225,-0.025057582908678627,0.3858118921860271,0.4680883766088502,-0.08227648442282315,0.11795771499789938,0.13940943878735904,-0.021451723789459656,0.06623553713323113,0.07165222736289606,-0.005416690229664928
truthfulqa,q3-4bi|q3-8bi|l31-8bi|g2-9i|g3-12i|phi4mii,6,1,cons,kahn,fitted,421,414,414,0.9833729216152018,g2-9i,initial_fit_accuracy,q3-4bi+q3-8bi+l31-8bi+g2-9i+g3-12i+phi4mii--s70v0--1aa3e8d6,1.3258486778211622,0.8147268408551069,0.8147268408551069,0.0,0.05325392331674397,0.06964573268921083,-0.016391809372466856,0.9456861951495266,0.8743436490991175,0.07134254605040902,0.8577702702702703,0.6659578696343402,0.19181240063593008,0.11438963325554288,0.14301529790660225,-0.028625664651059368,0.3738714308974878,0.4680883766088502,-0.09421694571136241,0.11263445508656166,0.13940943878735904,-0.02677498370079738,0.0816407332414371,0.07165222736289606,0.00998850587854104
truthfulqa,q3-4bi|q3-8bi|l31-8bi|g2-9i|g3-12i|phi4mii,6,1,cons,blp,fitted,421,414,414,0.9833729216152018,g2-9i,initial_fit_accuracy,q3-4bi+q3-8bi+l31-8bi+g2-9i+g3-12i+phi4mii--s70v0--1aa3e8d6,1.015039680812123,0.8147268408551069,0.8147268408551069,0.0,0.057278650466398434,0.06964573268921083,-0.012367082222812395,0.9525853535190376,0.8743436490991175,0.07824170441992007,0.8669117647058824,0.6659578696343402,0.20095389507154215,0.10640419209972873,0.14301529790660225,-0.03661110580687352,0.345609684564216,0.4680883766088502,-0.12247869204463424,0.10648521752593824,0.13940943878735904,-0.03292422126142079,0.05887074168707142,0.07165222736289606,-0.012781485675824641
truthfulqa,q3-4bi|q3-8bi|l31-8bi|g2-9i|g3-12i|phi4mii,6,1,cons,logistic_pool,fitted,421,414,414,0.9833729216152018,g2-9i,initial_fit_accuracy,q3-4bi+q3-8bi+l31-8bi+g2-9i+g3-12i+phi4mii--s70v0--1aa3e8d6,0.9797913448549974,0.8147268408551069,0.8147268408551069,0.0,0.06542889890558211,0.06964573268921083,-0.004216833783628721,0.9442355118355215,0.8743436490991175,0.06989186273640391,0.8493441971383148,0.6659578696343402,0.18338632750397454,0.11015685121186776,0.14301529790660225,-0.03285844669473449,0.3634395197363286,0.4680883766088502,-0.10464885687252162,0.11004647296551584,0.13940943878735904,-0.029362965821843195,0.060244592514199106,0.07165222736289606,-0.011407634848696953
truthfulqa,q3-4bi|q3-8bi|l31-8bi|g2-9i|g3-12i|phi4mii,6,1,cons,blp_equal,fitted,421,414,414,0.9833729216152018,g2-9i,initial_fit_accuracy,q3-4bi+q3-8bi+l31-8bi+g2-9i+g3-12i+phi4mii--s70v0--1aa3e8d6,1.0110775031921129,0.8147268408551069,0.8147268408551069,0.0,0.07425134321001442,0.06964573268921083,0.004605610520803591,0.9475897412346337,0.8743436490991175,0.07324609213551614,0.8371422893481717,0.6659578696343402,0.17118441971383147,0.12147977885302427,0.14301529790660225,-0.02153551905357798,0.3840106946502539,0.4680883766088502,-0.08407768195859633,0.12151802936801422,0.13940943878735904,-0.01789140941934482,0.07416780332544955,0.07165222736289606,0.0025155759625534874
truthfulqa,q3-4bi|q3-8bi|l31-8bi|g2-9i|g3-12i|phi4mii,6,1,cons,kahn_diagonal,fitted,421,414,414,0.9833729216152018,g2-9i,initial_fit_accuracy,q3-4bi+q3-8bi+l31-8bi+g2-9i+g3-12i+phi4mii--s70v0--1aa3e8d6,1.8099521998131274,0.8147268408551069,0.8147268408551069,0.0,0.11523915166723438,0.06964573268921083,0.04559341897802355,0.9517684608676116,0.8743436490991175,0.07742481176849403,0.8571740858505564,0.6659578696343402,0.1912162162162162,0.1438200099653826,0.14301529790660225,0.0008047120587803547,0.49981725744569633,0.4680883766088502,0.03172888083684611,0.1312621374337502,0.13940943878735904,-0.008147301353608832,0.13270211498292922,0.07165222736289606,0.06104988762003316
truthfulqa,q3-4bi|q3-8bi|l31-8bi|g2-9i|g3-12i|phi4mii,6,1,cons,reference_stream_target,fixed,421,414,414,0.9833729216152018,g2-9i,initial_fit_accuracy,q3-4bi+q3-8bi+l31-8bi+g2-9i+g3-12i+phi4mii--s70v0--1aa3e8d6,1.51045878686551,0.8147268408551069,0.8147268408551069,0.0,0.06964573268921083,0.06964573268921083,0.0,0.8743436490991175,0.8743436490991175,0.0,0.6659578696343402,0.6659578696343402,0.0,0.14301529790660225,0.14301529790660225,0.0,0.4680883766088502,0.4680883766088502,0.0,0.13940943878735904,0.13940943878735904,0.0,0.07165222736289606,0.07165222736289606,0.0
truthfulqa,q3-4bi|q3-8bi|l31-8bi|g2-9i|phi4mii,5,1,cons,mean,fixed,421,414,414,0.9833729216152018,g2-9i,initial_fit_accuracy,q3-4bi+q3-8bi+l31-8bi+g2-9i+phi4mii--s70v0--68a3a9c7,1.0215061879161587,0.8194774346793349,0.8194774346793349,0.0,0.05461755233482367,0.05475040257648949,-0.0001328502416658231,0.9447843722015141,0.8821945018178956,0.06258987038361852,0.8339018843404808,0.6801900584795322,0.15371182586094867,0.11093398416530885,0.13482957595276435,-0.023895591787455497,0.3624980680475254,0.44373577899994454,-0.08123771095241916,0.11119474618588246,0.13252800114331406,-0.021333254957431602,0.05695261132157528,0.0649134196431364,-0.007960808321561125
truthfulqa,q3-4bi|q3-8bi|l31-8bi|g2-9i|phi4mii,5,1,cons,logodds_sum,fixed,421,414,414,0.9833729216152018,g2-9i,initial_fit_accuracy,q3-4bi+q3-8bi+l31-8bi+g2-9i+phi4mii--s70v0--68a3a9c7,5.684553665732697,0.8194774346793349,0.8194774346793349,0.0,0.11919829385886727,0.05475040257648949,0.06444789128237777,0.9451846571647159,0.8821945018178956,0.06299015534682029,0.8362370045484081,0.6801900584795322,0.15604694606887592,0.13080833359165536,0.13482957595276435,-0.004021242361108984,0.8668606157806746,0.44373577899994454,0.4231248367807301,0.1114317451697084,0.13252800114331406,-0.021096255973605663,0.06860550352542373,0.0649134196431364,0.0036920838822873253
truthfulqa,q3-4bi|q3-8bi|l31-8bi|g2-9i|phi4mii,5,1,cons,logodds_mean,fixed,421,414,414,0.9833729216152018,g2-9i,initial_fit_accuracy,q3-4bi+q3-8bi+l31-8bi+g2-9i+phi4mii--s70v0--68a3a9c7,1.136910730266552,0.8194774346793349,0.8194774346793349,0.0,0.054207084973159424,0.05475040257648949,-0.000543317603330068,0.9451846571647159,0.8821945018178956,0.06299015534682029,0.8362370045484081,0.6801900584795322,0.15604694606887592,0.11009930340681463,0.13482957595276435,-0.024730272545949714,0.36089316055300136,0.44373577899994454,-0.08284261844694318,0.11143174512960927,0.13252800114331406,-0.021096256013704795,0.06860550320919054,0.0649134196431364,0.003692083566054133
truthfulqa,q3-4bi|q3-8bi|l31-8bi|g2-9i|phi4mii,5,1,cons,shared_rho,fitted,421,414,414,0.9833729216152018,g2-9i,initial_fit_accuracy,q3-4bi+q3-8bi+l31-8bi+g2-9i+phi4mii--s70v0--68a3a9c7,3.05222103847114,0.8194774346793349,0.8194774346793349,0.0,0.10619302311320515,0.05475040257648949,0.05144262053671566,0.9451846571647159,0.8821945018178956,0.06299015534682029,0.8362370045484081,0.6801900584795322,0.15604694606887592,0.12345557097744378,0.13482957595276435,-0.011374004975320567,0.5095591980797198,0.44373577899994454,0.06582341907977529,0.11143174510972362,0.13252800114331406,-0.021096256033590444,0.06860550305233949,0.0649134196431364,0.003692083409203087
truthfulqa,q3-4bi|q3-8bi|l31-8bi|g2-9i|phi4mii,5,1,cons,shared_scale,fitted,421,414,414,0.9833729216152018,g2-9i,initial_fit_accuracy,q3-4bi+q3-8bi+l31-8bi+g2-9i+phi4mii--s70v0--68a3a9c7,1.0000000151383486,0.8194774346793349,0.8194774346793349,0.0,0.06860550209939607,0.05475040257648949,0.013855099522906582,0.9451846571647159,0.8821945018178956,0.06299015534682029,0.8362370045484081,0.6801900584795322,0.15604694606887592,0.11143174498889931,0.13482957595276435,-0.023397830963865038,0.3692110067571673,0.44373577899994454,-0.07452477224277726,0.111431745228381,0.13252800114331406,-0.021096255914933068,0.06860550398826915,0.0649134196431364,0.00369208434513274
truthfulqa,q3-4bi|q3-8bi|l31-8bi|g2-9i|phi4mii,5,1,cons,kahn,fitted,421,414,414,0.9833729216152018,g2-9i,initial_fit_accuracy,q3-4bi+q3-8bi+l31-8bi+g2-9i+phi4mii--s70v0--68a3a9c7,1.2490259530803278,0.8194774346793349,0.8194774346793349,0.0,0.04870928624529469,0.05475040257648949,-0.0060411163311948,0.9331060609258726,0.8821945018178956,0.050911559107976956,0.8259421702404158,0.6801900584795322,0.14575211176088365,0.11181332454407195,0.13482957595276435,-0.0230162514086924,0.3606018547244347,0.44373577899994454,-0.08313392427550986,0.11188834309465637,0.13252800114331406,-0.020639658048657694,0.05934538001160118,0.0649134196431364,-0.005568039631535224
truthfulqa,q3-4bi|q3-8bi|l31-8bi|g2-9i|phi4mii,5,1,cons,blp,fitted,421,414,414,0.9833729216152018,g2-9i,initial_fit_accuracy,q3-4bi+q3-8bi+l31-8bi+g2-9i+phi4mii--s70v0--68a3a9c7,1.0056314213618425,0.8194774346793349,0.8194774346793349,0.0,0.048104583769270494,0.05475040257648949,-0.006645818807218998,0.9439048701208631,0.8821945018178956,0.0617103683029675,0.842714424951267,0.6801900584795322,0.16252436647173485,0.10669736693017551,0.13482957595276435,-0.02813220902258884,0.34766507428331256,0.44373577899994454,-0.09607070471663198,0.10675899743630146,0.13252800114331406,-0.0257690037070126,0.0489528575087001,0.0649134196431364,-0.015960562134436307
truthfulqa,q3-4bi|q3-8bi|l31-8bi|g2-9i|phi4mii,5,1,cons,logistic_pool,fitted,421,414,414,0.9833729216152018,g2-9i,initial_fit_accuracy,q3-4bi+q3-8bi+l31-8bi+g2-9i+phi4mii--s70v0--68a3a9c7,0.9839595871956446,0.8194774346793349,0.8194774346793349,0.0,0.06714658896250729,0.05475040257648949,0.012396186386017798,0.9323216063953105,0.8821945018178956,0.05012710457741487,0.8202972709551657,0.6801900584795322,0.1401072124756335,0.11084477841542874,0.13482957595276435,-0.02398479753733561,0.36233343094432324,0.44373577899994454,-0.0814023480556213,0.1107192852117031,0.13252800114331406,-0.02180871593161096,0.06488394977726593,0.0649134196431364,-2.946986587047673e-05
truthfulqa,q3-4bi|q3-8bi|l31-8bi|g2-9i|phi4mii,5,1,cons,blp_equal,fitted,421,414,414,0.9833729216152018,g2-9i,initial_fit_accuracy,q3-4bi+q3-8bi+l31-8bi+g2-9i+phi4mii--s70v0--68a3a9c7,1.0105307466748241,0.8194774346793349,0.8194774346793349,0.0,0.05775085516989369,0.05475040257648949,0.0030004525934042015,0.9447843722015141,0.8821945018178956,0.06258987038361852,0.8339018843404808,0.6801900584795322,0.15371182586094867,0.1111046820379014,0.13482957595276435,-0.023724893914862946,0.3612683571476529,0.44373577899994454,-0.08246742185229167,0.11122957371000253,0.13252800114331406,-0.021298427433311534,0.05349558621901708,0.0649134196431364,-0.011417833424119325
truthfulqa,q3-4bi|q3-8bi|l31-8bi|g2-9i|phi4mii,5,1,cons,kahn_diagonal,fitted,421,414,414,0.9833729216152018,g2-9i,initial_fit_accuracy,q3-4bi+q3-8bi+l31-8bi+g2-9i+phi4mii--s70v0--68a3a9c7,1.662788151063729,0.8194774346793349,0.8194774346793349,0.0,0.07637357701377777,0.05475040257648949,0.021623174437288277,0.9474826300356868,0.8821945018178956,0.06528812821779117,0.8481156595191683,0.6801900584795322,0.16792560103963616,0.12586297696028423,0.13482957595276435,-0.008966598992480118,0.4064125689384146,0.44373577899994454,-0.03732321006152994,0.12033231130069064,0.13252800114331406,-0.012195689842623425,0.11040505394415287,0.0649134196431364,0.045491634301016465
truthfulqa,q3-4bi|q3-8bi|l31-8bi|g2-9i|phi4mii,5,1,cons,reference_stream_target,fixed,421,414,414,0.9833729216152018,g2-9i,initial_fit_accuracy,q3-4bi+q3-8bi+l31-8bi+g2-9i+phi4mii--s70v0--68a3a9c7,1.4816754102734075,0.8194774346793349,0.8194774346793349,0.0,0.05475040257648949,0.05475040257648949,0.0,0.8821945018178956,0.8821945018178956,0.0,0.6801900584795322,0.6801900584795322,0.0,0.13482957595276435,0.13482957595276435,0.0,0.44373577899994454,0.44373577899994454,0.0,0.13252800114331406,0.13252800114331406,0.0,0.0649134196431364,0.0649134196431364,0.0
truthfulqa,q3-4bi|q3-8bi|l32-3bi|l31-8bi|g2-9i,5,1,cons,mean,fixed,421,415,415,0.9857482185273159,g2-9i,initial_fit_accuracy,q3-4bi+q3-8bi+l32-3bi+l31-8bi+g2-9i--s70v0--a4d1b917,0.8630110255369127,0.8028503562945368,0.8028503562945368,0.0,0.05866666666664093,0.0539759036144578,0.0046907630521831264,0.920378462407067,0.8691931016714209,0.05118536073564606,0.8153507799216382,0.6908405411399423,0.12451023878169587,0.12023293172692366,0.13439491298527442,-0.014161981258350761,0.3916855787711196,0.44496209851089646,-0.05327651973977687,0.11851311192788289,0.1319187268104294,-0.013405614882546518,0.034217381869007295,0.03837122248311879,-0.004153840614111497
truthfulqa,q3-4bi|q3-8bi|l32-3bi|l31-8bi|g2-9i,5,1,cons,logodds_sum,fixed,421,415,415,0.9857482185273159,g2-9i,initial_fit_accuracy,q3-4bi+q3-8bi+l32-3bi+l31-8bi+g2-9i--s70v0--a4d1b917,4.8642597366987745,0.8028503562945368,0.8028503562945368,0.0,0.138077976779258,0.0539759036144578,0.0841020731648002,0.9208533427328068,0.8691931016714209,0.05166024106138589,0.8171250092407777,0.6908405411399423,0.12628446810083538,0.14694464259150242,0.13439491298527442,0.012549729606227994,0.9137630617583755,0.44496209851089646,0.46880096324747905,0.11916314732490388,0.1319187268104294,-0.012755579485525526,0.04152873509168025,0.03837122248311879,0.0031575126085614594
truthfulqa,q3-4bi|q3-8bi|l32-3bi|l31-8bi|g2-9i,5,1,cons,logodds_mean,fixed,421,415,415,0.9857482185273159,g2-9i,initial_fit_accuracy,q3-4bi+q3-8bi+l32-3bi+l31-8bi+g2-9i--s70v0--a4d1b917,0.9728519492116172,0.8028503562945368,0.8028503562945368,0.0,0.04439576273152527,0.0539759036144578,-0.009580140882932534,0.9208533427328068,0.8691931016714209,0.05166024106138589,0.8171250092407777,0.6908405411399423,0.12628446810083538,0.11932860250665617,0.13439491298527442,-0.015066310478618256,0.3875990249676431,0.44496209851089646,-0.05736307354325337,0.11916314733433439,0.1319187268104294,-0.012755579476095014,0.041528735289280784,0.03837122248311879,0.0031575128061619925
truthfulqa,q3-4bi|q3-8bi|l32-3bi|l31-8bi|g2-9i,5,1,cons,shared_rho,fitted,421,415,415,0.9857482185273159,g2-9i,initial_fit_accuracy,q3-4bi+q3-8bi+l32-3bi+l31-8bi+g2-9i--s70v0--a4d1b917,2.9750226517490863,0.8028503562945368,0.8028503562945368,0.0,0.12342582907076378,0.0539759036144578,0.06944992545630599,0.9208533427328068,0.8691931016714209,0.05166024106138589,0.8171250092407777,0.6908405411399423,0.12628446810083538,0.1381430790142342,0.13439491298527442,0.0037481660289597762,0.5942812223216225,0.44496209851089646,0.14931912381072604,0.11916314750584824,0.1319187268104294,-0.012755579304581169,0.04152873888298615,0.03837122248311879,0.0031575163998673605
truthfulqa,q3-4bi|q3-8bi|l32-3bi|l31-8bi|g2-9i,5,1,cons,shared_scale,fitted,421,415,415,0.9857482185273159,g2-9i,initial_fit_accuracy,q3-4bi+q3-8bi+l32-3bi+l31-8bi+g2-9i--s70v0--a4d1b917,0.9999999949802038,0.8028503562945368,0.8028503562945368,0.0,0.04152873659801693,0.0539759036144578,-0.012447167016440872,0.9208533427328068,0.8691931016714209,0.05166024106138589,0.8171250092407777,0.6908405411399423,0.12628446810083538,0.11916314739676935,0.13439491298527442,-0.015231765588505072,0.3864142054667782,0.44496209851089646,-0.05854789304411828,0.11916314737218903,0.1319187268104294,-0.012755579438240378,0.041528736082443965,0.03837122248311879,0.0031575135993251735
truthfulqa,q3-4bi|q3-8bi|l32-3bi|l31-8bi|g2-9i,5,1,cons,kahn,fitted,421,415,415,0.9857482185273159,g2-9i,initial_fit_accuracy,q3-4bi+q3-8bi+l32-3bi+l31-8bi+g2-9i--s70v0--a4d1b917,1.3220974858881984,0.8028503562945368,0.8028503562945368,0.0,0.052461185712879506,0.0539759036144578,-0.0015147179015782969,0.922805789016274,0.8691931016714209,0.05361268734485303,0.8264766762770754,0.6908405411399423,0.13563613513713313,0.12159807850073392,0.13439491298527442,-0.012796834484540498,0.41325443818185187,0.44496209851089646,-0.031707660329044596,0.12033092430769642,0.1319187268104294,-0.011587802502732988,0.06493402314270309,0.03837122248311879,0.0265628006595843
truthfulqa,q3-4bi|q3-8bi|l32-3bi|l31-8bi|g2-9i,5,1,cons,blp,fitted,421,415,415,0.9857482185273159,g2-9i,initial_fit_accuracy,q3-4bi+q3-8bi+l32-3bi+l31-8bi+g2-9i--s70v0--a4d1b917,1.0069462715144009,0.8028503562945368,0.8028503562945368,0.0,0.03648500323516384,0.0539759036144578,-0.01749090037929396,0.9226560788401438,0.8691931016714209,0.053462977168722836,0.8272344200487913,0.6908405411399423,0.13639387890884902,0.1154760567324562,0.13439491298527442,-0.018918856252818222,0.3778834474039595,0.44496209851089646,-0.06707865110693695,0.11552111279203417,0.1319187268104294,-0.016397614018395235,0.037288204683217537,0.03837122248311879,-0.001083017799901255
truthfulqa,q3-4bi|q3-8bi|l32-3bi|l31-8bi|g2-9i,5,1,cons,logistic_pool,fitted,421,415,415,0.9857482185273159,g2-9i,initial_fit_accuracy,q3-4bi+q3-8bi+l32-3bi+l31-8bi+g2-9i--s70v0--a4d1b917,0.9854270988188755,0.8028503562945368,0.8028503562945368,0.0,0.038373935715175875,0.0539759036144578,-0.015601967899281928,0.92206814592217,0.8691931016714209,0.05287504425074907,0.8196015376654099,0.6908405411399423,0.12876099652546757,0.11887078969087135,0.13439491298527442,-0.015524123294403072,0.386641564522167,0.44496209851089646,-0.05832053398872944,0.11884861521277226,0.1319187268104294,-0.013070111597657141,0.03822463014688913,0.03837122248311879,-0.0001465923362296631
truthfulqa,q3-4bi|q3-8bi|l32-3bi|l31-8bi|g2-9i,5,1,cons,blp_equal,fitted,421,415,415,0.9857482185273159,g2-9i,initial_fit_accuracy,q3-4bi+q3-8bi+l32-3bi+l31-8bi+g2-9i--s70v0--a4d1b917,1.0089110088556412,0.8028503562945368,0.8028503562945368,0.0,0.039790631732503655,0.0539759036144578,-0.014185271881954148,0.920378462407067,0.8691931016714209,0.05118536073564606,0.8153507799216382,0.6908405411399423,0.12451023878169587,0.11988792850803287,0.13439491298527442,-0.014506984477241552,0.38837985804435143,0.44496209851089646,-0.05658224046654503,0.11993086102381557,0.1319187268104294,-0.01198786578661383,0.040838455664826655,0.03837122248311879,0.0024672331817078633
truthfulqa,q3-4bi|q3-8bi|l32-3bi|l31-8bi|g2-9i,5,1,cons,kahn_diagonal,fitted,421,415,415,0.9857482185273159,g2-9i,initial_fit_accuracy,q3-4bi+q3-8bi+l32-3bi+l31-8bi+g2-9i--s70v0--a4d1b917,1.7057072475494364,0.8028503562945368,0.8028503562945368,0.0,0.10163684293402647,0.0539759036144578,0.04766093931956867,0.9223148977357954,0.8691931016714209,0.053121796064374505,0.8244437051822281,0.6908405411399423,0.13360316404228578,0.13685722451408808,0.13439491298527442,0.0024623115288136543,0.5074282634327921,0.44496209851089646,0.06246616492189566,0.13088432660087787,0.1319187268104294,-0.0010344002095515337,0.10195314414423573,0.03837122248311879,0.06358192166111694
truthfulqa,q3-4bi|q3-8bi|l32-3bi|l31-8bi|g2-9i,5,1,cons,reference_stream_target,fixed,421,415,415,0.9857482185273159,g2-9i,initial_fit_accuracy,q3-4bi+q3-8bi+l32-3bi+l31-8bi+g2-9i--s70v0--a4d1b917,1.4141502152500247,0.8028503562945368,0.8028503562945368,0.0,0.0539759036144578,0.0539759036144578,0.0,0.8691931016714209,0.8691931016714209,0.0,0.6908405411399423,0.6908405411399423,0.0,0.13439491298527442,0.13439491298527442,0.0,0.44496209851089646,0.44496209851089646,0.0,0.1319187268104294,0.1319187268104294,0.0,0.03837122248311879,0.03837122248311879,0.0
truthfulqa,q3-4bi|q3-8bi|l32-3bi|l31-8bi|g2-9i|phi4mii,6,1,cons,mean,fixed,421,413,413,0.9809976247030879,g2-9i,initial_fit_accuracy,q3-4bi+q3-8bi+l32-3bi+l31-8bi+g2-9i+phi4mii--s70v0--4bab17d3,0.9256589264871585,0.8052256532066508,0.8052256532066508,0.0,0.05907317729342132,0.07163034705407571,-0.012557169760654394,0.9275192224389784,0.8659480601601822,0.06157116227879622,0.8070567725308876,0.6727620707951186,0.13429470173576896,0.12293099647265116,0.13984732311003498,-0.01691632663738382,0.3960016276301739,0.4584155021397849,-0.062413874509611,0.12218121379496939,0.13590010977124303,-0.01371889597627364,0.04570325394582031,0.05592294468962084,-0.010219690743800532
truthfulqa,q3-4bi|q3-8bi|l32-3bi|l31-8bi|g2-9i|phi4mii,6,1,cons,logodds_sum,fixed,421,413,413,0.9809976247030879,g2-9i,initial_fit_accuracy,q3-4bi+q3-8bi+l32-3bi+l31-8bi+g2-9i+phi4mii--s70v0--4bab17d3,6.208642957937375,0.8052256532066508,0.8052256532066508,0.0,0.15005975374055683,0.07163034705407571,0.07842940668648112,0.928893977426523,0.8659480601601822,0.0629459172663408,0.8118509815811416,0.6727620707951186,0.13908891078602292,0.15739717410378984,0.13984732311003498,0.017549850993754862,1.117508880596514,0.4584155021397849,0.6590933784567292,0.12224686906745275,0.13590010977124303,-0.013653240703790287,0.057689489297103824,0.05592294468962084,0.0017665446074829824
truthfulqa,q3-4bi|q3-8bi|l32-3bi|l31-8bi|g2-9i|phi4mii,6,1,cons,logodds_mean,fixed,421,413,413,0.9809976247030879,g2-9i,initial_fit_accuracy,q3-4bi+q3-8bi+l32-3bi+l31-8bi+g2-9i+phi4mii--s70v0--4bab17d3,1.0440535839407852,0.8052256532066508,0.8052256532066508,0.0,0.05250561718634624,0.07163034705407571,-0.01912472986772947,0.928893977426523,0.8659480601601822,0.0629459172663408,0.8118509815811416,0.6727620707951186,0.13908891078602292,0.12183304921124945,0.13984732311003498,-0.01801427389878553,0.3916665321083535,0.4584155021397849,-0.06674897003143138,0.12205729242924555,0.13590010977124303,-0.01384281734199748,0.056622562100494045,0.05592294468962084,0.0006996174108732031
truthfulqa,q3-4bi|q3-8bi|l32-3bi|l31-8bi|g2-9i|phi4mii,6,1,cons,shared_rho,fitted,421,413,413,0.9809976247030879,g2-9i,initial_fit_accuracy,q3-4bi+q3-8bi+l32-3bi+l31-8bi+g2-9i+phi4mii--s70v0--4bab17d3,3.0985110606096877,0.8052256532066508,0.8052256532066508,0.0,0.1266017304430533,0.07163034705407571,0.0549713833889776,0.928893977426523,0.8659480601601822,0.0629459172663408,0.8118509815811416,0.6727620707951186,0.13908891078602292,0.1440907402399466,0.13984732311003498,0.004243417129911636,0.5989629010431905,0.4584155021397849,0.14054739890340562,0.12205729239256803,0.13590010977124303,-0.013842817378675001,0.056622561589924895,0.05592294468962084,0.0006996169003040537
truthfulqa,q3-4bi|q3-8bi|l32-3bi|l31-8bi|g2-9i|phi4mii,6,1,cons,shared_scale,fitted,421,413,413,0.9809976247030879,g2-9i,initial_fit_accuracy,q3-4bi+q3-8bi+l32-3bi+l31-8bi+g2-9i+phi4mii--s70v0--4bab17d3,1.0,0.8052256532066508,0.8052256532066508,0.0,0.056622560076012025,0.07163034705407571,-0.015007786978063688,0.928893977426523,0.8659480601601822,0.0629459172663408,0.8118509815811416,0.6727620707951186,0.13908891078602292,0.12205729228381447,0.13984732311003498,-0.017790030826220507,0.39359538928902693,0.4584155021397849,-0.06482011285075795,0.12205729228381611,0.13590010977124303,-0.013842817487426926,0.056622560076042626,0.05592294468962084,0.0006996153864217841
truthfulqa,q3-4bi|q3-8bi|l32-3bi|l31-8bi|g2-9i|phi4mii,6,1,cons,kahn,fitted,421,413,413,0.9809976247030879,g2-9i,initial_fit_accuracy,q3-4bi+q3-8bi+l32-3bi+l31-8bi+g2-9i+phi4mii--s70v0--4bab17d3,1.2518252785220658,0.8052256532066508,0.8052256532066508,0.0,0.07935726990394189,0.07163034705407571,0.007726922849866175,0.9359254883436722,0.8659480601601822,0.06997742818348995,0.8430796634578943,0.6727620707951186,0.17031759266277569,0.12045955415917932,0.13984732311003498,-0.019387768950855658,0.3866984822624469,0.4584155021397849,-0.07171701987733797,0.118215410202142,0.13590010977124303,-0.01768469956910103,0.07452280747119931,0.05592294468962084,0.01859986278157847
truthfulqa,q3-4bi|q3-8bi|l32-3bi|l31-8bi|g2-9i|phi4mii,6,1,cons,blp,fitted,421,413,413,0.9809976247030879,g2-9i,initial_fit_accuracy,q3-4bi+q3-8bi+l32-3bi+l31-8bi+g2-9i+phi4mii--s70v0--4bab17d3,1.0078929928197644,0.8052256532066508,0.8052256532066508,0.0,0.04771073976720094,0.07163034705407571,-0.023919607286874776,0.9422440004994674,0.8659480601601822,0.07629594033928522,0.8512658227848101,0.6727620707951186,0.17850375198969148,0.11344116860958715,0.13984732311003498,-0.026406154500447823,0.35843750750040293,0.4584155021397849,-0.09997799463938195,0.1134322746470209,0.13590010977124303,-0.022467835124222138,0.04842437565387802,0.05592294468962084,-0.007498569035742822
truthfulqa,q3-4bi|q3-8bi|l32-3bi|l31-8bi|g2-9i|phi4mii,6,1,cons,logistic_pool,fitted,421,413,413,0.9809976247030879,g2-9i,initial_fit_accuracy,q3-4bi+q3-8bi+l32-3bi+l31-8bi+g2-9i+phi4mii--s70v0--4bab17d3,0.9816294525993973,0.8052256532066508,0.8052256532066508,0.0,0.07415297032924943,0.07163034705407571,0.0025226232751737188,0.9346558344583609,0.8659480601601822,0.06870777429817865,0.8359925718183885,0.6727620707951186,0.16323050102326986,0.11896566302964938,0.13984732311003498,-0.020881660080385597,0.3784401846991412,0.4584155021397849,-0.07997531744064368,0.11905918209774971,0.13590010977124303,-0.016840927673493322,0.07389753702643023,0.05592294468962084,0.01797459233680939
truthfulqa,q3-4bi|q3-8bi|l32-3bi|l31-8bi|g2-9i|phi4mii,6,1,cons,blp_equal,fitted,421,413,413,0.9809976247030879,g2-9i,initial_fit_accuracy,q3-4bi+q3-8bi+l32-3bi+l31-8bi+g2-9i+phi4mii--s70v0--4bab17d3,1.0074056516093728,0.8052256532066508,0.8052256532066508,0.0,0.045139221983440704,0.07163034705407571,-0.02649112507063501,0.9275192224389784,0.8659480601601822,0.06157116227879622,0.8070567725308876,0.6727620707951186,0.13429470173576896,0.12346295027373551,0.13984732311003498,-0.01638437283629947,0.39333223140188245,0.4584155021397849,-0.06508327073790243,0.12349753628121429,0.13590010977124303,-0.01240257349002874,0.04588646614648207,0.05592294468962084,-0.010036478543138772
truthfulqa,q3-4bi|q3-8bi|l32-3bi|l31-8bi|g2-9i|phi4mii,6,1,cons,kahn_diagonal,fitted,421,413,413,0.9809976247030879,g2-9i,initial_fit_accuracy,q3-4bi+q3-8bi+l32-3bi+l31-8bi+g2-9i+phi4mii--s70v0--4bab17d3,1.860903908159336,0.8052256532066508,0.8052256532066508,0.0,0.12268025230440197,0.07163034705407571,0.05104990525032625,0.9356774241072087,0.8659480601601822,0.06972936394702645,0.8341355264155234,0.6727620707951186,0.16137345562040473,0.14503478115650012,0.13984732311003498,0.005187458046465143,0.5247717385830973,0.4584155021397849,0.06635623644331246,0.13573293613723242,0.13590010977124303,-0.00016717363401061447,0.11417113734353193,0.05592294468962084,0.05824819265391109
truthfulqa,q3-4bi|q3-8bi|l32-3bi|l31-8bi|g2-9i|phi4mii,6,1,cons,reference_stream_target,fixed,421,413,413,0.9809976247030879,g2-9i,initial_fit_accuracy,q3-4bi+q3-8bi+l32-3bi+l31-8bi+g2-9i+phi4mii--s70v0--4bab17d3,1.5055903231941394,0.8052256532066508,0.8052256532066508,0.0,0.07163034705407571,0.07163034705407571,0.0,0.8659480601601822,0.8659480601601822,0.0,0.6727620707951186,0.6727620707951186,0.0,0.13984732311003498,0.13984732311003498,0.0,0.4584155021397849,0.4584155021397849,0.0,0.13590010977124303,0.13590010977124303,0.0,0.05592294468962084,0.05592294468962084,0.0
truthfulqa,q3-8bi|g2-9i|phi4mii,3,1,cons,mean,fixed,421,417,417,0.9904988123515439,g2-9i,initial_fit_accuracy,q3-8bi+g2-9i+phi4mii--s70v0--f61570f3,1.2968666118428034,0.7743467933491687,0.7743467933491687,0.0,0.03914201971774822,0.051358912869704114,-0.012216893151955892,0.897806640757739,0.871059448525527,0.026747192232212003,0.7971246544866176,0.7387076114069979,0.0584170430796197,0.12868697634484705,0.13337663202771116,-0.004689655682864113,0.41259530287917556,0.4366777582261147,-0.024082455346939147,0.1299479595544944,0.1334254257089768,-0.0034774661544824115,0.06452752406408603,0.05832544863911761,0.006202075424968423
truthfulqa,q3-8bi|g2-9i|phi4mii,3,1,cons,logodds_sum,fixed,421,417,417,0.9904988123515439,g2-9i,initial_fit_accuracy,q3-8bi+g2-9i+phi4mii--s70v0--f61570f3,4.045779061214651,0.7743467933491687,0.7743467933491687,0.0,0.1560479120809184,0.051358912869704114,0.10468899921121427,0.8979874839247359,0.871059448525527,0.02692803539920896,0.7980010786759253,0.7387076114069979,0.05929346726892737,0.15642234163485397,0.13337663202771116,0.023045709607142806,0.7611754498823301,0.4366777582261147,0.3244976916562154,0.13034609959627982,0.1334254257089768,-0.003079326112696984,0.07755114621115608,0.05832544863911761,0.019225697572038472
truthfulqa,q3-8bi|g2-9i|phi4mii,3,1,cons,logodds_mean,fixed,421,417,417,0.9904988123515439,g2-9i,initial_fit_accuracy,q3-8bi+g2-9i+phi4mii--s70v0--f61570f3,1.3485930396111996,0.7743467933491687,0.7743467933491687,0.0,0.054817686128796166,0.051358912869704114,0.0034587732590920517,0.8979874839247359,0.871059448525527,0.02692803539920896,0.7980010786759253,0.7387076114069979,0.05929346726892737,0.1297183688446876,0.13337663202771116,-0.0036582631830235635,0.4155071140086249,0.4366777582261147,-0.02117064421748982,0.13034609980735182,0.1334254257089768,-0.0030793259016249908,0.07755114791133644,0.05832544863911761,0.01922569927221883
truthfulqa,q3-8bi|g2-9i|phi4mii,3,1,cons,shared_rho,fitted,421,417,417,0.9904988123515439,g2-9i,initial_fit_accuracy,q3-8bi+g2-9i+phi4mii--s70v0--f61570f3,2.5741491720273504,0.7743467933491687,0.7743467933491687,0.0,0.13402521455187275,0.051358912869704114,0.08266630168216862,0.8979874839247359,0.871059448525527,0.02692803539920896,0.7980010786759253,0.7387076114069979,0.05929346726892737,0.14445265616918057,0.13337663202771116,0.01107602414146941,0.5331209329654976,0.4366777582261147,0.09644317473938285,0.1303460997797191,0.1334254257089768,-0.00307932592925772,0.07755114768875557,0.05832544863911761,0.01922569904963796
truthfulqa,q3-8bi|g2-9i|phi4mii,3,1,cons,shared_scale,fitted,421,417,417,0.9904988123515439,g2-9i,initial_fit_accuracy,q3-8bi+g2-9i+phi4mii--s70v0--f61570f3,1.0000000020331465,0.7743467933491687,0.7743467933491687,0.0,0.0775511454448177,0.051358912869704114,0.026192232575113585,0.8979874839247359,0.871059448525527,0.02692803539920896,0.7980010786759253,0.7387076114069979,0.05929346726892737,0.1303460995011555,0.13337663202771116,-0.0030305325265556626,0.42172825630907296,0.4366777582261147,-0.014949501917041752,0.1303460995312894,0.1334254257089768,-0.0030793261776874137,0.07755114568765974,0.05832544863911761,0.01922569704854213
truthfulqa,q3-8bi|g2-9i|phi4mii,3,1,cons,kahn,fitted,421,417,417,0.9904988123515439,g2-9i,initial_fit_accuracy,q3-8bi+g2-9i+phi4mii--s70v0--f61570f3,1.1159318741443125,0.7743467933491687,0.7743467933491687,0.0,0.053997135897793945,0.051358912869704114,0.002638223028089831,0.8992142022360201,0.871059448525527,0.02815475371049314,0.8033438953684352,0.7387076114069979,0.06463628396143728,0.12202132607531238,0.13337663202771116,-0.011355305952398781,0.39996843692214423,0.4366777582261147,-0.03670932130397048,0.12369211055615868,0.1334254257089768,-0.009733315152818126,0.06811604490409212,0.05832544863911761,0.009790596264974513
truthfulqa,q3-8bi|g2-9i|phi4mii,3,1,cons,blp,fitted,421,417,417,0.9904988123515439,g2-9i,initial_fit_accuracy,q3-8bi+g2-9i+phi4mii--s70v0--f61570f3,1.0013789403592173,0.7743467933491687,0.7743467933491687,0.0,0.06931562949665246,0.051358912869704114,0.017956716626948345,0.8990468604359093,0.871059448525527,0.027987411910382343,0.802636014292456,0.7387076114069979,0.06392840288545809,0.1266791036316862,0.13337663202771116,-0.006697528396024971,0.4125158493575128,0.4366777582261147,-0.024161908868601922,0.126702954768477,0.1334254257089768,-0.006722470940499797,0.06947658906983002,0.05832544863911761,0.011151140430712414
truthfulqa,q3-8bi|g2-9i|phi4mii,3,1,cons,logistic_pool,fitted,421,417,417,0.9904988123515439,g2-9i,initial_fit_accuracy,q3-8bi+g2-9i+phi4mii--s70v0--f61570f3,0.9958197254110314,0.7743467933491687,0.7743467933491687,0.0,0.08263365038839082,0.051358912869704114,0.03127473751868671,0.8991578400718653,0.871059448525527,0.02809839154633831,0.8030405177644442,0.7387076114069979,0.06433290635744626,0.12750478846239194,0.13337663202771116,-0.005871843565319224,0.41546047154015825,0.4366777582261147,-0.02121728668595646,0.12743292134955395,0.1334254257089768,-0.005992504359422862,0.08499758888480048,0.05832544863911761,0.026672140245682874
truthfulqa,q3-8bi|g2-9i|phi4mii,3,1,cons,blp_equal,fitted,421,417,417,0.9904988123515439,g2-9i,initial_fit_accuracy,q3-8bi+g2-9i+phi4mii--s70v0--f61570f3,1.0012123083559286,0.7743467933491687,0.7743467933491687,0.0,0.06576801466005297,0.051358912869704114,0.014409101790348856,0.897806640757739,0.871059448525527,0.026747192232212003,0.7971246544866176,0.7387076114069979,0.0584170430796197,0.13027577176331137,0.13337663202771116,-0.0031008602643997907,0.4205303703760053,0.4366777582261147,-0.016147387850109385,0.13029359084499936,0.1334254257089768,-0.003131834863977445,0.06595760832556374,0.05832544863911761,0.0076321596864461355
truthfulqa,q3-8bi|g2-9i|phi4mii,3,1,cons,kahn_diagonal,fitted,421,417,417,0.9904988123515439,g2-9i,initial_fit_accuracy,q3-8bi+g2-9i+phi4mii--s70v0--f61570f3,1.365179289031283,0.7743467933491687,0.7743467933491687,0.0,0.026900147500227796,0.051358912869704114,-0.024458765369476318,0.8986275520157624,0.871059448525527,0.02756810349023542,0.8006809141778467,0.7387076114069979,0.06197330277084878,0.12319252592630309,0.13337663202771116,-0.010184106101408075,0.40450109059174555,0.4366777582261147,-0.03217666763436916,0.1260328069475448,0.1334254257089768,-0.007392618761432018,0.08074139957562516,0.05832544863911761,0.022415950936507556
truthfulqa,q3-8bi|g2-9i|phi4mii,3,1,cons,reference_stream_target,fixed,421,417,417,0.9904988123515439,g2-9i,initial_fit_accuracy,q3-8bi+g2-9i+phi4mii--s70v0--f61570f3,1.625138367434499,0.7743467933491687,0.7743467933491687,0.0,0.051358912869704114,0.051358912869704114,0.0,0.871059448525527,0.871059448525527,0.0,0.7387076114069979,0.7387076114069979,0.0,0.13337663202771116,0.13337663202771116,0.0,0.4366777582261147,0.4366777582261147,0.0,0.1334254257089768,0.1334254257089768,0.0,0.05832544863911761,0.05832544863911761,0.0
truthfulqa,q3-8bi|l31-8bi,2,1,cons,mean,fixed,421,419,419,0.995249406175772,q3-8bi,initial_fit_accuracy,q3-8bi+l31-8bi--s70v0--382b38f2,1.3066560801392497,0.7339667458432304,0.7339667458432304,0.0,0.08518297533788302,0.12987271280827417,-0.04468973747039115,0.8891784283556345,0.8001553367060943,0.08902309164954025,0.8114835614835615,0.6490873990873991,0.1623961623961624,0.15563361840358791,0.1953560063643596,-0.03972238796077168,0.47132675228781934,0.6083542522050882,-0.13702749991726887,0.15425125384851918,0.1796934450171449,-0.025442191168625727,0.09038690798924894,0.04985590849829554,0.040530999490953394
truthfulqa,q3-8bi|l31-8bi,2,1,cons,logodds_sum,fixed,421,419,419,0.995249406175772,q3-8bi,initial_fit_accuracy,q3-8bi+l31-8bi--s70v0--382b38f2,2.759390126054493,0.7339667458432304,0.7339667458432304,0.0,0.17540284759834396,0.12987271280827417,0.04553013479006979,0.8896186636929991,0.8001553367060943,0.08946332698690485,0.8132970632970633,0.6490873990873991,0.1642096642096642,0.19008679175071533,0.1953560063643596,-0.005269214613644269,0.6439938768762266,0.6083542522050882,0.03563962467113835,0.1574512348267738,0.1796934450171449,-0.022242210190371092,0.10763953677403663,0.04985590849829554,0.05778362827574109
truthfulqa,q3-8bi|l31-8bi,2,1,cons,logodds_mean,fixed,421,419,419,0.995249406175772,q3-8bi,initial_fit_accuracy,q3-8bi+l31-8bi--s70v0--382b38f2,1.37969505858798,0.7339667458432304,0.7339667458432304,0.0,0.10151429770251552,0.12987271280827417,-0.02835841510575865,0.8896186636929991,0.8001553367060943,0.08946332698690485,0.8132970632970633,0.6490873990873991,0.1642096642096642,0.16087079785796737,0.1953560063643596,-0.03448520850639222,0.4842480889526718,0.6083542522050882,-0.12410616325241641,0.15745123481424259,0.1796934450171449,-0.02224221020290232,0.10763953668612496,0.04985590849829554,0.057783628187829415
truthfulqa,q3-8bi|l31-8bi,2,1,cons,shared_rho,fitted,421,419,419,0.995249406175772,q3-8bi,initial_fit_accuracy,q3-8bi+l31-8bi--s70v0--382b38f2,2.3437394602963257,0.7339667458432304,0.7339667458432304,0.0,0.1585958170671792,0.12987271280827417,0.028723104258905036,0.8896186636929991,0.8001553367060943,0.08946332698690485,0.8132970632970633,0.6490873990873991,0.1642096642096642,0.1820693639241348,0.1953560063643596,-0.013286642440224788,0.5818168385777961,0.6083542522050882,-0.026537413627292117,0.15745123482270512,0.1796934450171449,-0.022242210194439782,0.10763953674549283,0.04985590849829554,0.05778362824719729
truthfulqa,q3-8bi|l31-8bi,2,1,cons,shared_scale,fitted,421,419,419,0.995249406175772,q3-8bi,initial_fit_accuracy,q3-8bi+l31-8bi--s70v0--382b38f2,0.9999999964585553,0.7339667458432304,0.7339667458432304,0.0,0.10763953602335093,0.12987271280827417,-0.022233176784923245,0.8896186636929991,0.8001553367060943,0.08946332698690485,0.8132970632970633,0.6490873990873991,0.1642096642096642,0.1574512347197594,0.1953560063643596,-0.03790477164460021,0.4820144419951155,0.6083542522050882,-0.1263398102099727,0.15745123470597622,0.1796934450171449,-0.022242210311168686,0.10763953592659453,0.04985590849829554,0.05778362742829899
truthfulqa,q3-8bi|l31-8bi,2,1,cons,kahn,fitted,421,419,419,0.995249406175772,q3-8bi,initial_fit_accuracy,q3-8bi+l31-8bi--s70v0--382b38f2,1.0857623591495307,0.7339667458432304,0.7339667458432304,0.0,0.0892209332554844,0.12987271280827417,-0.04065177955278977,0.8897585056604664,0.8001553367060943,0.08960316895437215,0.8143354393354393,0.6490873990873991,0.16524804024804018,0.15478854760536032,0.1953560063643596,-0.04056745875899928,0.4739854104633582,0.6083542522050882,-0.13436884174173003,0.1550082847161686,0.1796934450171449,-0.02468516030097631,0.09544958824502388,0.04985590849829554,0.04559367974672834
truthfulqa,q3-8bi|l31-8bi,2,1,cons,blp,fitted,421,419,419,0.995249406175772,q3-8bi,initial_fit_accuracy,q3-8bi+l31-8bi--s70v0--382b38f2,0.9989242847114828,0.7339667458432304,0.7339667458432304,0.0,0.09488468048939845,0.12987271280827417,-0.03498803231887572,0.8891921141879309,0.8001553367060943,0.08903677748183658,0.8117321867321867,0.6490873990873991,0.16264478764478763,0.15534983962943885,0.1953560063643596,-0.040006166734920745,0.4756657934483511,0.6083542522050882,-0.13268845875673713,0.15534539619227386,0.1796934450171449,-0.024348048824871044,0.09485080523128475,0.04985590849829554,0.04499489673298921
truthfulqa,q3-8bi|l31-8bi,2,1,cons,logistic_pool,fitted,421,419,419,0.995249406175772,q3-8bi,initial_fit_accuracy,q3-8bi+l31-8bi--s70v0--382b38f2,0.992697014080417,0.7339667458432304,0.7339667458432304,0.0,0.11011400958705254,0.12987271280827417,-0.019758703221221627,0.889744828220767,0.8001553367060943,0.08958949151467266,0.8142769392769392,0.6490873990873991,0.16518954018954013,0.15855892474153185,0.1953560063643596,-0.03679708162282774,0.48427822806515564,0.6083542522050882,-0.12407602413993257,0.15854399374037476,0.1796934450171449,-0.021149451276770148,0.10704981325527431,0.04985590849829554,0.05719390475697877
truthfulqa,q3-8bi|l31-8bi,2,1,cons,blp_equal,fitted,421,419,419,0.995249406175772,q3-8bi,initial_fit_accuracy,q3-8bi+l31-8bi--s70v0--382b38f2,0.9994178062457536,0.7339667458432304,0.7339667458432304,0.0,0.09577440143193311,0.12987271280827417,-0.03409831137634106,0.8891784283556345,0.8001553367060943,0.08902309164954025,0.8114835614835615,0.6490873990873991,0.1623961623961624,0.15551332435675339,0.1953560063643596,-0.03984268200760621,0.47619674216841157,0.6083542522050882,-0.13215751003667664,0.1555108405425944,0.1796934450171449,-0.024182604474550506,0.09575605978480747,0.04985590849829554,0.04590015128651193
truthfulqa,q3-8bi|l31-8bi,2,1,cons,kahn_diagonal,fitted,421,419,419,0.995249406175772,q3-8bi,initial_fit_accuracy,q3-8bi+l31-8bi--s70v0--382b38f2,1.1558569448119977,0.7339667458432304,0.7339667458432304,0.0,0.07860085407697616,0.12987271280827417,-0.05127185873129801,0.8896908670842472,0.8001553367060943,0.08953553037815287,0.8137796887796888,0.6490873990873991,0.16469228969228966,0.15232467014176915,0.1953560063643596,-0.04303133622259045,0.46823253498042194,0.6083542522050882,-0.14012171722466626,0.15293110788261716,0.1796934450171449,-0.026762337134527747,0.08778706639986479,0.04985590849829554,0.03793115790156925
truthfulqa,q3-8bi|l31-8bi,2,1,cons,reference_stream_target,fixed,421,419,419,0.995249406175772,q3-8bi,initial_fit_accuracy,q3-8bi+l31-8bi--s70v0--382b38f2,1.865779748040743,0.7339667458432304,0.7339667458432304,0.0,0.12987271280827417,0.12987271280827417,0.0,0.8001553367060943,0.8001553367060943,0.0,0.6490873990873991,0.6490873990873991,0.0,0.1953560063643596,0.1953560063643596,0.0,0.6083542522050882,0.6083542522050882,0.0,0.1796934450171449,0.1796934450171449,0.0,0.04985590849829554,0.04985590849829554,0.0
truthfulqa,q3-8bi|l31-8bi|g2-9i|phi4mii,4,1,cons,mean,fixed,421,416,416,0.9881235154394299,g2-9i,initial_fit_accuracy,q3-8bi+l31-8bi+g2-9i+phi4mii--s70v0--ea905eaf,1.003848889396802,0.7909738717339667,0.7909738717339667,0.0,0.04014423076906248,0.06450320512820497,-0.024358974359142485,0.913106979207197,0.8625708771292344,0.05053610207796255,0.7818954388984509,0.6844520940906483,0.09744334480780259,0.1347912493322575,0.14463141025641024,-0.009840160924152741,0.4241706651191995,0.4698618504119301,-0.04569118529273064,0.13479411002949376,0.14175093826272483,-0.006956828233231072,0.04007463109222552,0.05993352290949821,-0.01985889181727269
truthfulqa,q3-8bi|l31-8bi|g2-9i|phi4mii,4,1,cons,logodds_sum,fixed,421,416,416,0.9881235154394299,g2-9i,initial_fit_accuracy,q3-8bi+l31-8bi+g2-9i+phi4mii--s70v0--ea905eaf,4.422513790399259,0.7909738717339667,0.7909738717339667,0.0,0.16519684711960328,0.06450320512820497,0.10069364199139831,0.9131007890530048,0.8625708771292344,0.05052991192377043,0.7818595811818704,0.6844520940906483,0.09740748709122204,0.17251743445587814,0.14463141025641024,0.027886024199467896,0.9494048617715314,0.4698618504119301,0.47954301135960126,0.13607445950102454,0.14175093826272483,-0.005676478761700299,0.048244808834375534,0.05993352290949821,-0.011688714075122675
truthfulqa,q3-8bi|l31-8bi|g2-9i|phi4mii,4,1,cons,logodds_mean,fixed,421,416,416,0.9881235154394299,g2-9i,initial_fit_accuracy,q3-8bi+l31-8bi+g2-9i+phi4mii--s70v0--ea905eaf,1.1056284456322574,0.7909738717339667,0.7909738717339667,0.0,0.06237270099326923,0.06450320512820497,-0.0021305041349357415,0.9131007890530048,0.8625708771292344,0.05052991192377043,0.7818595811818704,0.6844520940906483,0.09740748709122204,0.1364550946633505,0.14463141025641024,-0.00817631559305973,0.42884705680231855,0.4698618504119301,-0.04101479360961158,0.13607445950035674,0.14175093826272483,-0.005676478762368098,0.04824480867651681,0.05993352290949821,-0.011688714232981401
truthfulqa,q3-8bi|l31-8bi|g2-9i|phi4mii,4,1,cons,shared_rho,fitted,421,416,416,0.9881235154394299,g2-9i,initial_fit_accuracy,q3-8bi+l31-8bi+g2-9i+phi4mii--s70v0--ea905eaf,2.7603386017168416,0.7909738717339667,0.7909738717339667,0.0,0.14593291081722123,0.06450320512820497,0.08142970568901627,0.9131007890530048,0.8625708771292344,0.05052991192377043,0.7818595811818704,0.6844520940906483,0.09740748709122204,0.16053673690372794,0.14463141025641024,0.015905326647317697,0.6345129758062154,0.4698618504119301,0.16465112539428522,0.1360744594976926,0.14175093826272483,-0.005676478765032245,0.04824480804643112,0.05993352290949821,-0.011688714863067086
truthfulqa,q3-8bi|l31-8bi|g2-9i|phi4mii,4,1,cons,shared_scale,fitted,421,416,416,0.9881235154394299,g2-9i,initial_fit_accuracy,q3-8bi+l31-8bi+g2-9i+phi4mii--s70v0--ea905eaf,1.0000000215273408,0.7909738717339667,0.7909738717339667,0.0,0.04824480789792303,0.06450320512820497,-0.01625839723028194,0.9131007890530048,0.8625708771292344,0.05052991192377043,0.7818595811818704,0.6844520940906483,0.09740748709122204,0.13607445949707736,0.14463141025641024,-0.008556950759332882,0.4295770562196632,0.4698618504119301,-0.04028479419226694,0.1360744595051377,0.14175093826272483,-0.0056764787575871445,0.048244809807250204,0.05993352290949821,-0.011688713102248005
truthfulqa,q3-8bi|l31-8bi|g2-9i|phi4mii,4,1,cons,kahn,fitted,421,416,416,0.9881235154394299,g2-9i,initial_fit_accuracy,q3-8bi+l31-8bi+g2-9i+phi4mii--s70v0--ea905eaf,1.200986426773102,0.7909738717339667,0.7909738717339667,0.0,0.06326704964568752,0.06450320512820497,-0.0012361554825174453,0.9116599616761699,0.8625708771292344,0.0490890845469355,0.7788475329890993,0.6844520940906483,0.09439543889845092,0.14252518381637874,0.14463141025641024,-0.0021062264400315,0.4565811998749286,0.4698618504119301,-0.013280650537001504,0.14066666944472067,0.14175093826272483,-0.0010842688180041637,0.06990563582185656,0.05993352290949821,0.009972112912358354
truthfulqa,q3-8bi|l31-8bi|g2-9i|phi4mii,4,1,cons,blp,fitted,421,416,416,0.9881235154394299,g2-9i,initial_fit_accuracy,q3-8bi+l31-8bi+g2-9i+phi4mii--s70v0--ea905eaf,1.0013865592883857,0.7909738717339667,0.7909738717339667,0.0,0.05207155406821395,0.06450320512820497,-0.012431651059991021,0.9125287740535246,0.8625708771292344,0.0499578969242902,0.7816444348823867,0.6844520940906483,0.09719234079173833,0.13552947652556582,0.14463141025641024,-0.00910193373084442,0.428025424056473,0.4698618504119301,-0.041836426355457146,0.13552963252785796,0.14175093826272483,-0.006221305734866872,0.05215139229211967,0.05993352290949821,-0.007782130617378542
truthfulqa,q3-8bi|l31-8bi|g2-9i|phi4mii,4,1,cons,logistic_pool,fitted,421,416,416,0.9881235154394299,g2-9i,initial_fit_accuracy,q3-8bi+l31-8bi+g2-9i+phi4mii--s70v0--ea905eaf,0.9867107166058544,0.7909738717339667,0.7909738717339667,0.0,0.06402319557990382,0.06450320512820497,-0.00048000954830114406,0.9113805567399911,0.8625708771292344,0.04880967961075666,0.7770905048766494,0.6844520940906483,0.0926384107860011,0.13694741490198722,0.14463141025641024,-0.007683995354423018,0.4330149071235787,0.4698618504119301,-0.03684694328835142,0.1369908482217589,0.14175093826272483,-0.0047600900409659475,0.06330976956475466,0.05993352290949821,0.0033762466552564527
truthfulqa,q3-8bi|l31-8bi|g2-9i|phi4mii,4,1,cons,blp_equal,fitted,421,416,416,0.9881235154394299,g2-9i,initial_fit_accuracy,q3-8bi+l31-8bi+g2-9i+phi4mii--s70v0--ea905eaf,1.0078851862343707,0.7909738717339667,0.7909738717339667,0.0,0.045542541409634645,0.06450320512820497,-0.018960663718570324,0.913106979207197,0.8625708771292344,0.05053610207796255,0.7818954388984509,0.6844520940906483,0.09744334480780259,0.1371256886847942,0.14463141025641024,-0.007505721571616053,0.43165812279786964,0.4698618504119301,-0.03820372761406049,0.1371201535590994,0.14175093826272483,-0.004630784703625435,0.045749598886098655,0.05993352290949821,-0.014183924023399554
truthfulqa,q3-8bi|l31-8bi|g2-9i|phi4mii,4,1,cons,kahn_diagonal,fitted,421,416,416,0.9881235154394299,g2-9i,initial_fit_accuracy,q3-8bi+l31-8bi+g2-9i+phi4mii--s70v0--ea905eaf,1.5325959769057738,0.7909738717339667,0.7909738717339667,0.0,0.10323483213676204,0.06450320512820497,0.038731627008557076,0.9126694129036389,0.8625708771292344,0.050098535774404485,0.7817161503155479,0.6844520940906483,0.09726405622489953,0.15481942028973114,0.14463141025641024,0.010188010033320899,0.531841861881751,0.4698618504119301,0.06198001146982085,0.14820780162728386,0.14175093826272483,0.006456863364559029,0.09128007282249236,0.05993352290949821,0.03134654991299415
truthfulqa,q3-8bi|l31-8bi|g2-9i|phi4mii,4,1,cons,reference_stream_target,fixed,421,416,416,0.9881235154394299,g2-9i,initial_fit_accuracy,q3-8bi+l31-8bi+g2-9i+phi4mii--s70v0--ea905eaf,1.5860877352591773,0.7909738717339667,0.7909738717339667,0.0,0.06450320512820497,0.06450320512820497,0.0,0.8625708771292344,0.8625708771292344,0.0,0.6844520940906483,0.6844520940906483,0.0,0.14463141025641024,0.14463141025641024,0.0,0.4698618504119301,0.4698618504119301,0.0,0.14175093826272483,0.14175093826272483,0.0,0.05993352290949821,0.05993352290949821,0.0
truthfulqa,q3-8bi|l31-8bi|g3-12i|phi4mii,4,1,cons,mean,fixed,421,419,419,0.995249406175772,q3-8bi,initial_fit_accuracy,q3-8bi+l31-8bi+g3-12i+phi4mii--s70v0--77aa1643,1.1900367411431874,0.7458432304038005,0.7458432304038005,0.0,0.0779634049322506,0.10083532219570425,-0.022871917263453653,0.9160539610226385,0.8244542222044984,0.0915997388181401,0.8359605762854904,0.6863433600578697,0.1496172162276207,0.14342183770882158,0.1685726597719438,-0.02515082206312222,0.44030610202948056,0.5349921057003717,-0.09468600367089114,0.1442937518061624,0.16076864044118125,-0.016474888635018836,0.07205948295790232,0.05645689882282568,0.01560258413507664
truthfulqa,q3-8bi|l31-8bi|g3-12i|phi4mii,4,1,cons,logodds_sum,fixed,421,419,419,0.995249406175772,q3-8bi,initial_fit_accuracy,q3-8bi+l31-8bi+g3-12i+phi4mii--s70v0--77aa1643,5.077115069476064,0.7458432304038005,0.7458432304038005,0.0,0.18549546856775165,0.10083532219570425,0.0846601463720474,0.9165868100031298,0.8244542222044984,0.09213258779863143,0.8378744951473869,0.6863433600578697,0.1515311350895172,0.1902875938281878,0.1685726597719438,0.021714934056244,0.9545102226088653,0.5349921057003717,0.4195181169084936,0.14583894387770258,0.16076864044118125,-0.014929696563478673,0.09189983552971442,0.05645689882282568,0.03544293670688874
truthfulqa,q3-8bi|l31-8bi|g3-12i|phi4mii,4,1,cons,logodds_mean,fixed,421,419,419,0.995249406175772,q3-8bi,initial_fit_accuracy,q3-8bi+l31-8bi+g3-12i+phi4mii--s70v0--77aa1643,1.2692787740278069,0.7458432304038005,0.7458432304038005,0.0,0.09670627613390213,0.10083532219570425,-0.004129046061802116,0.9165868100031298,0.8244542222044984,0.09213258779863143,0.8378744951473869,0.6863433600578697,0.1515311350895172,0.14601999646282093,0.1685726597719438,-0.022552663309122867,0.4478577773569243,0.5349921057003717,-0.08713432834344742,0.14583894392777927,0.16076864044118125,-0.01492969651340198,0.09189983581537513,0.05645689882282568,0.03544293699254945
truthfulqa,q3-8bi|l31-8bi|g3-12i|phi4mii,4,1,cons,shared_rho,fitted,421,419,419,0.995249406175772,q3-8bi,initial_fit_accuracy,q3-8bi+l31-8bi+g3-12i+phi4mii--s70v0--77aa1643,2.652699110932331,0.7458432304038005,0.7458432304038005,0.0,0.14617881338932215,0.10083532219570425,0.0453434911936179,0.9165868100031298,0.8244542222044984,0.09213258779863143,0.8378744951473869,0.6863433600578697,0.1515311350895172,0.16829812009963094,0.1685726597719438,-0.00027453967231286236,0.5714624696429834,0.5349921057003717,0.03647036394261172,0.14583894384485876,0.16076864044118125,-0.014929696596322484,0.09189983534235872,0.05645689882282568,0.03544293651953304
truthfulqa,q3-8bi|l31-8bi|g3-12i|phi4mii,4,1,cons,shared_scale,fitted,421,419,419,0.995249406175772,q3-8bi,initial_fit_accuracy,q3-8bi+l31-8bi+g3-12i+phi4mii--s70v0--77aa1643,1.0,0.7458432304038005,0.7458432304038005,0.0,0.09189983380874689,0.10083532219570425,-0.00893548838695736,0.9165868100031298,0.8244542222044984,0.09213258779863143,0.8378744951473869,0.6863433600578697,0.1515311350895172,0.14583894357602792,0.1685726597719438,-0.022733716195915882,0.4539747478663122,0.5349921057003717,-0.0810173578340595,0.1458389435760234,0.16076864044118125,-0.014929696865157854,0.09189983380879932,0.05645689882282568,0.03544293498597364
truthfulqa,q3-8bi|l31-8bi|g3-12i|phi4mii,4,1,cons,kahn,fitted,421,419,419,0.995249406175772,q3-8bi,initial_fit_accuracy,q3-8bi+l31-8bi+g3-12i+phi4mii--s70v0--77aa1643,1.1435656113039152,0.7458432304038005,0.7458432304038005,0.0,0.059707373894684904,0.10083532219570425,-0.041127948301019346,0.9157061081603536,0.8244542222044984,0.0912518859558552,0.8362167701488938,0.6863433600578697,0.14987341009102417,0.13985802387447058,0.1685726597719438,-0.028714635897473223,0.4359626874210565,0.5349921057003717,-0.09902941827931522,0.14028299588720985,0.16076864044118125,-0.020485644553971394,0.042532266045933846,0.05645689882282568,-0.013924632776891835
truthfulqa,q3-8bi|l31-8bi|g3-12i|phi4mii,4,1,cons,blp,fitted,421,419,419,0.995249406175772,q3-8bi,initial_fit_accuracy,q3-8bi+l31-8bi+g3-12i+phi4mii--s70v0--77aa1643,1.00218160443643,0.7458432304038005,0.7458432304038005,0.0,0.049351702426790045,0.10083532219570425,-0.051483619768914204,0.9079532066077327,0.8244542222044984,0.08349898440323433,0.8252305744770632,0.6863433600578697,0.1388872144191935,0.14358601550992675,0.1685726597719438,-0.02498664426201705,0.4457440411996366,0.5349921057003717,-0.08924806450073508,0.14360226693125108,0.16076864044118125,-0.017166373509930166,0.04958211415733681,0.05645689882282568,-0.006874784665488874
truthfulqa,q3-8bi|l31-8bi|g3-12i|phi4mii,4,1,cons,logistic_pool,fitted,421,419,419,0.995249406175772,q3-8bi,initial_fit_accuracy,q3-8bi+l31-8bi+g3-12i+phi4mii--s70v0--77aa1643,0.9880494963285896,0.7458432304038005,0.7458432304038005,0.0,0.043101574606701665,0.10083532219570425,-0.057733747589002585,0.915680389946121,0.8244542222044984,0.09122616774162262,0.8360057869672675,0.6863433600578697,0.1496624269093978,0.14046061415481806,0.1685726597719438,-0.02811204561712574,0.44010549060293047,0.5349921057003717,-0.09488661509744123,0.1403593849113558,0.16076864044118125,-0.02040925552982545,0.038283360556539456,0.05645689882282568,-0.018173538266286225
truthfulqa,q3-8bi|l31-8bi|g3-12i|phi4mii,4,1,cons,blp_equal,fitted,421,419,419,0.995249406175772,q3-8bi,initial_fit_accuracy,q3-8bi+l31-8bi+g3-12i+phi4mii--s70v0--77aa1643,1.0006279071425204,0.7458432304038005,0.7458432304038005,0.0,0.06962807017092607,0.10083532219570425,-0.031207252024778184,0.9160539610226385,0.8244542222044984,0.0915997388181401,0.8359605762854904,0.6863433600578697,0.1496172162276207,0.14398733606544614,0.1685726597719438,-0.024585323706497658,0.4475467845834181,0.5349921057003717,-0.08744532111695358,0.14399497330637118,0.16076864044118125,-0.016773667134810072,0.06965016905687542,0.05645689882282568,0.013193270234049738
truthfulqa,q3-8bi|l31-8bi|g3-12i|phi4mii,4,1,cons,kahn_diagonal,fitted,421,419,419,0.995249406175772,q3-8bi,initial_fit_accuracy,q3-8bi+l31-8bi+g3-12i+phi4mii--s70v0--77aa1643,1.6436762729911534,0.7458432304038005,0.7458432304038005,0.0,0.0641097531378043,0.10083532219570425,-0.03672556905789995,0.9168207456615131,0.8244542222044984,0.09236652345701468,0.8408584001446742,0.6863433600578697,0.1545150400868045,0.1422482516774338,0.1685726597719438,-0.026324408094510005,0.4475197874318752,0.5349921057003717,-0.0874723182684965,0.14097248511866195,0.16076864044118125,-0.0197961553225193,0.07740298465670914,0.05645689882282568,0.02094608583388346
truthfulqa,q3-8bi|l31-8bi|g3-12i|phi4mii,4,1,cons,reference_stream_target,fixed,421,419,419,0.995249406175772,q3-8bi,initial_fit_accuracy,q3-8bi+l31-8bi+g3-12i+phi4mii--s70v0--77aa1643,1.8549455941454838,0.7458432304038005,0.7458432304038005,0.0,0.10083532219570425,0.10083532219570425,0.0,0.8244542222044984,0.8244542222044984,0.0,0.6863433600578697,0.6863433600578697,0.0,0.1685726597719438,0.1685726597719438,0.0,0.5349921057003717,0.5349921057003717,0.0,0.16076864044118125,0.16076864044118125,0.0,0.05645689882282568,0.05645689882282568,0.0
